path,root,title,chars,bytes,lines,h1Count,headings,tables,footnoteDefs,footnoteRefs,images,externalUrls,externalMarkdownLinks,internalMarkdownLinks,replacementChars,frontmatter,sourceFields,exactHash,canonicalHash,empty,veryShort,veryLong,sourceRisk,externalModelSource,includedBy
content/articles/buffett/巴菲特_你应该了解珠宝生意.md,content/articles/buffett,巴菲特: 你应该了解珠宝生意,1791,5085,32,1,1,0,0,0,0,0,0,0,0,false,,f5f98a360e6350515efa97a183d729bc8dcabaf4991fca3f6bf0ca36ddbe3cc5,e794b45a84d5bf65f7a9c2a80938e975bad7a11c303eebe8230311e039ba021d,false,false,false,false,false,buffett
content/articles/buffett/巴菲特：500_亿美元的决定.md,content/articles/buffett,巴菲特：500 亿美元的决定,2113,6088,24,1,1,0,0,0,0,0,0,0,0,false,,7150efdffd3c7eea99cd91380311225dfd837bab2d719e03f121f487c3e8a4eb,480eef5dd4c22f8ad4a13c3783e2d0afea4052bb4e9cd51ff94fe2b24191f6dd,false,false,false,false,false,buffett
content/articles/buffett/巴菲特：保险业的_FDIC_2001.md,content/articles/buffett,巴菲特：保险业的 FDIC 2001,1731,5011,24,1,1,0,0,0,0,0,0,0,0,false,,ddb11a3460b73b2bdd916b4fab9308b52771651da5512b70061735097742d2ea,5b6cba1362df4d902f1cade47f7ca3f73336f35e78689eb5c9d63637b5b805c9,false,false,false,false,false,buffett
content/articles/buffett/巴菲特：给保尔森的信_2008.md,content/articles/buffett,巴菲特：给保尔森的信 2008,2504,6670,44,1,1,0,0,0,0,0,0,0,0,false,,2f60bf454c2ddbdde7bcd4814e4c45b68d960a565d27590c5e250b7d8eade9f0,83ae939d9916130fbd1ff96523f53221ecff6cf43395ca5eebf4d5a324679ac3,false,false,false,false,false,buffett
content/articles/buffett/巴菲特：给全体经理人备忘录_2001.md,content/articles/buffett,巴菲特：给全体经理人备忘录 2001,761,2179,20,1,1,0,0,0,0,0,0,0,0,false,,2cb991772c289cb529b0955751dd614a1e153ce0123612702677a13b320460cb,1689d7f8f2c36a74ea1a693c59688ebdcf7bb9747ada29a03409f5bba56836e8,false,true,false,false,false,buffett
content/articles/buffett/巴菲特：给全体经理人备忘录_2006.md,content/articles/buffett,巴菲特：给全体经理人备忘录 2006,821,2310,20,1,1,0,0,0,0,0,0,0,0,false,,1f19f9aea341b69b7b53cbb49f2864eec76726342c6bc10de9513993829d68d0,11ecf9d6463482ebb41c5c695b340fc41a7882cf2a1be90604b8d26b3f2e4383,false,false,false,false,false,buffett
content/articles/buffett/巴菲特：给全体经理人备忘录_2010.md,content/articles/buffett,巴菲特：给全体经理人备忘录 2010,1994,5737,24,1,1,0,0,0,0,0,0,0,0,false,,abb880385860e649de15b84dfd36b89a685da960e8ceabcdc32137dff8420cfb,3f02b69529644837d8fe36cd4ec9f90382a235a772b114b0d2047b10586b5336,false,false,false,false,false,buffett
content/articles/buffett/巴菲特：给全体经理人备忘录_2014.md,content/articles/buffett,巴菲特：给全体经理人备忘录 2014,1992,5715,28,1,1,0,0,0,0,0,0,0,0,false,,e19f910415366c9a67e103deb92bf27d63f9d0f37e34545518bd3807f81a031c,be7985bd8b765fdaf497eafc5fb7f013252b0055435313c2c1f66c308b77c87a,false,false,false,false,false,buffett
content/articles/buffett/巴菲特：股票期权与常识_2002.md,content/articles/buffett,巴菲特：股票期权与常识 2002,9988,27697,134,1,1,0,0,0,0,0,0,0,0,false,,ac3dda973a03dce68fa8ccfa0d997d148122d251d8f1156f4baeeb9a1de7a621,54cd07a7f99c8fbaced62e3d27e66492da3a324289050c104da32940aebf2d84,false,false,false,false,false,buffett
content/articles/buffett/巴菲特：股息巫术_2003.md,content/articles/buffett,巴菲特：股息巫术 2003,1815,5047,26,1,1,0,0,0,0,0,0,0,0,false,,05edf3a2984ff7b1a4873b19987faecb4bdb1b7f383cc51c483f771ce35319d3,d21c623824bb1c11b1ed7eaca3dd7b4ec759bd2e7f6c745c9dc145530194f416,false,false,false,false,false,buffett
content/articles/buffett/巴菲特：关于游牧者基金_2014.md,content/articles/buffett,巴菲特：关于游牧者基金 2014,720,1864,24,1,1,0,0,0,0,0,0,0,0,false,,d7138236497be28b50b8f257e2e6127abe88db9c2c1f6066564a6df452c3851b,70221a07bcb66dd854921115b85dfe2344238744b7b840f812dbb8cf01024338,false,true,false,false,false,buffett
content/articles/buffett/巴菲特：怀念恩师格雷厄姆_1976.md,content/articles/buffett,巴菲特：怀念恩师格雷厄姆 1976,919,2661,20,1,1,0,0,0,0,0,0,0,0,false,,fb40dff604e26b151f904457591cce72051858a436f171a7190c27d0e9b22601,49640542e80d8f696b1dd0fb57a2187c9da52e4a5db650ce1b59b797ffcfabb2,false,false,false,false,false,buffett
content/articles/buffett/巴菲特：怀念恩师格雷厄姆_2008.md,content/articles/buffett,巴菲特：怀念恩师格雷厄姆 2008,6172,17568,110,1,1,0,0,0,0,0,0,0,0,false,,9d636e04ad09e605af2186fee208009628a2207432786afbde4679a957a93fe7,5aeca148fd64f8e789172a335173feef4ae2aeac5861eaf61f4ec459acff0815,false,false,false,false,false,buffett
content/articles/buffett/巴菲特：回忆进入证券行业_2005.md,content/articles/buffett,巴菲特：回忆进入证券行业 2005,1481,3951,28,1,1,0,0,0,0,0,0,0,0,false,,bce2acdf2f11c1a7d0d8a195d836afb514478a031e7e3373be5e595bf689b413,fb7be4d2cbbf4ab76304a8e221a0f5b6fab5005dec36e33c9aa8f7c9047d3c5e,false,false,false,false,false,buffett
content/articles/buffett/巴菲特：扩大所得税抵免比提高最低工资更好.md,content/articles/buffett,巴菲特：扩大所得税抵免比提高最低工资更好,1834,5218,36,1,1,0,0,0,0,0,0,0,0,false,,aa3fb84edd03913c19b3af380681ad80714cc07b948207cf29de5e341c81b561,c2fca138360a4338dd40c207855faeda353a4e10a3cd4c70b62cd1e0732c6aa4,false,false,false,false,false,buffett
content/articles/buffett/巴菲特：买入美国正当时_2008.md,content/articles/buffett,巴菲特：买入美国正当时 2008,1718,4528,30,1,1,0,0,0,0,0,0,0,0,false,,cba5ee412cf9a6d71d168bf46a1591e3e4fd0becbec58276f717c06c82e3beb7,3767598eb4fcd125c2aff296426bccc6dcd5db8c800951d9c48a6868bb80b7b4,false,false,false,false,false,buffett
content/articles/buffett/巴菲特：美国的未来_2017.md,content/articles/buffett,巴菲特：美国的未来 2017,1821,5006,34,1,1,0,0,0,0,0,0,0,0,false,,2b9f19c68fbe623f0986693fb8f4fa281abf76ebfff7bf0b4747a3243c301224,98e97612b201aeb4ac48ecf6c5f8524f813ecbfb21b3de99428eec78a13e3066,false,false,false,false,false,buffett
content/articles/buffett/巴菲特：美元效应_2009.md,content/articles/buffett,巴菲特：美元效应 2009,1894,5367,42,1,1,0,0,0,0,0,0,0,0,false,,f99ed91c020d3ded0032ca51a1e7cd60d3d16b131b84c4420d2f184fc9af6106,0de12d24298883f4bb0008888edf73d43183ebd6b5e13f5ded749d5920b66ecd,false,false,false,true,false,buffett
content/articles/buffett/巴菲特：模糊数学与股票期权_2004.md,content/articles/buffett,巴菲特：模糊数学与股票期权 2004,1736,4923,28,1,1,0,0,0,0,0,0,0,0,false,,791a3d4bf0e27845ccbafc810822607e22b8765863b8a538eddad4026b5fa9c8,82a66f70d9bbafdaf0860409c01ebd6de64e374dab015b8110b8f01f3bdbcd32,false,false,false,false,false,buffett
content/articles/buffett/巴菲特：谁是真正的账房先生.md,content/articles/buffett,巴菲特：谁是真正的账房先生,1659,4517,36,1,1,0,0,0,0,0,0,0,0,false,,a7a2966cdf39c6c946c46ca5fb2e08cc97a0a14c1fb4ce26461d6d92fde4a8a5,60c87ad38562705198536783293fe356f7245387a1e67e3e7f55bb5e9c9616d2,false,false,false,false,false,buffett
content/articles/buffett/巴菲特：收购_BNSF_铁路.md,content/articles/buffett,巴菲特：收购 BNSF 铁路,17184,49528,484,1,1,0,0,0,0,0,0,0,0,false,,3b0591c3ee8b6d32a212ec4e2e9d8b1dc11faeb33ff9d8cc3669ba4e2ae95b01,8e36518d5fc8af7fbf9aa6cc550341a95dfefe740ea0bf4ce267c8d670cc32ef,false,false,false,false,false,buffett
content/articles/buffett/巴菲特：我为什么不看好美元_2003.md,content/articles/buffett,巴菲特：我为什么不看好美元 2003,8123,23622,94,1,1,0,0,0,0,0,0,0,0,false,,15882b98c1b46bf961ae1f6d0a0d9defcff6099faac4c515f17d657339bb22bc,5d4b13bc28eac865be0c94537cba2f9454189e20de02ab11489acb2f0466f127,false,false,false,true,false,buffett
content/articles/buffett/巴菲特估值逻辑.md,content/articles/buffett,巴菲特估值逻辑,9181,26779,124,1,3,0,0,0,0,0,0,0,0,false,,208f45c0512db4f0269eb52f3d028764d84aacae911d6f8c4b2c7aee0f2d65cd,686b3bac0b965de5731aa98d05ec9e9a0d24f70c6a7481f624ef8a4e5bfefb4c,false,false,false,false,false,
content/articles/buffett/巴菲特合伙公司时代.md,content/articles/buffett,巴菲特合伙公司时代,1601,3428,43,1,1,0,0,0,0,0,0,0,0,false,,870439550dd2cb0b927c599deef9be1e09692332cdaf3ae246a19cab54601b4e,85becc3eba0872360c52188aab5d125e0cecc9b96480756b4e5395bce020c085,false,false,false,false,false,
content/articles/buffett/巴菲特合伙契约_1956.md,content/articles/buffett,巴菲特合伙契约 1956,1568,3392,34,1,1,0,0,0,0,0,0,0,0,false,,8bc22475ce5330502f8ee3897de3e855de6d919dbbbeb22f0abec314999d9a93,3f7dad7e844690d6061ce6214d15ea66a1cbbe3932e1eb60149f90985bfa891c,false,false,false,false,false,
content/articles/buffett/巴菲特接见_Dardashti_2007.md,content/articles/buffett,巴菲特接见 Dardashti 2007,2712,6711,50,1,3,0,0,0,0,0,0,0,0,false,,b1d4226b95ff54a2cfb2d437fba2d4cd0407988f1a90bb2578e0fd223ddc1820,3114bdc243e3557607b7974b4722a9be617c025d17b2b556b8f5178322afb0e2,false,false,false,true,false,buffett
content/articles/buffett/巴菲特青春时代.md,content/articles/buffett,巴菲特青春时代,1943,3963,28,1,1,0,0,0,0,0,0,0,0,false,,e030d225e5d3499bb45283d23f44a21198e96cbda8a0e344d41b038516aff3c4,bc91bc879e1c5d27cbff2283ce8743fcdff97b42c5f8a3c7daacfbd457e49f39,false,false,false,false,false,buffett
content/articles/buffett/巴菲特收购_LTMC_要约_1998.md,content/articles/buffett,巴菲特收购 LTMC 要约 1998,1320,3157,30,1,3,0,0,0,0,0,0,0,0,false,,e5c7c869b4d722c828cd8e08da6928debde66262f9dec0a5b7299b0d75001ba2,db01726b5ac730fd98be6febca58122a00e1a0b2feaa3ae0448b14eaad91f546,false,false,false,false,false,buffett
content/articles/buffett/巴菲特谈_GEICO1976.md,content/articles/buffett,巴菲特谈 GEICO1976,2653,6923,36,1,1,0,0,0,0,0,0,0,0,false,,4c4e935165e5022767a90aad80171a502248e64f4979622ff180f4ccb8f93a90,8cb4606bb12f2e8347a12f7dfb6ee33b211483d90c4152b9cc8165b524368855,false,false,false,false,false,buffett
content/articles/buffett/巴菲特谈股市_1974.md,content/articles/buffett,巴菲特谈股市 1974,3002,8345,36,1,1,0,0,0,0,0,0,0,0,false,,ff698d07c660c4c57f0c08d397c9cf6485d04e0d7b55aad10bb4d764dce7bf1e,293354408e4fa43468bcf2f2907c74283864025b7b46989635be1225f7384e6c,false,false,false,false,false,buffett
content/articles/buffett/巴菲特谈股市_1979.md,content/articles/buffett,巴菲特谈股市 1979,3298,8945,34,1,1,0,0,0,0,0,0,0,0,false,,b49f34862a35b5086d9d85ea1b6df7ea1bac0f5c795076c0faeb49292e5f9048,38ec3a511e78a0ad0746261850e55f504c71666be74e300cc5fb842bf02c91e2,false,false,false,false,false,buffett
content/articles/buffett/巴菲特谈股市_1999.md,content/articles/buffett,巴菲特谈股市 1999,4976,13647,48,1,1,0,0,0,0,0,0,0,0,false,,2d6a6cf8d2eb1b039ba9e58e33457ccdf36f0c36577f7632c9734c8f17a5748c,e98b662295bbda8ddbefd0d26f598f29f53177782fb7c19ced6a400ec16d84d8,false,false,false,true,false,buffett
content/articles/buffett/巴菲特谈股市_2001.md,content/articles/buffett,巴菲特谈股市 2001,10793,28716,118,1,1,0,0,0,0,0,0,0,0,false,,95a03c7bc1a928dccf589d1d25fd5014c0ff76cfe744b9b6ccc0ffc4536a0191,f77f5248cf23dfb0a0a9d6190a9ffcd40c0efb1f714f3294e0b74cdeb0c9029a,false,false,false,false,false,buffett
content/articles/buffett/巴菲特谈施洛斯的信_1994.md,content/articles/buffett,巴菲特谈施洛斯的信 1994,1212,2883,26,1,1,0,0,0,0,0,0,0,0,false,,69792a598a27d4bcd6695989da6fc55bb646af1c5b170c35c09f1d9500333b0e,db8e145b3ebdf1e2837dea7421b872523ffb736c76a3b303d1c8815b8eb83137,false,false,false,false,false,buffett
content/articles/buffett/巴菲特谈通货膨胀_1977.md,content/articles/buffett,巴菲特谈通货膨胀 1977,16171,44998,190,1,1,0,0,0,0,0,0,0,0,false,,5557ed54fa0b3ab4517b3f24eb6f85d3ee78b3788d49a406d28fa03042074fbc,793d4e1b19450d4260cebbd24838e262584316ad3d940a030c60ce7d4d339037,false,false,false,false,false,buffett
content/articles/buffett/巴菲特谈投资_1985.md,content/articles/buffett,巴菲特谈投资 1985,3082,8803,80,1,1,0,0,0,0,0,0,0,0,false,,c28f380c1cdc095dc249167e2edf792fa770ce21e6cb4bc77da9a1be472ae384,d0c623acec3eab8433fe5d588c9b3d71b2d7917b2496c3067568a6c529e82d2e,false,false,false,false,false,buffett
content/articles/buffett/巴菲特谈投资_1988.md,content/articles/buffett,巴菲特谈投资 1988,5053,14231,156,1,1,0,0,0,0,0,0,0,0,false,,9f275c4738a717baaa2fd05622e2c9cd512b90e8178de69e5b5fb68487e67aa6,0c0fa83ae32c32005944a844352bebba11bd2e9e2cbc3f91dd01433b5401d213,false,false,false,true,false,buffett
content/articles/buffett/巴菲特谈微软的信_1997.md,content/articles/buffett,巴菲特谈微软的信 1997,8010,19702,72,1,1,0,0,0,0,0,0,0,0,false,,eb4f730163c33a481595a8d52e07313f6c3de86bbd0be5bb431a7e52f997bc60,359965edad54e5df500fc2475026bf1449b779f835501ff631f0f15079800c44,false,false,false,false,false,buffett
content/articles/buffett/巴菲特谈喜诗糖果_1972.md,content/articles/buffett,巴菲特谈喜诗糖果 1972,22860,57093,262,1,2,0,0,0,0,0,0,0,0,false,,f446e13d2e60dcd1c7a17150b0badc9f336bce5689f84ad25f3e98c6a8b750bb,ed697297d7b3c0da44637a1e3ad2677c6b82a3cd6b2f7e45ef3e59f6af1aa284,false,false,false,true,false,buffett
content/articles/buffett/巴菲特谈养老金问题_1975.md,content/articles/buffett,巴菲特谈养老金问题 1975,13281,37455,150,1,1,0,0,0,0,0,0,0,0,false,,615337277c4366a94ce7df51350950958a3be0ee768c49175defc7071fa93196,986b77788c799dd51fd6d19d6031d84ccc10aabf7e6140f7930a26cb2d732b52,false,false,false,true,false,buffett
content/articles/buffett/巴菲特谈指数期货_1982.md,content/articles/buffett,巴菲特谈指数期货 1982,2746,7585,32,1,1,0,0,0,0,0,0,0,0,false,,0b33678f96abb4e235e2ae47d6342fd43fa34d3f975b57357d9fafd9d06e1f68,4fc0e41b97cb77d02e39f3f9d3f97a766a67922d99d9ed9441530a1be9118e75,false,false,false,true,false,buffett
content/articles/buffett/巴菲特推荐过的书籍.md,content/articles/buffett,巴菲特推荐过的书籍,49905,118291,414,1,1,0,0,0,0,1,0,0,0,false,,2011e2fc8dd8997f2aac1b88bc06326bdcd883568cbda251be7c2a48065e568b,d072880b40b82da16d8dcb8d17de1ddc61bde13ff75a88e457fb15a20e868eac,false,false,false,true,false,
content/articles/buffett/巴菲特致所罗门股东信_1991.md,content/articles/buffett,巴菲特致所罗门股东信 1991,4839,13564,70,1,1,0,0,0,0,0,0,0,0,false,,ca5df4d46da91013a9e5d00c6b2a161ef50a906db1a6a9c61648e2ce04eb1d4f,e5e29acb5987f348e175f276bfb7fd833351ad6780ade20dcc1bc4bf76102496,false,false,false,false,false,buffett
content/articles/buffett/伯克希尔_50_周年：过去、现在和未来.md,content/articles/buffett,伯克希尔 50 周年：过去、现在和未来,22808,63622,362,1,23,0,0,0,0,0,0,0,0,false,,a81840213acd2192fd70fe063987c0d054fa7b39fed2f05cf360cacf764f345f,349630b603225aaec02e76add42c8877a5a1d2c12ef91ba2b790220738d50177,false,false,false,true,false,buffett
content/articles/buffett/伯克希尔股东手册_1996.md,content/articles/buffett,伯克希尔股东手册 1996,9815,28437,168,1,11,0,0,0,0,0,0,0,0,false,,794b2047a11f9a0f5aef96bd9b1c8594040f3859a3f6aa89b564d365d597aa6d,c6230f6f97eb553c69c3dfd105afa66c260a482bf01e4f7723bc5c5a759aec30,false,false,false,true,false,buffett
content/articles/buffett/财富杂志：沃伦之思_2008.md,content/articles/buffett,财富杂志：沃伦之思 2008,5135,14195,110,1,15,0,0,0,0,0,0,0,0,false,,b83e24921eb5780dcc9c4c75d686c69faea7bb92fdea3b9f952b3405069395e0,1b13f7ae31ca2b76babd0beae26805257b5e2be5b235b0b0a407867087d2f654,false,false,false,false,false,buffett
content/articles/buffett/企业收藏家_1977.md,content/articles/buffett,企业收藏家 1977,5030,13148,52,1,1,0,0,0,0,0,0,0,0,false,,b68f17a3355d2528c9856aea0f5206e1a64c2450607c4dfa27c4859631fbda33,48849fc8a41541ac26d563b72d73565562c368a76f52140a3bf9ba73bdb6b274,false,false,false,false,false,buffett
content/articles/buffett/我最看好的股票：人寿保险_1957.md,content/articles/buffett,我最看好的股票：人寿保险 1957,1460,3303,36,1,1,8,0,0,0,0,0,0,0,false,,487b5e3f20fc5b56326f7c5d01ef5ab2aaffbe60b450d59018662998603cfd12,eed32b8b1ffae0fee227e3a0988bdb3a1c68b74ceb053c92df263f79ec8612e1,false,false,false,false,false,buffett
content/articles/buffett/我最看好的股票：西部保险_1953.md,content/articles/buffett,我最看好的股票：西部保险 1953,2354,6290,38,1,1,0,0,0,0,0,0,0,0,false,,a779f43d32b0fec9090528943a8b76ff8d109b3f332378a17dc7eac2938d1add,8c6995b76869c299b9aff87feb489cd3e7dc688b6c2a208ccd2f90a5fbd20da2,false,false,false,false,false,buffett
content/articles/buffett/我最看好的股票：油气资产管理公司_1957.md,content/articles/buffett,我最看好的股票：油气资产管理公司 1957,2439,6153,28,1,1,0,0,0,0,0,0,0,0,false,,803e7a5f2bbff3bfc35ca0e0b61fd466bcea552442c9cd2c4592d331bef0ebe4,0fe7182d56bb0466731ccf660cfc64c9e0bfbca174316771452a8bf3ccfad032,false,false,false,false,false,buffett
content/articles/buffett/我最看好的股票：GEICO_保险_1951.md,content/articles/buffett,我最看好的股票：GEICO 保险 1951,2466,6214,49,1,1,6,0,0,0,0,0,0,0,false,,8cf8fefd25f56b3fe33bd43996aa47badd8bbf2a83bbd704283fc17fa70c469c,dd46c63284b92f383f3feef2a93935661da73805478f120191267db3ed53dd23,false,false,false,false,false,buffett
content/articles/buffett/沃伦在担心什么_2003.md,content/articles/buffett,沃伦在担心什么 2003,4754,13481,62,1,1,0,0,0,0,0,0,0,0,false,,12ae8b8726698a3a85c135736a51215ee9610ca3878904ff5e17f4349a22fe94,cdf82d1c1a75b3778c691985d30be69ed57c02831f84eb65c57d8991e440a896,false,false,false,false,false,buffett
content/articles/munger/查理芒格：伯克希尔的总设计师.md,content/articles/munger,查理芒格：伯克希尔的总设计师,859,2429,20,1,1,0,0,0,0,0,0,0,0,false,,74eedabefdbdd96516821ff1108c413ae2cc91cd7a3ae403cfbd3058d61b6631,1ebda145f94064d22df3e5d479a1fc1c659ef821aafd24b43f8dca49a7334429,false,false,false,false,false,munger
content/articles/munger/芒格：2003_年的金融大丑闻.md,content/articles/munger,芒格：2003 年的金融大丑闻,9627,27255,102,1,1,0,0,0,0,0,0,0,0,false,,febfbbfa90a596e2c85d38d186807f26eb82305dd7b7b5ddd02b7bdc5fac3256,65ab2eaccc0968fcaea677e3fb3ad646416fd2570eec713c41e4666d4a8f754e,false,false,false,true,false,
content/articles/other/「所有者收益」vs「自由现金流」.md,content/articles/other,「所有者收益」vs「自由现金流」,25201,58460,554,1,5,247,0,0,0,2,0,0,0,false,,c41f5c7c992b1863fd14c2abe8796af3959d5e8b840bd1c973d3c68c508cf7f0,2ec7cf60f199ecd313b7584cd2955aae61e0dc0563a1f0717ac3e2ff76d4f8e8,false,false,false,false,false,
content/articles/other/伯克希尔：集团企业的终极折让.md,content/articles/other,伯克希尔：集团企业的终极折让,81518,213910,862,1,1,0,0,0,0,0,0,0,0,false,,76fa4b00f943be0c3897eebc08dbbe70822a2501199744d3e1da8a7d85f1f6ca,60e7ab4dc221f9c61d1a600a8aa1310bbdb1832641e923f38f95915f965dfd2b,false,false,false,true,false,
content/articles/other/伯克希尔哈撒韦时代.md,content/articles/other,伯克希尔哈撒韦时代,5949,9149,119,1,1,0,0,0,0,0,0,0,0,false,,6e1fddc3b22fcc7efaba139a5a1fa07080075708ff6ff5c704d1d191b179d58a,6aafa6d6ef0d041531ff265f44222f5aa2376bb352eea66c05ba7ae0316aa9b8,false,false,false,false,false,
content/articles/other/伯克希尔投资历史.md,content/articles/other,伯克希尔投资历史,41908,53082,18,1,1,0,0,0,0,119,0,0,0,false,,8372f8a8cd83c2615049ef0a1fb72eea60eaac11358960c70a30c4ea6abee5c4,165c2ba27d9d640f90180f937e01dc935cab9c723170faca84f256d3b5d495b2,false,false,false,false,false,
content/articles/other/伯克希尔业务版图.md,content/articles/other,伯克希尔业务版图,14077,20910,290,1,1,0,0,0,0,72,0,0,0,false,,009668f5ae0f2def4d7a34f2c146719befd97131566887276c7cd5aa1513a531,e122850f468e7b1f8911abda85faaf76e2c8b425e581bbd6c41d55abb1be6dbd,false,false,false,false,false,
content/articles/other/伯克希尔与标普_500_指数.md,content/articles/other,伯克希尔与标普 500 指数,19306,54938,228,1,2,0,0,0,0,0,0,0,0,false,,0862877e3b4d7980e135e01a5b77736ad5d6a72b16fa6a046dadc2e4285ddc7a,441ad9821cf38c281086a66b0445e21d797eefa0ed14ffdedc33d0cb75165017,false,false,false,false,false,
content/articles/other/财富杂志：恐龙.md,content/articles/other,财富杂志：恐龙,10899,28126,66,1,1,0,0,0,0,0,0,0,0,false,,2cac5e815aa16c7abe042a934d43d4903f3ed95ecb9420ef6c203fa530290cd0,27a53081b493e2930a0b38350eab8971c92cd9b985a57ae04d9176755888a884,false,false,false,true,false,
content/articles/other/恩师格雷厄姆生平回顾.md,content/articles/other,恩师格雷厄姆生平回顾,39122,97285,222,1,5,0,0,0,0,0,0,0,0,false,,09e57f76333764a9d7b09bc62b381793368ef5d9b714cf32221579e9fe7e1a46,f217c99a116bd67cc695b04ff22f42ba2bccdfbf52bed79ea60b5ccf8e3839e1,false,false,false,false,false,
content/articles/other/格雷厄姆谈股市_1976.md,content/articles/other,格雷厄姆谈股市 1976,5970,15631,124,1,1,0,0,0,0,0,0,0,0,false,,392572687bfd955599158fb4d1cbb06526231b1656bab3f82cafc66413ab79d1,d0e92736c08f4d0a46d936bc6f6c29522aaec97ec3585bd5453a30abdbf7bcef,false,false,false,false,false,
content/articles/other/关于市场先生和人性的理解.md,content/articles/other,关于市场先生和人性的理解,32821,94450,330,1,1,0,0,0,0,0,0,0,0,false,,9da1df02744c331ad0486dd39f1337fd1671638f90cbdd6bb1f456cf1bab5756,ec0b8462f70710447edddece628ad33f2badd31bdd478feac449db4439ede2d0,false,false,false,false,false,
content/articles/other/杰米·戴蒙_2008_年致股东信.md,content/articles/other,杰米·戴蒙 2008 年致股东信,31742,89657,412,1,1,0,0,0,0,0,0,0,0,false,,eb952326a536bf0617ad09c9f10931e6f4819081c49783c5fac2c092c3a0c429,3af65ab58240bec49e2dc6c71e5e7ea62ef7f001f5ee44697650d7e4dd7c43c0,false,false,false,true,false,
content/articles/other/康布斯：在普通股中寻找价值.md,content/articles/other,康布斯：在普通股中寻找价值,46647,108797,418,1,8,0,0,0,0,1,0,0,0,false,,5051fadcaf24883c28cc91c34785875430e2e65387948bbd71a4beec91defe37,94c6532b092142d9621ac0577a0db330ea6c6c956cace052e3f31323cd9b0461,false,false,false,true,false,
content/articles/other/考夫曼：Glenair_企业文化.md,content/articles/other,考夫曼：Glenair 企业文化,26532,70697,376,1,1,0,0,0,0,2,0,0,0,false,,1f0d7555bda7558080916731ae37b9fcb2b5f2a2105e215eea13423720316eb2,1ff37c03ed6b799d801aaa3f4250244806b496701dd99a9b29be8fc75a6e19cb,false,false,false,true,false,
content/articles/other/卢米斯：回顾职业生涯_2005.md,content/articles/other,卢米斯：回顾职业生涯 2005,8745,24893,370,1,1,0,0,0,0,0,0,0,0,false,,4b75ebee40ebe3ba91cc429fa5043506bdd44924fb679349b8934fec7777b547,c33192aab59f3d3cb32652acc640aa90691b5bcbb9517acb05a54f76aee96e5e,false,false,false,false,false,
content/articles/other/卢米斯：我在财富杂志的_51_年.md,content/articles/other,卢米斯：我在财富杂志的 51 年,23245,57919,178,1,1,0,0,0,0,0,0,0,0,false,,e6a367e05d3f27291d5432402f4c411ce9d54f2b2f8112cfc62f6f62068ac5d9,03502225d7528603a1bfb4e79585d423e847950c4ab52e76a70635f3174cf382,false,false,false,false,false,
content/articles/other/如何建立能力圈.md,content/articles/other,如何建立能力圈,50375,144816,714,1,5,0,0,0,0,0,0,0,0,false,,6887e9bd0d8dcb25dfa54bab29e4309c8dca3512686f667d32d8cc2fb8370dd0,629f2afbe8dcbe3696fae659d85ee5cf15273e8d93f079e914ed66fdfdf42be1,false,false,false,true,false,
content/articles/other/施洛斯：怀念恩师格雷厄姆_1976.md,content/articles/other,施洛斯：怀念恩师格雷厄姆 1976,3157,8424,36,1,1,0,0,0,0,0,0,0,0,false,,b652127b67769e16031b4e57aefeddaf85728cb25ce57c0b0422694d40089c9d,56ac7bddd9a3ce33171795c528232aad6f838ebd2b9891db6ecffc78af31d548,false,false,false,false,false,
content/articles/other/最资深的经理人桑迪威尔.md,content/articles/other,最资深的经理人桑迪威尔,7667,19139,44,1,1,0,0,0,0,0,0,0,0,false,,902c83ac43b1424f6ea212d1b576e36b798e1d6cd5ccbd26bb6a026a6e6e8284,14fe9c66117e8ab8fd0b69d6afd8b9ed8e6ddc52a183f9d75695650c799c3ef4,false,false,false,false,false,
content/books/巴菲特之道-核心要点.md,content/books,巴菲特之道,518,1559,54,1,8,0,0,0,0,0,0,0,0,true,author|date,47225084f2fa192a18ddd7bf66ad8b6a009379089227cf74c8db86bfe5843f34,0ae0bc6beb3fcc2729430829d00648f774d7a94f33d8dee02581ba6c0ce10fb6,false,true,false,false,false,
content/books/聪明的投资者-核心要点.md,content/books,聪明的投资者,639,1895,54,1,8,4,0,0,0,0,0,0,0,true,author|date,069baa36d9b8b2a2f0131431c6279753eadad5729376ac6ec828584ea76d09a2,2838a9cab19dbec467370f5e78e7e26e8e0a3ba90a78b2b112c96d5985c184ad,false,true,false,false,false,
content/books/穷查理宝典-核心要点.md,content/books,穷查理宝典,790,2318,67,1,9,0,0,0,0,0,0,1,0,true,author|date,146930d61a08557312a085a6d2d4ef9eed862338f0f573f503c01c51f2f27f99,1031d478e5dce31510f89d4045a37b48e2094ecdd2d155ff6795312cd4fffa09,false,true,false,false,false,
content/books/投资最重要的事-核心要点.md,content/books,投资最重要的事,554,1725,52,1,8,0,0,0,0,0,0,0,0,true,author|date,979928d760b7234454f56dcd8bc7c0cfcb80d79110f56f3617ecb68f5c3f13a5,b331d51737cd45e1083f00f601652f8c0b5864eec1590a8993b35262d4d46585,false,true,false,false,false,
content/interviews/巴菲特：21_世纪经济领导者采访_2008.md,content/interviews,巴菲特：21 世纪经济领导者采访 2008,12724,37024,218,1,1,0,0,0,0,0,0,0,0,false,,7ca597f81b8ca9db680f53ee2b4e8fb27850c34a3bebb74cd3b5045f0aa881b3,ac0e5203997d542aa0ceebe2ce3a02278d7fb603662394ac99876f073b6b33c0,false,false,false,false,false,buffett
content/interviews/巴菲特：查理·罗斯专访_2011.md,content/interviews,巴菲特：查理·罗斯专访 2011,22193,63730,540,1,1,0,0,0,0,0,0,0,0,false,,df5475d10937747bfbfc422628a42e752ed0b5e707c6b65fc882627e17f480d2,9610ce4214ee8bbbbc27ca304e2ff149307f77bc689ae1e9386a28f0ad83fb41,false,false,false,true,false,buffett
content/interviews/巴菲特：查理罗斯专访_2007.md,content/interviews,巴菲特：查理罗斯专访 2007,46730,128202,622,1,1,0,0,0,0,0,0,0,0,false,,9391d44447f9306a078eb703e23d52fa6d1be0dd86eb66329ada49966e539dc3,fb3b2902ef0ed559226bad0fff777c75b367ca36ed20845924f4721212d4d668,false,false,false,false,false,buffett
content/interviews/巴菲特：慈善承诺倡议_2015.md,content/interviews,巴菲特：慈善承诺倡议 2015,30407,88766,638,1,1,0,0,0,0,0,0,0,0,false,,868eca8be04e2c449258b963569294f8c69baf376c6936b48c57c7fd237dafea,39bc03a3e25ecae1fce894164e0b8b2ac7f98f204e82c8be93b0b901163efc83,false,false,false,true,false,buffett
content/interviews/巴菲特：对话_IVEY_商学院学生_2008.md,content/interviews,巴菲特：对话 IVEY 商学院学生 2008,4181,11659,66,1,4,0,0,0,0,0,0,0,0,false,,19241b6ee0210491553f92d00f4cde576ce4fa4c29a8c50acdc3edfbc3c758ad,751ff6670422664db29f7da29b2d512e1a57965cce37e15405d1ecf4979ce877,false,false,false,false,false,buffett
content/interviews/巴菲特：对话_IVEY_商学院学生_2010.md,content/interviews,巴菲特：对话 IVEY 商学院学生 2010,5415,15037,144,1,1,0,0,0,0,0,0,0,0,false,,1292bbe81431d3b80a87a6c1f5b815382049ef2975c999fe8592b7bf7144d81a,f7878a1336b90c32be9bf534440e9545e1cd47801a68e2ac7947c4242792c229,false,false,false,false,false,buffett
content/interviews/巴菲特：对话_IVEY_商学院学生_2012.md,content/interviews,巴菲特：对话 IVEY 商学院学生 2012,8589,24378,186,1,1,0,0,0,0,0,0,0,0,false,,378a530079ac8a08b7475902438f503ce99bdd79e8e1515cbed29f7d971687fb,3e5cd95bfae301cabc5d8b8a637ecee58cc2708376623005e8651744e03a5a7c,false,false,false,true,false,buffett
content/interviews/巴菲特：对话_IVEY_商学院学生_2014.md,content/interviews,巴菲特：对话 IVEY 商学院学生 2014,9596,26601,164,1,14,0,0,0,0,0,0,0,0,false,,ad3a02eb6556749cdba25e05894c8676d577782a82b4bea4d7f232cdd50042df,4bd2c8095ccf5e104ffa0e4857f5d880c3d475f343d717d18f5345111736b23e,false,false,false,false,false,buffett
content/interviews/巴菲特：对话_IVEY_商学院学生_2015.md,content/interviews,巴菲特：对话 IVEY 商学院学生 2015,7562,20453,140,1,11,0,0,0,0,0,0,0,0,false,,f07fc2c26cc3d8af65a9712a72a319c036f9c5742b46b0494e8afb062aa32cea,9728c2ad5418ce9767bdcad1347f9493c928ce4f9df8233747c7cfc1bb750a9b,false,false,false,false,false,buffett
content/interviews/巴菲特：对话奥奎尔俱乐部_2004.md,content/interviews,巴菲特：对话奥奎尔俱乐部 2004,19576,54868,194,1,1,0,0,0,0,0,0,0,0,false,,f7844b1b372b92e497f600ae82ac17179da6d3ee5934a62adc7639b917968970,75fd5a71d1f561b3c1c59475e39c3b529196c9a6e5445661b383df371a484211,false,false,false,true,false,buffett
content/interviews/巴菲特：对话八所商学院学生_2011.md,content/interviews,巴菲特：对话八所商学院学生 2011,24327,68519,294,1,12,0,0,0,0,0,0,0,0,false,,b43cc7a872345dd5fd7723c79ebe7e50ed36ff0baa93c8e37ae876e66ae4b196,1409cc404d8aaf01357c83a4be25b6e774788349f831cfe7f383fac346feb3e5,false,false,false,true,false,buffett
content/interviews/巴菲特：对话八所商学院学生_2013.md,content/interviews,巴菲特：对话八所商学院学生 2013,8138,22389,146,1,15,0,0,0,0,0,0,0,0,false,,e0e608c7bccfb18be8b7d9324000a0df0979040fb11fe36f2b6f7365afa090e4,025780bd64bb113221f82685bae1a1fedb7a50f26f26076026189f6e1fe13a9c,false,false,false,false,false,buffett
content/interviews/巴菲特：对话八所商学院学生_2016.md,content/interviews,巴菲特：对话八所商学院学生 2016,4806,12259,112,1,17,0,0,0,0,0,0,0,0,false,,55b50883da000232d505be99c254ce3166d3792df27c670210c59885f3edae2f,8148f5b43a4c1974195ffdb60732a0759dd640afe1568da2d97c8c64cb005fed,false,false,false,true,false,buffett
content/interviews/巴菲特：对话范德比尔特大学学生_2005.md,content/interviews,巴菲特：对话范德比尔特大学学生 2005,6437,18361,166,1,9,0,0,0,0,0,0,0,0,false,,8b0df14ed077398b61da58f51f9ab136c9470ee70c300e3f907bee9236cf5924,77ba2c2c04e369d1b5b9a3b91d66b791918cead5a83104eb33e6f3dd4a58c336,false,false,false,false,false,buffett
content/interviews/巴菲特：对话哥大商学院学生_2009.md,content/interviews,巴菲特：对话哥大商学院学生,18630,53911,296,1,1,0,0,0,0,0,0,0,0,false,,7db022bec833a6ff9f0766d2daa2042cdfcea90f329cbdf6567925ded4bce5e8,193f6ab904853da5e718d6ea72b887006a875e9c1a19d15c04dd89ddcefc23e0,false,false,false,false,false,buffett
content/interviews/巴菲特：对话堪萨斯大学学生_2005.md,content/interviews,巴菲特：对话堪萨斯大学学生 2005,5663,15508,92,1,1,0,0,0,0,0,0,0,0,false,,1d362487cf625e160bed435cab1e2940284f39ec30fca8010e4cf92e084272a3,88fba8181194ea5895ec835137f199cc15ce5c2dc15a10b27c1c5695757fe6be,false,false,false,false,false,buffett
content/interviews/巴菲特：对话六所商学院学生_2009.md,content/interviews,巴菲特：对话六所商学院学生 2009,7913,22118,146,1,1,0,0,0,0,0,0,0,0,false,,d6590fdc72035371e89f4e717b7e6dc843885a8639b1132c18f267897419d9c6,90147482394cd8bb6813b8fe33fe766b89acb6d6dc5710846ba62609e9c51ddd,false,false,false,false,false,buffett
content/interviews/巴菲特：对话内布拉斯加大学学生_2005.md,content/interviews,巴菲特：对话内布拉斯加大学学生 2005,10894,31676,192,1,1,0,0,0,0,0,0,0,0,false,,b787063cac0581724551c939f3d21962b8dad4b0b3f4a72c3e9fd52a33d7ef9a,d185d7fa80e39681ae5b778a2a057613b0b5163410bb36f1668317831b6d6f3a,false,false,false,false,false,buffett
content/interviews/巴菲特：对话内大商学院_2001.md,content/interviews,巴菲特：对话内大商学院 2001,4097,11690,94,1,1,0,0,0,0,0,0,0,0,false,,d6990f6eed9c991457c73175fe54fc3d0b978f7142fa1edfffb398804e4531aa,d3dd525ebc2b17e531f0dd16f1580eeb92c6971944528c6893ea95b704a23c80,false,false,false,false,false,buffett
content/interviews/巴菲特：对话瑞士洛桑国际管理学院_2008.md,content/interviews,巴菲特：对话瑞士洛桑国际管理学院,12925,36749,228,1,1,0,0,0,0,0,0,0,0,false,,52fa573670b1c5e08463e6c80abf6a032e370c5830e5811947cc8577ba25b97a,005d92c826f1f057043a75d4fce59b49236b2fea84e0f2a9b38ced8ffa805f50,false,false,false,false,false,buffett
content/interviews/巴菲特：对话商学院学生_2008.md,content/interviews,巴菲特：对话商学院学生 2008,7412,20604,100,1,1,0,0,0,0,0,0,0,0,false,,535cd657db2b155d0bee31520bd8b415c5d1a52ec6642cf415cb110648e40267,3af16ec81f069e91bab020602a4c910f5d0f8dca1728b8774f372a223a5012c5,false,false,false,false,false,buffett
content/interviews/巴菲特：对话田纳西大学学生_2003.md,content/interviews,巴菲特：对话田纳西大学学生 2003,6928,20076,136,1,11,0,0,0,0,0,0,0,0,false,,60c6258a6932114f3caa8a4b7fc4d9fc7354984246e1a4a24df77ab879d10edf,48f8046d35dfad40cf004880afa1b1e1bcb82b1af0f77f186bb4ee404e4a0190,false,false,false,false,false,buffett
content/interviews/巴菲特：对话沃顿商学院学生_2003.md,content/interviews,巴菲特：对话沃顿商学院学生 2003,7265,19575,202,1,10,0,0,0,0,0,0,0,0,false,,e86dcd662a1593e619f8840158957877c9207d4015fc98e4c935869c0adc19a8,84f612b91faccea630470de7c949a0fa5a06228702c75a0d4ac786c80f6750d6,false,false,false,true,false,buffett
content/interviews/巴菲特：对话沃顿商学院学生_2004.md,content/interviews,巴菲特：对话沃顿商学院学生 2004,10375,29071,156,1,5,0,0,0,0,0,0,0,0,false,,b8be126c47f2fe5a40c67f17b41cc226ce347094f225225129780d71a197732c,8640d54e3b600a361fc0745154b6c1514d2fea6d2cd5bb60ef364137ad23644c,false,false,false,false,false,buffett
content/interviews/巴菲特：对话佐治亚大学学生_2007.md,content/interviews,巴菲特：对话佐治亚大学学生 2007,17015,46654,192,1,5,0,0,0,0,0,0,0,0,false,,29ffb2d3eb813997c1c9f85c72cdf925d749724d04d38f86e8a317d5b3b8b645,dff9347bbe1c45a4206804082a29bbbf8a67caddea10cdfd205c23c13ffa95f0,false,false,false,false,false,buffett
content/interviews/巴菲特：家族三代谈慈善_2013.md,content/interviews,巴菲特：家族三代谈慈善 2013,15251,43455,406,1,1,0,0,0,0,0,0,0,0,false,,b70199b7f68dc92b95d2af3871b9c74975163031ff73323354ea09ae1707ad8e,f2e036f72df073c5874647dbe0719ae83f6c026f4dd4238aea94ec80e519ffca,false,false,false,false,false,buffett
content/interviews/巴菲特：解析经济危机_2008.md,content/interviews,巴菲特：解析经济危机 2008,15970,45721,384,1,1,0,0,0,0,0,0,0,0,false,,686708e984893fed0f56e5f5d74135f9dde2cd3e5f5671eec67c8a72590b58ce,1cc087e44a8b2f403fe3b78021f8943e26c04a2e6b4c1aded3ce0c9e8f911a38,false,false,false,false,false,buffett
content/interviews/巴菲特：金融危机调查委员会专访_2010.md,content/interviews,巴菲特：金融危机调查委员会专访,55645,158371,724,1,1,0,0,0,0,1,0,0,0,false,,60fa4f491c2c0b99c8d6b96925292169285a3191c635b15d1e1aa08864b17532,42af0f7e91c32af5832d86f5df443454eb09137980adfa11360f7748c11b37f5,false,false,false,true,false,buffett
content/interviews/巴菲特：恐慌是会传染的，我们必须做点什么_2009.md,content/interviews,巴菲特：恐慌是会传染的，我们必须做点什么,43203,121423,700,1,1,0,0,0,0,0,0,0,0,false,,041cafebe77ee08f2d452b09609dd80cfeba0594e42a17c01a3d9192fb62a748,538b4535dba6be6a7d9e8e42edde15eaac8f104e9ebff1d1388075975463b95d,false,false,false,true,false,buffett
content/interviews/巴菲特：如何教孩子理财_2013.md,content/interviews,巴菲特：如何教孩子理财 2013,986,2698,36,1,6,0,0,0,0,0,0,0,0,false,,4f6d7225998d4eac662c40583b083215ca01ec00360a59be6c0b97a85718bfa0,a4041a17c8f910f29ed0b1110713b57752d7a5e1c8ec1a8fb2bc143fb041f8e0,false,false,false,false,false,buffett
content/interviews/巴菲特：谈可口可乐薪酬方案_2014.md,content/interviews,巴菲特：谈可口可乐薪酬方案,3748,10588,88,1,1,0,0,0,0,0,0,0,0,false,,1699bb9ecbb6e1686f5efea69e80b04fa0b35f545fd4267dc24a27f1827a4510,7428052991ba43b4bff8269cff357e55db58a166dd814234a04ee7e436d8c425,false,false,false,true,false,buffett
content/interviews/巴菲特：跳着踢踏舞去上班_2012.md,content/interviews,巴菲特：跳着踢踏舞去上班 2012,23964,66964,666,1,1,0,0,0,0,0,0,0,0,false,,d5b74a82d188fa6b6b5a5618e1882bda43cf678b44e77138fc31b09047ecc00e,1d64dd59753b13d6a3131e5f6eb08c864b14f0a70fd1b0158c97ab0d82895478,false,false,false,false,false,buffett
content/interviews/巴菲特：我为什么慷慨解囊_2006.md,content/interviews,巴菲特：我为什么慷慨解囊 2006,15073,41326,254,1,1,0,0,0,0,0,0,0,0,false,,ac1154ea6d049da9ec73b27c2d6333c912d2f4ef8a023807939ea462fe082425,9b528c4191136331f0937c8cc658295c9676ea6ca737829da4b3687ddccde8ca,false,false,false,true,false,buffett
content/interviews/巴菲特：追忆唐基奥_2015.md,content/interviews,巴菲特：追忆唐基奥 2015,9523,26306,200,1,1,0,0,0,0,0,0,0,0,false,,69d88c061d10fd77a07c013711e928f2d76867f9e58a6753242e54405874453a,be34a5b7d8cf9b1625702a87f8339a89d6722daaee8520a58a53b6f53f37e32a,false,false,false,false,false,buffett
content/interviews/巴菲特：CNBC_专访_2009.md,content/interviews,巴菲特：CNBC 专访 2009,6091,16998,174,1,1,0,0,0,0,0,0,0,0,false,,a09e4749994d8754a4064a96ec9fab0bf2985e8f1eec55bd212ed483ace9f411,8bd77622af1e59c9a6968d0a12fd123844f72b8fff45d08aee4344dc4465b60c,false,false,false,false,false,buffett
content/interviews/巴菲特：CNBC_专访_2010.md,content/interviews,巴菲特：CNBC 专访 2010,3507,9912,64,1,1,0,0,0,0,0,0,0,0,false,,183283d5ba7f544fd19141906d4aece7cc5a54ef0723ea8f578de7d0ff74b746,7a1addf559054f7c99aa79776dae7847fa5819fc7ebf69dac33a1c80ff3e8150,false,false,false,false,false,buffett
content/interviews/巴菲特：CNBC_专访_2011.md,content/interviews,巴菲特：CNBC 专访 2011,7305,21213,110,1,1,0,0,0,0,0,0,0,0,false,,11167e1a495637a43d78b653e26adf6b873eba9cbc7b7a8c868482d24ceaa268,1a25a3fce286350eef94046c3d9a5ddc7e9a7a8e90fd0da465451d9934815b13,false,false,false,false,false,buffett
content/interviews/巴菲特：CNBC_专访_2014.md,content/interviews,巴菲特：CNBC 专访 2014,26949,74946,662,1,1,0,0,0,0,0,0,0,0,false,,474a8a79fc42a80b9df56b247b402103f234868f3c93883630202e893f686170,8cf458316ef23a4e942593e6eec668937a2129161cdf7dcae8c683a4c8ef6cde,false,false,false,true,false,buffett
content/interviews/巴菲特慈善捐赠专访_2006.md,content/interviews,巴菲特慈善捐赠专访 2006,60528,173451,1916,1,1,0,0,0,0,0,0,0,0,false,,9bfbad1935bc0ef77f1536e21178cdbd074bd0bc1fc3719fe5eb0b56f9114b95,a7bf96d9a79b4d95ec24ae185acb38c0e30610d2825cd405e50c680061492940,false,false,false,false,false,buffett
content/interviews/专访苏珊·巴菲特_2004.md,content/interviews,专访苏珊·巴菲特 2004,8009,23225,282,1,1,0,0,0,0,0,0,0,0,false,,a5be756d69556136d52a41ee87c7729fde52e2e2538ad810d25bdd362128877d,6382cd407f32a5e649f2569b16073f81a01a67a63c28abb6d4c4b7c10f89d918,false,false,false,false,false,
content/letters/berkshire_1965-巴菲特致股东信.md,content/letters,berkshire_1965-巴菲特致股东信,1136,2685,32,0,0,0,0,0,0,0,0,0,0,false,,cdbd9b4d88e72d4ac8f229bf0222beb5e25274fe279379b14de2f01549b84a15,2da829dfd9f38975d897b18d6aa79f43248115552bdfa0f9eb4fb6b6bab853a1,false,false,false,false,false,buffett
content/letters/berkshire_1966-巴菲特致股东信.md,content/letters,berkshire_1966-巴菲特致股东信,3038,7905,102,0,9,9,0,0,0,0,0,0,0,false,,414eaed8821491c927fbe41da0c5f9b58f9199a50cf08ee144ba5617c364afb4,23fbd2e15f0a8408fdc4a41d865021759bfa4b4daaff8153195667cffb4c37de,false,false,false,false,false,buffett
content/letters/berkshire_1967-巴菲特致股东信.md,content/letters,berkshire_1967-巴菲特致股东信,2316,6212,62,0,5,0,0,0,0,0,0,0,0,false,,8fcb0d5ba372522f21121eaef551159b0bbc8a6821e04f08d3164bc9fa6b9d02,e5e9622347f4a3310835a1fae1994b12078f00f7b24007931e1aa881b71d4f07,false,false,false,true,false,buffett
content/letters/berkshire_1968-巴菲特致股东信.md,content/letters,berkshire_1968-巴菲特致股东信,1319,3389,28,0,3,0,0,0,0,0,0,0,0,false,,c15e1a09856699bf3157f4ba21d760bcfcf0d3aa271e7a2972d76e90f6cef52d,a2cfab9f6ac0adb651b9dbc51218bb37de7361d267c8512f20115f09bbef1a90,false,false,false,false,false,buffett
content/letters/berkshire_1969-巴菲特致股东信.md,content/letters,berkshire_1969-巴菲特致股东信,1617,4339,48,0,3,0,0,0,0,0,0,0,0,false,,24ab441939d67828f4dc6d6a343c723dbfb458ce3509533718318f3e41104a39,a4a8e60438cc8e49469f067c31135cdccb9eb615c6581d471a4f2969ab5656da,false,false,false,false,false,buffett
content/letters/berkshire_1970-巴菲特致股东信.md,content/letters,berkshire_1970-巴菲特致股东信,1980,5238,48,0,3,0,0,0,0,0,0,0,0,false,,6f87a07cd2293c518e2db5d8e19e10b2d47d1198fad0b8d83853e62dd28397bd,e0dec6ad9f1a628547ddc148d42a6603ef92c9af0e83dccde8bdbed5e69bb995,false,false,false,false,false,buffett
content/letters/berkshire_1971-巴菲特致股东信.md,content/letters,berkshire_1971-巴菲特致股东信,3058,8037,46,0,4,0,0,0,0,0,0,0,0,false,,a14c1cb9c2e326c83b47fc572eafc44396d136f6b65732e475ad97be569404c1,f19c5525f9fd142cec0f373d5e660485f0f35bf3c484630c44f19a699365ddcc,false,false,false,false,false,buffett
content/letters/berkshire_1972-巴菲特致股东信.md,content/letters,berkshire_1972-巴菲特致股东信,3606,9370,72,0,5,0,0,0,0,0,0,0,0,false,,e004360b8fcd90532e08d1e50a94edee2963da108f2abfff7d07cb29e98fcfe3,45ba8262b1d18bc69b2d495beee3e9290b6dcf0a3614ffba1d5d7e71e1e53f75,false,false,false,true,false,buffett
content/letters/berkshire_1973-巴菲特致股东信.md,content/letters,berkshire_1973-巴菲特致股东信,4336,10985,92,0,6,0,0,0,0,0,0,0,0,false,,6c8ff08479b36a9acee8a1d0513df83494ba090a22dbfe62de065af526f96b42,9c68ac97e0a1194ab162c6262b5524bc21360ef445ce2042ed47ab6bf42c438c,false,false,false,true,false,buffett
content/letters/berkshire_1974-巴菲特致股东信.md,content/letters,berkshire_1974-巴菲特致股东信,4713,12696,86,0,6,0,0,0,0,0,0,0,0,false,,d68326740f4c76bbd1a9686abab681243f48dc6fe0d00fd922285f51f7a9fa68,25e9de8da30481361cb565085749fa6dcaa9fae2d108f86ff1185d9c31c7e6f6,false,false,false,true,false,buffett
content/letters/berkshire_1975-巴菲特致股东信.md,content/letters,berkshire_1975-巴菲特致股东信,5792,15036,104,0,8,0,0,0,0,0,0,0,0,false,,96a0a8ef8775da67d5785dc25a927ed3ca01262feba631ac3932cbcb87e05bd8,66526b78b51ac20688a9a4723f4fca4d5295b84acdae84e5b418e4973ebe9262,false,false,false,true,false,buffett
content/letters/berkshire_1976-巴菲特致股东信.md,content/letters,berkshire_1976-巴菲特致股东信,5148,12425,95,0,6,14,0,0,0,0,0,0,0,false,,09f71752af4e2a594c1a34704916a591344aa44613815ac125ec4e66721aadf2,df608cbcce26a0e88b40faddec1dde4b2868e3e115fb6caaedf39f1480fde9c4,false,false,false,true,false,buffett
content/letters/berkshire_1977-巴菲特致股东信.md,content/letters,berkshire_1977-巴菲特致股东信,7737,18482,93,0,5,14,0,0,0,0,0,0,0,false,,f3e14a38b161af36295f525ff0e082c943a056f1e2e3425e669bf653ff65118a,9461f1e850c9b19a031127f7a888ebfb4a30ac1605d0d3a6c870abb329e33ba3,false,false,false,true,false,buffett
content/letters/berkshire_1978-巴菲特致股东信.md,content/letters,berkshire_1978-巴菲特致股东信,10717,25384,143,0,6,35,0,0,0,0,0,0,0,false,,c18bdee8e53a5b0cb3f253b66bc184ec9230fa9d3db54cdd38fadbdd136d2092,bcc98630aeb0870136ec70a58195f52d6580d6202b1ab967f4e1193040381ba5,false,false,false,true,false,buffett
content/letters/berkshire_1979-巴菲特致股东信.md,content/letters,berkshire_1979-巴菲特致股东信,14548,36656,209,0,9,41,0,0,0,0,0,0,0,false,,aae866a87cafef02f04deb7277e632675677c7a5405257a68c9497a3de199d65,eb846fbb24209e9c4ec76f5fec3e74c9b9c89614403b3e13f8a98ad9d06e5a5f,false,false,false,true,false,buffett
content/letters/berkshire_1980-巴菲特致股东信.md,content/letters,berkshire_1980-巴菲特致股东信,17168,42675,259,0,10,46,0,0,0,0,0,0,0,false,,f1dcef6a48a476c4cdd920d2f57d004590a58627251cbdc5123fedf4d923cf88,33f7fed1b423e0bd72bedd3456dafa5898f909ba9070e8417716e9f4806480e5,false,false,false,true,false,buffett
content/letters/berkshire_1981-巴菲特致股东信.md,content/letters,berkshire_1981-巴菲特致股东信,14964,37789,255,0,8,54,0,0,0,0,0,0,0,false,,2f9889445b8fe86ddf3066229e60e7db6e368c43ee21d43b8e343487e323b465,3c5db38d74cd883111786d985d691df711119895f3085d77c65154084c88dd17,false,false,false,true,false,buffett
content/letters/berkshire_1982-巴菲特致股东信.md,content/letters,berkshire_1982-巴菲特致股东信,17585,44580,291,0,6,50,0,0,0,0,0,0,0,false,,785bab5ab8cab668b7c2adb2680a9d3284524a528dc847f73445fe03596ba120,192b10e7fdf43c4c48333272f27572d59c86801901c164b00acc2872bcbed6f4,false,false,false,true,false,buffett
content/letters/berkshire_1983-巴菲特致股东信.md,content/letters,berkshire_1983-巴菲特致股东信,24761,63469,447,0,11,78,0,0,0,0,0,0,0,false,,59c3cc820c8155906b030675f833b60775973c49b1425d05ce1d731320c2f99c,c05c46f2bf96c50792a2952cfd93c46aa5c630dc4c9066d5be36c7da62a64640,false,false,false,true,false,buffett
content/letters/berkshire_1984-巴菲特致股东信.md,content/letters,berkshire_1984-巴菲特致股东信,26602,68175,389,0,9,78,0,0,0,0,0,0,0,false,,ddfec227c4631720bb83552073ba1cd96e5a6634226aa2806cd6f10237e7289f,1fae7a6a879da4791755ee3d6b8591a7c01630b784096af849261d8cd1377bd9,false,false,false,true,false,buffett
content/letters/berkshire_1985-巴菲特致股东信.md,content/letters,berkshire_1985-巴菲特致股东信,27943,74536,410,0,9,53,0,0,0,0,0,0,0,false,,555186cd0a31959c47a1e45b3091150309299b00dc3d798b9c1689503a187cb6,6f621026bb25b226aa1db051b92e75036f8a57f7d1be43ed3263fff217fb3015,false,false,false,true,false,buffett
content/letters/berkshire_1986-巴菲特致股东信.md,content/letters,berkshire_1986-巴菲特致股东信,28552,74615,503,0,19,95,0,0,0,0,0,0,0,false,,a846c79ddb02c83754926cccc88cc80eb960194b9ccd12d2a90b978787142d11,52e0877e4a804aee0b51002e4b7acfc38803fa5d21f92e97152d57c085fd81a0,false,false,false,true,false,buffett
content/letters/berkshire_1987-巴菲特致股东信.md,content/letters,berkshire_1987-巴菲特致股东信,26303,71184,416,0,16,37,0,0,0,0,0,0,0,false,,a0352262d342ff0f80df65545c2553bfafa457696404d0ed5c08c9a39a3fb7f5,d123b6b221d1ceb92b103101f299ada4e882fe3c8cdd8c017aa40c99708b1b00,false,false,false,true,false,buffett
content/letters/berkshire_1988-巴菲特致股东信.md,content/letters,berkshire_1988-巴菲特致股东信,24925,65865,447,0,19,40,0,0,0,0,0,0,0,false,,a20d2a8334e0ee266f7cc4518e484d97a9c9b254197eb301e000e4dee71fcb9e,54fea6c7d22a86fc00abcf959e901987c351986c0f06e716e8941ffdef6a3680,false,false,false,true,false,buffett
content/letters/berkshire_1989-巴菲特致股东信.md,content/letters,berkshire_1989-巴菲特致股东信,30654,81669,490,0,25,41,0,0,0,0,0,0,0,false,,64c64e5f57689043022200bee8b5855351fc627a2c53a94a88baba73fe609307,f4876e3a14713cc213f19520324f1ef6dd1f7b71ccf200f8901652d316358c55,false,false,false,true,false,buffett
content/letters/berkshire_1990-巴菲特致股东信.md,content/letters,berkshire_1990-巴菲特致股东信,32944,85905,605,0,17,99,1,1,0,0,0,0,0,false,,bb8fee492883e7a10c60b84bf780c02b27d36c97eff4c7b6bd95b3f38f095788,3cad70d781bb74eebe3cf9aa1fa7ab8747aced54ebf3fa403f874668b1547a4a,false,false,false,true,false,buffett
content/letters/berkshire_1991-巴菲特致股东信.md,content/letters,berkshire_1991-巴菲特致股东信,21669,52157,376,0,11,105,0,0,0,0,0,0,0,false,,9a9fd40709b1a52a5644741b9de48a16de3799cf4f52125e6a78d126c6b145a2,cdbb8344cfc621c6141a5365161f8bec1ff1a0abf08c966e2e9d28ba1694c24f,false,false,false,true,false,buffett
content/letters/berkshire_1992-巴菲特致股东信.md,content/letters,berkshire_1992-巴菲特致股东信,24829,62064,420,0,9,102,0,0,0,0,0,0,0,false,,603e67bce42bf655dbec75ceb571ee9d62c846cc9e3185ac68cd1eaf2dd430c3,7254e2f28edc233becea7878c8848eb0b60dc78657b4b843b1a15ca4643240f6,false,false,false,true,false,buffett
content/letters/berkshire_1993-巴菲特致股东信.md,content/letters,berkshire_1993-巴菲特致股东信,24269,61039,398,0,10,80,0,0,0,0,0,0,0,false,,8d949d7b808d4261f16a6b66db36666c4c4ea3db926304ae3bf6f989c63aeafe,3466df1a57ddcad5707fe089dc0e52ed34ed1f2ddb5d8640cccd5e384524cfc4,false,false,false,true,false,buffett
content/letters/berkshire_1994-巴菲特致股东信.md,content/letters,berkshire_1994-巴菲特致股东信,22026,54472,388,0,9,106,0,0,0,0,0,0,0,false,,d1a321168defa31907528ae3151f127a293f9eb90e48c861b6f3f22ca8c22926,acb91abd5aa6d97f592a6bb577a07dfe7795abbd138608677c44e328449a6eac,false,false,false,true,false,buffett
content/letters/berkshire_1995-巴菲特致股东信.md,content/letters,berkshire_1995-巴菲特致股东信,26743,68018,415,0,10,82,0,0,0,0,0,0,0,false,,ee13fdfa246a2e47df3dd428d800142966586bd53875ed9ffffd5db7d6f06ca5,df81fdaeb2219bc63f4a770647dc5df17a98805f21fcf4a11385a7a929b6e6a6,false,false,false,true,false,buffett
content/letters/berkshire_1996-巴菲特致股东信.md,content/letters,berkshire_1996-巴菲特致股东信,26010,66721,410,0,13,91,1,1,0,0,0,0,0,false,,a5aba630124b05107b4f351ce90b5ac4f3a7b6ed94dc32be183af691e1008f92,00c23c0339346a0835688f075f06a219130da5ba96bde6345d5b5abc3e179a04,false,false,false,true,false,buffett
content/letters/berkshire_1997-巴菲特致股东信.md,content/letters,berkshire_1997-巴菲特致股东信,26359,66123,433,0,14,102,1,1,0,1,0,0,0,false,,64e85883cf66340a6ba7dfa939080993e6296e022f02cba7a03b5c1ab96f48bf,5dad4687d2583be18000adfb01a711fbcc5fdbdd33958a7274d78b67465c147f,false,false,false,true,false,buffett
content/letters/berkshire_1998-巴菲特致股东信.md,content/letters,berkshire_1998-巴菲特致股东信,24837,65073,414,0,12,68,1,1,0,2,0,0,0,false,,e73af37a810f4986bd62815ee974b29bfbdd7129b4fcfebcc9b122a8f4bb04cb,e7b1573f56bc0cad3c1d4ed3b1c0bc848eb156578d9829c31c57ff562bad3e73,false,false,false,true,false,buffett
content/letters/berkshire_1999-巴菲特致股东信.md,content/letters,berkshire_1999-巴菲特致股东信,26344,69036,428,0,13,77,1,1,0,0,0,0,0,false,,9b522a255faace08735532f5dc6669c99ef918d25a23dbb2caaf6e8442537165,da70384787f71cc7b4d575873a991baf7a71bcc3fa317d334e8ed7e0f88adcce,false,false,false,true,false,buffett
content/letters/berkshire_2000-巴菲特致股东信.md,content/letters,berkshire_2000-巴菲特致股东信,29520,75415,513,0,11,103,1,1,0,0,0,0,0,false,,93d47cc20f56fe4d1ebc3b25ec8c47a7500a637f2c6a717202ae01509e24881f,303aac30d40da1c98b2836b97659fc7e8582ab3b7f7f859e1928baf52eed756b,false,false,false,true,false,buffett
content/letters/berkshire_2001-巴菲特致股东信.md,content/letters,berkshire_2001-巴菲特致股东信,28036,70656,466,0,11,86,1,1,0,1,0,0,0,false,,0b327402a2fdfd00a138b61f3356ffefb2e58cbc73608194359104aa91b32548,13c3ed81b6ed8b175ff8a922ad942e62ee2aab673f6839aab7797ecd9dbb1a9e,false,false,false,true,false,buffett
content/letters/berkshire_2002-巴菲特致股东信.md,content/letters,berkshire_2002-巴菲特致股东信,32174,83128,573,0,12,91,1,1,0,0,0,0,0,false,,855d19c37483e31882a9448c1d683adb8d81f42d7d0e9806b483882ca196a0a8,5653e586941fe664c4e13a9917ac4e7e09601d326879a51c736aebeb6d326a02,false,false,false,true,false,buffett
content/letters/berkshire_2003-巴菲特致股东信.md,content/letters,berkshire_2003-巴菲特致股东信,32198,79825,606,0,15,153,5,5,0,2,0,0,0,false,,755608b81d092904f57cf7321a90ebb33862a768cfab7788b2e731b9c20105ce,93d6bfbd4afc639324314134349efc0d07c8d021504223130ddfbd77059e90b9,false,false,false,true,false,buffett
content/letters/berkshire_2004-巴菲特致股东信.md,content/letters,berkshire_2004-巴菲特致股东信,34277,83577,631,0,11,186,1,1,0,0,0,0,0,false,,e9c204495dba940d1897dc0e8812b3627fc7db8a204c0494bf9664c867235d43,478da74542b669cd0baee66fd8cbd3e618f264aec58455726f4c55949e701335,false,false,false,true,false,buffett
content/letters/berkshire_2005-巴菲特致股东信.md,content/letters,berkshire_2005-巴菲特致股东信,28247,73317,500,0,10,99,0,0,0,0,0,0,0,false,,b5b95bee18afc7c15c1bd8131d6d1db4351edc47147d18050a2325120a3d7e1a,be047be78af704c9348615eb8f44330a77a26b49ade12fa6ef14fb7e0e81b20a,false,false,false,true,false,buffett
content/letters/berkshire_2006-巴菲特致股东信.md,content/letters,berkshire_2006-巴菲特致股东信,23971,58665,477,0,14,123,1,1,0,1,0,0,0,false,,e4cff9c295db7fa7422c5eb768fd963196fdaed67d5f37290628d77735dc2af2,c4dd8533c481fb60b9d67ed4e20acc9aae6349e9890c901b133c43feeea0faef,false,false,false,false,false,buffett
content/letters/berkshire_2007-巴菲特致股东信.md,content/letters,berkshire_2007-巴菲特致股东信,29019,71865,578,0,11,147,1,1,0,0,0,0,0,false,,0624e301ba99ecdfc643edf1a649645f08802ba26e3d8cd81f0b5c8388b80e60,6034eb0051ce1c9096e988de1aeed11c155073f10cd1fd7dd9b2e5649e187d25,false,false,false,true,false,buffett
content/letters/berkshire_2008-巴菲特致股东信.md,content/letters,berkshire_2008-巴菲特致股东信,30297,76909,538,0,11,117,1,1,0,0,0,0,0,false,,3777bc23cd262701fadb401c63a771fbb56b8bbc56e2516f3a6c1d4a1acb9b64,c93b57e00813b747c0e01fc7390835f7035a5af3d353a81c7726ed50d766c539,false,false,false,true,false,buffett
content/letters/berkshire_2009-巴菲特致股东信.md,content/letters,berkshire_2009-巴菲特致股东信,26151,65634,507,0,10,134,1,1,0,0,0,0,0,false,,82d8ec22e591d55a69c4dbe873a541d4addf38e3328f61d0ad3e2f4fcb73a06b,e59d45a5cd0f8aa05a15f08c01540a00003227ec62b82f7ebb2b96c9634fe92b,false,false,false,false,false,buffett
content/letters/berkshire_2010-巴菲特致股东信.md,content/letters,berkshire_2010-巴菲特致股东信,36124,88345,701,0,15,187,1,1,0,0,0,0,0,false,,469db5f89e5a9247ab95d8d98e412457acc1982497a209f7151bd3eacb001dfb,990dffb6e6102290506a1f746c9d65f2a1b2c2cb8177ae86ea1b91b20bfba56b,false,false,false,true,false,buffett
content/letters/berkshire_2011-巴菲特致股东信.md,content/letters,berkshire_2011-巴菲特致股东信,31448,80419,545,0,10,125,1,1,0,0,0,0,0,false,,23bc27808982f2c9023d9216dc98db8f3e123821b446899639bc3006fe12e900,99b3bd70da1600365c199b652ddef6ab6157f40ab863360930697f79d8ae802c,false,false,false,true,false,buffett
content/letters/berkshire_2012-巴菲特致股东信.md,content/letters,berkshire_2012-巴菲特致股东信,31611,79132,624,0,10,135,1,1,0,0,0,0,0,false,,855486bd5b8d74ac9eb18dc9fc11b660f8f5446326b94d7940a7114de4f90a7b,7bb9c5ca82d3157dc704d411ebb4fa1f262bf819c33e073b17736bfbe50a9769,false,false,false,true,false,buffett
content/letters/berkshire_2013-巴菲特致股东信.md,content/letters,berkshire_2013-巴菲特致股东信,30400,76020,623,0,10,136,1,1,0,0,0,0,0,false,,ce9e3805015eb5eb4964e94898c223d307a53b7cc56f70bdc9bf0c7a73fac877,81eb554d66e448a292c846f3db99b07f7eb7f7625f0eff460eeda073d0815065,false,false,false,true,false,buffett
content/letters/berkshire_2014-巴菲特致股东信.md,content/letters,berkshire_2014-巴菲特致股东信,28038,69507,547,0,9,140,2,2,0,0,0,0,0,false,,29ba741eb339870bfc84081bda74d27550c6ee147c1e695f8b4e0795b047fbdf,e1b81516478cb7bd560db2b7e00f368f793a9ff2f11385e26dfa282a9096db9a,false,false,false,true,false,buffett
content/letters/berkshire_2015-巴菲特致股东信.md,content/letters,berkshire_2015-巴菲特致股东信,37591,95382,668,0,11,143,2,2,0,0,0,0,0,false,,bd278cfa0be407b5d0759c449211e46dd7cb900237bde91ceb852faaf7b00b68,3d37d2d1b0df7a0fa29d0a5a758e08f7a9276504d843e39b00a94e41d43959b4,false,false,false,true,false,buffett
content/letters/berkshire_2016-巴菲特致股东信.md,content/letters,berkshire_2016-巴菲特致股东信,36966,92414,711,0,10,176,4,4,0,0,0,0,0,false,,7b51020ebc6bf84efdd3ed59064cba18979a8d9eea3beb66eee0beff39d5e674,8d43ed10db37497c1440acfda2c3f3ccfba98631134d414a70d79eb1bef2389b,false,false,false,true,false,buffett
content/letters/berkshire_2017-巴菲特致股东信.md,content/letters,berkshire_2017-巴菲特致股东信,22118,53196,447,0,5,104,1,1,0,0,0,0,0,false,,ecdd99f09f78a996a8360b824a135c4b16fd067d296786005db4bf38797e7839,08d7079688c35ffeedfbc5a73de7190588011ea04c669b03af142cf003cc40ea,false,false,false,true,false,buffett
content/letters/berkshire_2018-巴菲特致股东信.md,content/letters,berkshire_2018-巴菲特致股东信,17450,42590,381,0,9,93,0,0,0,0,0,0,0,false,,d51264c218e5c468bd65251d44ee9215ca4dd6ed496a3e1385591c4af42b89b8,cddafbfc93b275f16fa81b9e3c942a4ca492a82197602522c7891901d0803589,false,false,false,true,false,buffett
content/letters/berkshire_2019-巴菲特致股东信.md,content/letters,berkshire_2019-巴菲特致股东信,17768,43099,388,0,9,100,0,0,0,0,0,0,0,false,,6c0e25689697f876103020ba984ab2fcaa8174b1f3218e27cbd35a18326a77e5,6bce877f2c2f8c8f5b00e6acd7681eadc957777eb239d2f86d12e2a3d9d84ff2,false,false,false,true,false,buffett
content/letters/berkshire_2020-巴菲特致股东信.md,content/letters,berkshire_2020-巴菲特致股东信,17192,42972,387,0,8,79,0,0,0,0,0,0,0,false,,47e57b6a2c3d742bafb234b57c744c6890a62f06c5d26eec612b419d61eaae45,007342e61bee90c4a16ad20da008237f43eef2c3d964b3a9673e583eca344abe,false,false,false,true,false,buffett
content/letters/berkshire_2021-巴菲特致股东信.md,content/letters,berkshire_2021-巴菲特致股东信,11346,29585,242,0,9,18,0,0,0,0,0,0,0,false,,db8dee743853422af92210e5cfabf94ad0e34cf92262d11ccd61f1dd13e05067,e5358cdb093348b68b32a534266d502bce8838aee89c0ec369e161bbd096082d,false,false,false,false,false,buffett
content/letters/berkshire_2022-巴菲特致股东信.md,content/letters,berkshire_2022-巴菲特致股东信,9063,22077,264,0,8,68,0,0,0,0,0,0,0,false,,0d224d1f4c0d63d87735721373d72250a1da7e3ddb9b9f0fc5353d248d7a1d23,8eed9ab3e494ec99b4692455ff60724a08981fabd7494242ef3471c436660654,false,false,false,true,false,buffett
content/letters/berkshire_2023-巴菲特致股东信.md,content/letters,berkshire_2023-巴菲特致股东信,13986,35999,319,0,7,71,0,0,0,0,0,0,0,false,,49aa49d6b3d6bc371004997799b2e6c48dfd537e47d4785cfc2f547ca4469b27,e68eaae53d5620fa5e21c842dc645e99bee325c104b5ba1d77cb3d9fcb06255d,false,false,false,true,false,buffett
content/letters/berkshire_2024-巴菲特致股东信.md,content/letters,berkshire_2024-巴菲特致股东信,13009,32900,308,0,9,74,0,0,0,0,0,0,0,false,,5d0ca71a9e7cd3aa1ea1be71c14eba59713fb6e51f74b2b117cf41f200712238,7fde267559fd60156e20eeb803ea2f7ff5a0d7b3fc0b805e9347c3129f1e8108,false,false,false,false,false,buffett
content/letters/berkshire_2025-巴菲特致股东信.md,content/letters,berkshire_2025-巴菲特致股东信,7793,21516,178,0,4,0,0,0,0,0,0,0,0,false,,45be3bf4e4529f293fe41217f4948bebddca7622a7865220a77b03a1ee99d336,cbf72e24095ab529dd97a2137df380097e6351c4a4b56331da5785de93f80462,false,false,false,false,false,buffett
content/models/accounting-as-language-its-limits.md,content/models,会计作为商业语言及其局限,7148,19093,192,1,20,0,0,0,0,1,0,9,0,true,source|sourceUrl,7556f93e97bf31bf7eeacf984466ce9ed1fe7eb67a92bdbbb48a1b574d564883,761ffa3f6619f5e39a6fc445248b54b6eac1f39cddeaf17046e829238696613f,false,false,false,false,true,munger
content/models/action-reaction.md,content/models,作用力与反作用力,6065,16302,154,1,13,0,0,0,0,1,0,12,0,true,source|sourceUrl,767b9e73de7ed916fe35f4b60eec3bf0ad68213d41914e4235c1d8da91851e49,a6aa4ad8a7533785fd252875291f9f2af78cf395e26c71b36c4ded8c7ae0ae71,false,false,false,false,true,munger
content/models/adaptation-path-dependence.md,content/models,适应性与路径依赖,7013,18217,159,1,13,0,0,0,0,1,0,16,0,true,source|sourceUrl,ec2beb4955454aab0edd84311b10fc0b3f5e5ea28b3f426023dcce6e1264cc45,0e44c2cbfd3e17e959f5318bc1ee54f8ed665a99e4bab4b30182ef484ef962d1,false,false,false,false,true,munger
content/models/adaptation.md,content/models,适应性,7407,19829,181,1,13,0,0,0,0,1,0,15,0,true,source|sourceUrl,49946277c81de7a0817f760da5b8d9b9ef358f339f585aa89c5c33754c7d6c1b,118f29e71f4978ec206359a9a0486adcf3f5de68405223b603b5b8c8071555c7,false,false,false,false,true,munger
content/models/adaptive-radiation.md,content/models,适应性辐射,5060,13908,124,1,11,0,0,0,0,1,0,9,0,true,source|sourceUrl,ef3ecdac17b1ff7008779d9e38c8b0a2744d8604ee924ceb3806694f128ff543,917575ea7b38e6d2aebefc1cf93f6987f4405fc14ea62c54781fb4c2879261fe,false,false,false,false,true,munger
content/models/adversarial-system.md,content/models,对抗制与辩证过程,8293,21463,195,1,15,0,0,0,0,1,0,14,0,true,source|sourceUrl,5693db5f745287064990c99edd6b851f365ebe9f50b16ff6d18d555fa53bd44b,0c5523e6192fa8c3b41fc383506febababb1db27f38cb148bb55f98ca827275e,false,false,false,false,true,munger
content/models/adverse-selection.md,content/models,逆向选择,8095,21934,187,1,16,0,0,0,0,1,0,13,0,true,source|sourceUrl,7c3e8d2335de086ad7662043b6251163d9a32a1df23a8710249cbf3160a422ec,4f16a2ae8800e28073d17ddda167a2f69fffc6329588443ff8efae494c2ff0e7,false,false,false,false,true,munger
content/models/agency-costs.md,content/models,代理成本,7558,19995,171,1,14,0,0,0,0,1,0,10,0,true,source|sourceUrl,3913b0cbdcf7ffe02b59d2806832bfd0c2e056932725c3b7528100bb04dd85a5,ae5f3daec10184f46ea62fe78c5eaa47740277481db19989fc92a16f85fab68f,false,false,false,false,true,munger
content/models/anchoring-bias.md,content/models,锚定偏差,7146,18551,197,1,11,0,0,0,0,1,0,10,0,true,source|sourceUrl,07f88a93040298611cf3ebabaa6b1262cee80c2291d76b7f89212bc0f5fdb580,a5039044fc10f0cadfebca15ed733f46f7d82d9e913ac36cd684a8a7455cf507,false,false,false,false,true,munger
content/models/antifragile-design.md,content/models,反脆弱设计,6837,19283,173,1,12,0,0,0,0,1,0,9,0,true,source|sourceUrl,2884bfefd7537534a543daa64e0a38054a18fc2e1ec4b9134299b1de4644241e,2ba1cf8ed81075e42101e63a6edf7bada7347c006fee90e97e672299ce7c5ec3,false,false,false,false,true,munger
content/models/arithmetic-expected-value.md,content/models,算术期望值,5967,15009,187,1,14,0,0,0,0,1,0,17,0,true,source|sourceUrl,92546d654ce2f29be8ef4308ee4c1d0eeb3d0fda0e3350c0bd3fbc059b42068f,090a64b50da5692ffa5d8eec507f9e93765b4e383f3b6a723bc1fc10a7855327,false,false,false,false,true,munger
content/models/asymmetric-information.md,content/models,信息不对称,6837,18012,183,1,14,0,0,0,0,1,0,16,0,true,source|sourceUrl,cbd434c0c925dcd268c45476a6a21bb1a83485bf2985d0f025242288a6505580,77762525c33c4d3cac60a9f4c34bf1feff0af7fb5e213b2bbe76b0c5f489f816,false,false,false,false,true,munger
content/models/asymmetry-convexity.md,content/models,不对称性与凸性,6480,17301,198,1,11,0,0,0,0,1,0,13,0,true,source|sourceUrl,a4d56798aea2a334b195348ab2acd3f03155be46411d9992585e818f418925f1,6d62f8cdf028c723cd444a4d405b095f1487bd48d53329da406c5658f25575fc,false,false,false,false,true,munger
content/models/audit-independent-verification.md,content/models,审计与独立验证,8343,21845,201,1,15,0,0,0,0,1,0,11,0,true,source|sourceUrl,07f9940103d216e22b49075fb3e97452b2a9c95ae5142cbfb1117ae377d31bc8,a298d3e87a94e7dc3bcc04d090ffe2b34cb3ec8d9fadc64b56d3e91a6a540600,false,false,false,false,true,munger
content/models/authority-misinfluence-tendency.md,content/models,权威错误影响倾向,8701,22902,208,1,12,0,0,0,0,2,1,11,0,true,source|sourceUrl,e193b785bd2102f94884d8732617e9a43adbddbebb6a4e5f57607d674d3d1fce,e3f23c86a1f85308529f74423f40655a458f58b0dc07241131032c0e3214d12b,false,false,false,false,true,munger
content/models/autocatalysis.md,content/models,自我催化模型,6527,17752,183,1,13,0,0,0,0,1,0,11,0,true,source|sourceUrl,b1582d7b951000069ece915b0039b2bcb95a9ab1649f1d981afec47139c063f0,d4e7c04436f5cd29ec2814624c765ec177b7a4f3fa093bab595d06f4efa58f38,false,false,false,false,true,munger
content/models/automation-checklists.md,content/models,自动化与检查清单,6721,17923,173,1,13,0,0,0,0,1,0,17,0,true,source|sourceUrl,9bacb8c4295b34d03eb25d8fb44d317b6d17ee7ecb2a1689e7590e5bddd331f9,211d6dcf452a921d2ba35f669ea8bbe2e2ea72cccb813c4a91bc5bf7d920b6ac,false,false,false,false,true,munger
content/models/availability-misweighing-tendency.md,content/models,错误衡量易得性倾向,7306,19660,167,1,10,0,0,0,0,2,1,9,0,true,source|sourceUrl,451fbd2362d0753c22b936510ea31d001a4ae27087f14bbb999dbc6e050e6401,fb76bf63df7235cba22ee1dcb07cbe7015e95a2a143afc4f664e7c73fc1219e9,false,false,false,false,true,munger
content/models/avoiding-ideology.md,content/models,避免意识形态偏见,8967,24528,196,1,13,0,0,0,0,1,0,11,0,true,source|sourceUrl,d00974f138a6da5138c3cf52c980297e19013d9ad30f7de589fdb0478a894c50,f7343a8b37712357d62bb2833a75e0ab65b45df295ac2a936c8f17bec84f6f27,false,false,false,false,true,munger
content/models/avoiding-stupidity-over-seeking-brilliance.md,content/models,避蠢优于求智,6729,18173,174,1,12,0,0,0,0,1,0,10,0,true,source|sourceUrl,8afb785b8a53c442fe3e1a6771c7f60ed350182966650bfd407f2fb23d78315a,43b6676fc8874d1c497be2abf76d7529c344da1e0f53c0dc704196d7e7aeffa5,false,false,false,false,true,munger
content/models/basic-arithmetic-order-of-magnitude-estimation.md,content/models,基本算术与数量级估算,6272,16849,192,1,13,0,0,0,0,1,0,8,0,true,source|sourceUrl,be5902c7e5f1bd6960f8cdc216f84accba7bcc3451b283b9ba7f71400fe1d336,db6731a3586f4c12308a66220e442fd8ce740e5c8f5d46cd2bbe1bbde4aa795d,false,false,false,false,true,munger
content/models/basic-game-theory.md,content/models,博弈论基础,6712,17212,215,1,16,0,0,0,0,1,0,17,0,true,source|sourceUrl,1771908a93d7526612594f5449cb466268ab8a91221ac24b02f5b3b5ac5208c3,6c0c3b6d24bb9a61d39794d9f536cabe5a3211a2ba4fcb2db58d5b76af4662ba,false,false,false,false,true,munger
content/models/basics-of-contract-law.md,content/models,合同法基本原则,6331,16582,138,1,12,0,0,0,0,1,0,13,0,true,source|sourceUrl,0efdd4b4f4824356feb32dc0da1d218d57fcab1b2833c0b2a3c57fcd8e65d343,c54c6eea82ccee8c6225523130ad0eac33947cc2cec9562df56e1352ae898fcc,false,false,false,false,true,munger
content/models/bayes-theorem.md,content/models,贝叶斯定理,6512,16841,209,1,11,0,0,0,0,1,0,16,0,true,source|sourceUrl,5d55e0a36f04821333db1e590bd0dda7be22105fe85370534006a3d83b0f6b47,0aeb693d8b8c64a085ae842b315ca6d708daabc4c4a62b145283f25bb2eb284f,false,false,false,false,true,munger
content/models/bayesian-updating.md,content/models,贝叶斯更新,7337,19234,179,1,11,0,0,0,0,1,0,14,0,true,source|sourceUrl,d0ef0e139ef410a425aae2e28596298dab91712d0d62cd87ff1dd2f88ad2511d,2247adeb08edffd1589cfefd5af54222a85616d0b466cf45edb2a9d01b866f34,false,false,false,false,true,munger
content/models/bet-seldom-bet-big.md,content/models,少下注下大注,7929,19691,197,1,15,0,0,0,0,1,0,19,0,true,source|sourceUrl,e03478fb0e8a2ccdfa332c771f30ef675302fd7459e1ca27a88170f5f8a61658,6c78303419c20a24c16480d2ba7a1d41dacf580c6e3b54662c0aae8c75ff241a,false,false,false,false,true,munger
content/models/biological-redundancy.md,content/models,生物冗余设计,5625,15190,129,1,11,0,0,0,0,1,0,11,0,true,source|sourceUrl,6395230ddab29676e0c958e310455673a3f9409166107dbd71b41ec2369fc1ca,f4f291dc8a7cea5c93544b365362ec972fff6f19f45008f7add4473fea27a03e,false,false,false,false,true,munger
content/models/bottleneck-effect-founder-effect.md,content/models,瓶颈效应与创始人效应,5580,15986,132,1,13,0,0,0,0,1,0,7,0,true,source|sourceUrl,16b608040c444a95bbeb75168bcd930ccc81f7f6eb02dcbbfce2406a8326afe5,c0aefa4664082f152d38844c668cda12f9c8c7d5fecfcfdc411c075046e972d4,false,false,false,false,true,munger
content/models/brand-power.md,content/models,品牌认同,7589,19163,167,1,11,0,0,0,0,1,0,17,0,true,source|sourceUrl,3c13fe17651ec15185b892a8ce9fbc620e6f558ebc020d69abbc99b750482644,19c80387c467d78e274c7fd5230dd04bf46e236e61f55b92900a2811d4be8737,false,false,false,false,true,munger
content/models/breakpoints.md,content/models,断裂点,7007,18979,184,1,13,0,0,0,0,1,0,12,0,true,source|sourceUrl,8ece898188535fc208365928a1badb72f2885b469665b63f2bbb645240a1f3fc,4007731d93eb77fad6b44656c25e0fdc2da87bae078319a2d6c587dc9d4c72eb,false,false,false,false,true,munger
content/models/burden-of-proof.md,content/models,举证责任与证据标准,8084,20452,192,1,14,0,0,0,0,1,0,18,0,true,source|sourceUrl,fd7c0988e464909dab058c421d8c4e849eb6eb3aaf9cfefcdd657ab292a93dc1,bcc6e328e0968f104fd1e04d6b9cdecfb36150fe6249d0c3788c2496e87f6a38,false,false,false,false,true,munger
content/models/cash-flow-vs-earnings.md,content/models,现金流量vs利润,8379,21870,232,1,18,0,0,0,0,1,0,9,0,true,source|sourceUrl,b8aec20e959eb3317e0fd3027ed85a9be727d2e0af3f586613dd16ab20f7c6d0,71473e1e4bce35143ade65693dcd2761ac70af51a5f97044e17d7a6aab57128a,false,false,false,false,true,munger
content/models/catalysts.md,content/models,催化剂,6253,17031,163,1,13,0,0,0,0,1,0,8,0,true,source|sourceUrl,dd753de0a0c56add4cb9f62b56eee80ccceebacd55c60445d4fb1f3e66226905,afe399bf03e06f1ae75b3cb953920cf703dac561487f46432c24248425bcf3fb,false,false,false,false,true,munger
content/models/checklist-method.md,content/models,检查清单方法,7312,19604,181,1,13,0,0,0,0,1,0,17,0,true,source|sourceUrl,41793f0b74f745222fd69988a94b159b5b7eba789784ff2b17fd7c29709f89a6,77befa9ba8d72e628c72e44fdc459b21c3b63c68d52f4c60112a2570b9bcdc0e,false,false,false,false,true,munger
content/models/circle-of-competence-management-level.md,content/models,能力圈（管理层面）,4966,12957,137,1,12,0,0,0,0,1,0,7,0,true,source|sourceUrl,f18062f7ca708426d7005f8a98066217f4aa38ad96a4879f02bc783d8a95e6e6,52c55818810dcd02dbc5c35c119fd8a3059f23ddcbc08385535fceb932134b57,false,false,false,false,true,munger
content/models/circle-of-competence-metacognitive-level.md,content/models,能力圈（元认知层面）,6053,16036,174,1,15,0,0,0,0,1,0,15,0,true,source|sourceUrl,18c5d66168e5e6aa32a00cdb0d9fd8148d8e765c11a4884e23e47e718c06bbbc,4222d51898c24cdc4a5a3e068ed3df6d086bd0a6edb121e5627e0d95830a5328,false,false,false,false,true,munger
content/models/circle-of-competence.md,content/models,能力圈,11471,29652,270,1,17,0,0,0,0,2,1,26,0,true,source|sourceUrl,f25b115d3071fa34158a470b5938922fb95cd681894ae35e9bc93fbfd11cc348,2a7eaac68294c47311a0a8605e246411dc6c47ce2afa1e3be7db950c8abcfcfd,false,false,false,false,true,munger
content/models/co-evolution.md,content/models,协同进化,7138,19373,166,1,14,0,0,0,0,1,0,10,0,true,source|sourceUrl,de02c779a45286660ca3d0530bc27dec03bd96e30eb89adbf6ac513ffcb92715,137a21c64dd35bf2f9c3e5a437c71d49c55c73bae5fe8486ed348d6ebcea5dec,false,false,false,false,true,munger
content/models/comparative-advantage.md,content/models,比较优势,6339,16670,166,1,13,0,0,0,0,1,0,10,0,true,source|sourceUrl,ddb85e47be56183eaf19c147b4a9fbe191a62892259af71dd926aa30dc0848c5,139b29d2ff78f1c7bff45291a349f302047a37cf1b68027546c33be312242347,false,false,false,false,true,munger
content/models/competitive-destruction.md,content/models,竞争性毁灭,7233,19044,166,1,13,0,0,0,0,1,0,12,0,true,source|sourceUrl,1ef37f9e7327f093da6103a36fe54115d123fb5eb07545aac8df1e1808c2f0ca,f7e99031eb38cb080fd5ff81d8b758cc7c41c2d7dc149738f332db1e3b589f92,false,false,false,false,true,munger
content/models/complex-adaptive-systems.md,content/models,复杂适应系统,8057,21859,178,1,14,0,0,0,0,1,0,13,0,true,source|sourceUrl,f24118d2ff39adf77c26e18f9a0c6fe7ac64b5a558a7b27607d3c74633236bbc,3d16af31fdf6c445f9344400ca0cf0fd94eb83f50ce996c60e17906a6689f57e,false,false,false,false,true,munger
content/models/complex-systems.md,content/models,复杂系统,9219,24523,211,1,12,0,0,0,0,1,0,28,0,true,source|sourceUrl,28bbe494f3ce40c38b76fd0f2cdfe57d9aa999bc177a2089863b935171ca55ff,2c35b19f04056193fe9b1446df9eaac1daff9df6ca60d2f0c15dcce70c016f8c,false,false,false,false,true,munger
content/models/compound-interest.md,content/models,复利效应,6159,16050,175,1,13,0,0,0,0,1,0,15,0,true,source|sourceUrl,94a0b50ec29968c58d32de24a507d7710de7ecc1d0b60458d006993f4de165f7,8dd54e948f130a7b1e1c9abfbfc25e0383cadb99555bc8d94140d385c60ebba5,false,false,false,false,true,munger
content/models/concentration-less-is-more.md,content/models,集中持仓,6870,17724,165,1,13,0,0,0,0,1,0,12,0,true,source|sourceUrl,7ec2923e6829d61d13f0cc5bb6f93f58346c8acfcd27b43c64b9faf470febd07,09804ead76094f34dbfb2e106faf4db5b37b17c2704e6c576ddbbc7a5c719fca,false,false,false,false,true,munger
content/models/conditional-probability-base-rates.md,content/models,条件概率与基础比率,9070,23523,276,1,13,0,0,0,0,1,0,14,0,true,source|sourceUrl,175817fb305c8830fe893c76a0e6850e8b5b08679acc7331780ba3efd151f027,9fdc9066322cc562c30155c8cc9be9f670945e56dd45a169ff48deeb8d77d355,false,false,false,false,true,munger
content/models/confidence-calibration.md,content/models,置信度校准,6700,17839,166,1,12,0,0,0,0,1,0,12,0,true,source|sourceUrl,39c319ff3fd4e52377a1463350b889f13282f06d747e5f8b9d8b326855f85e96,3ae49330648480c8ede6c8342cedf85fb3bd85b24a07d171c70a60410c8f86f9,false,false,false,false,true,munger
content/models/consequentialism-vs-deontology.md,content/models,后果主义vs义务论,5648,16358,167,1,18,0,0,0,0,1,0,9,0,true,source|sourceUrl,3c5795d55da05c5227c31412046dc2908deb5e734afec0c50367c799582601a0,55958f40a63690fbe5a0e7b33b0cf902775708b832d8b29ace77d079a78b73ae,false,false,false,false,true,munger
content/models/conservation-of-energy.md,content/models,能量守恒,7309,20155,186,1,14,0,0,0,0,1,0,8,0,true,source|sourceUrl,d616d6324469204893fe40febfdb2f3f7b6c9a0585f92a1cf5db05b6f51ad192,782a3b5189166de96d00d11ad91e1e4d5223f6e71dc186a192839b043748030f,false,false,false,false,true,munger
content/models/contrast-misreaction-tendency.md,content/models,对比错误反应倾向,8483,22924,207,1,11,0,0,0,0,2,1,11,0,true,source|sourceUrl,ddb42251d74be97beee39382fb04d78621a0307d88f9241925d26249a7ee97d8,8fd4661b9429781e8cb7544173d7aa996066671bc76e50f269fd9c6166078ad8,false,false,false,false,true,munger
content/models/convergent-evolution.md,content/models,趋同进化,5529,15707,131,1,13,0,0,0,0,1,0,11,0,true,source|sourceUrl,1fb6347e99692ada193c90fbd9bf788e773455f6052470a1442364b969ec1654,349add12aa025839fc1d63810e7ca22e1b069e8e805966a34ce71891de2b7cce,false,false,false,false,true,munger
content/models/corporate-culture-as-asset.md,content/models,企业文化作为资产,7144,18958,164,1,12,0,0,0,0,1,0,9,0,true,source|sourceUrl,9582264feb5cc7e19d63a21a2bb6b5fb0099dbf305f4aecf7857004effce2de5,d16166d528b26f0903cd1a7eb19d78a754d76a2bfaac99112b2a6034c15a1544,false,false,false,false,true,munger
content/models/correlation-is-not-causation.md,content/models,相关不等于因果,9282,24616,263,1,13,0,0,0,0,1,0,18,0,true,source|sourceUrl,963458d4c065374a422fa964e38f90527dee293f069633853453125e796a7b07,4210bedab1243e7523571f0848f22037bd83d0fda9c43651f90a8bb61fd02488,false,false,false,false,true,munger
content/models/critical-mass-phase-transitions-in-systems.md,content/models,临界质量与相变,7385,20181,176,1,12,0,0,0,0,1,0,12,0,true,source|sourceUrl,d277e0dcee6955aca88a597ac6582cd604f306693cc2e71d2dd7d514a36efdaa,390939769b9d7da5670087773c0bfe9a1dd117676e92e0d6e11584f00c2636b2,false,false,false,false,true,munger
content/models/critical-mass.md,content/models,临界质量,6136,16597,160,1,12,0,0,0,0,1,0,8,0,true,source|sourceUrl,cc0ee83d344ccfbd90abdc97f7606a56c3489fc6c86e2a76d6704f8d6b62c2eb,53c055fa6700e9fda5fe5bbd2db839469efd26dac5d4f03db62520a21c1b83f4,false,false,false,false,true,munger
content/models/curiosity-tendency.md,content/models,好奇心倾向,636,2176,34,1,2,0,0,0,0,2,1,0,0,true,source|sourceUrl,4ed31e5c9ce44d1ecfb4e279c161b51b0feef03bddb5ba6153b791e3dabc955e,4260423b32acc807031aa6efb9229807b8f279733c04fdd287538af212e09e1a,false,true,false,false,false,munger
content/models/darwinian-objectivity.md,content/models,达尔文式客观态度,7216,19922,178,1,13,0,0,0,0,1,0,8,0,true,source|sourceUrl,07ea9e28b73795a8f84f32c3d06c34ab287347700034c7d535e8f042147b62d5,458d80e429343c0674fa981f752c683956280c1535e2e0929f66fefceb4beff0,false,false,false,false,true,munger
content/models/decision-tree-theory.md,content/models,决策树理论,7005,17775,211,1,10,0,0,0,0,1,0,12,0,true,source|sourceUrl,c186b2dece10649c9cd233865699324ea276382a0d91a1de2af6cc116655676f,240962194a545e71f6073abf7de70951480e7f031fb02b002c97761876cff57e,false,false,false,false,true,munger
content/models/deferred-revenue-revenue-recognition.md,content/models,递延收入与收入确认,7516,19619,215,1,15,0,0,0,0,1,0,9,0,true,source|sourceUrl,f09d9243006d595c1e67965ce880421eb6834c8cf8c8a5e33c11d02a88600f4d,42e451afceddcbc065566757801a77f7a5291ee4284677c052a1aec1db285995,false,false,false,false,true,munger
content/models/delay-effects.md,content/models,延迟效应,6866,18718,185,1,13,0,0,0,0,1,0,10,0,true,source|sourceUrl,588201aa22f560a356a6c4ea972b4de06333852e0cc1be13050951b95577c6f0,ed060bb19ec947b610a7fb15167dddcffaac934b4703c4d085c13726c4b312d9,false,false,false,false,true,munger
content/models/depreciation-amortization.md,content/models,折旧与摊销,6437,16878,165,1,11,0,0,0,0,1,0,7,0,true,source|sourceUrl,e902bd593151480e383f87f633ad99a3d86435af0a08235b5eb50373e65db635,8ae035921cc1639ef17ac82d19b21f9af7b06200aa7af4ebffb5b3e8bb5c7844,false,false,false,false,true,munger
content/models/deprival-superreaction-tendency.md,content/models,被剥夺超级反应倾向,9041,24493,202,1,12,0,0,0,0,2,1,10,0,true,source|sourceUrl,cda5294b153aa66f75a50897759191da1f81ca95dca8edfa9e520a8e8e8d0e37,8ae156db7af8cab51df45785f312f94371bf61e104b18ebf0fa5303479e87f82,false,false,false,false,true,munger
content/models/design-for-maintainability.md,content/models,可维护性设计,5830,16318,147,1,12,0,0,0,0,1,0,10,0,true,source|sourceUrl,ffda6a4b1f572776ca47451a2d653036fdccc804375711094f27e234853fba74,3fbd9457a2366a5ed66db62b512d2e3f2a739d277c49313b9533b1ff9fc9cf54,false,false,false,false,true,munger
content/models/discounted-cash-flow.md,content/models,现金流贴现法,7226,19828,189,1,15,0,0,0,0,1,0,11,0,true,source|sourceUrl,6aa52f1c145320c44560067774f3c250195f21136f762f8f38f25107f72a9a31,588523eea2e13a3646ed2ffa5bb491ec3e74366d80fedcb2ff6992bc5185ee84,false,false,false,false,true,munger
content/models/disliking-hating-tendency.md,content/models,讨厌与憎恨倾向,7542,19834,189,1,12,0,0,0,0,2,1,13,0,true,source|sourceUrl,033e1f002660ab26ed73c5ef9dc2bda8dcb9aa83eb08ae79cae1b73a29843760,942d7dd33ab9fa92ce5da8f24078cec2b0d338f39973c9f46398298e0c1ec6de,false,false,false,false,true,munger
content/models/disruptive-innovation.md,content/models,破坏性创新,7584,19211,163,1,11,0,0,0,0,1,0,16,0,true,source|sourceUrl,e06d03efb665c1556234518312a3ee1b0bce08f1b554957962ce64f046d81903,74d966918029f8eed31e9d08cc118e91859ccafd2e23b34fde747ed77adaeef0,false,false,false,false,true,munger
content/models/double-entry-bookkeeping.md,content/models,复式记账法,6629,18001,213,1,21,0,0,0,0,1,0,9,0,true,source|sourceUrl,83f85f555a4a5dbb3454944eabe1aa943913e33fd43803b3a06f4248d5c9be16,54bc9a2e6204861c56e10da367fc63be89de6c0fd2e6a6e52e94593bc91f6a37,false,false,false,false,true,munger
content/models/doubt-avoidance-tendency.md,content/models,避免怀疑倾向,7252,19391,189,1,11,0,0,0,0,2,1,10,0,true,source|sourceUrl,3fe12f406c2ff876b912d12c2ef6669b793bfe070c5cc34147300f6dc81237ea,2b13ed7996eb927ae065be5846d8f3f7425bbb29c916fee2ad6dbec2a772e8ed,false,false,false,false,true,munger
content/models/drug-misinfluence-tendency.md,content/models,化学物质错误影响倾向,7234,19746,173,1,11,0,0,0,0,2,1,9,0,true,source|sourceUrl,1bec05717da98b607a37391e1f5ba50987f236f53f01b7760896789be37e638e,978ab1c81a1235d5614b5da133f595fb8ed7f05774d7ed760dd7a65a731e9ed4,false,false,false,false,true,munger
content/models/economies-of-scale.md,content/models,规模优势,7237,19152,168,1,13,0,0,0,0,1,0,9,0,true,source|sourceUrl,86b675065ea6a1db3f3252706c64579cd7a5b747b1f70e864da0d25a7cf2a84f,4c27baa3e71e56cb3849fb4be297cd0775a749d75ef8bd8a2cb366cdf6032705,false,false,false,false,true,munger
content/models/ecosystem-thinking.md,content/models,生态系统思维,7383,20051,182,1,15,0,0,0,0,1,0,9,0,true,source|sourceUrl,097b53b1ef29133ae72a364d704ab283e75a5c205f0fe71a46140466b1fb9ceb,7575e0d9d45f97b1599c30ff4671e3984dc7e3a62e764eaf0630ca709a74f84e,false,false,false,false,true,munger
content/models/emergence.md,content/models,涌现性,7612,20833,177,1,14,0,0,0,0,1,0,16,0,true,source|sourceUrl,4e2e1af35c0f0f895abec49c5d8c5bc9ceb922b2966a40abf6ccf0491a5b2006,f9012618b560a9977bcf72e0aa7052533a0ade6b1984d73f669a3c7788b986f5,false,false,false,false,true,munger
content/models/empiricism.md,content/models,经验主义,6228,17189,145,1,10,0,0,0,0,1,0,17,0,true,source|sourceUrl,6a934de2fbeb35f34ebc74010004d86165b432aed656749dde94986df4c5067a,6ae3c79e6b828102525a2ff5513338d970cc5c64030ffd3167aa02a05a055fea,false,false,false,false,true,munger
content/models/engineering-margin-of-safety.md,content/models,安全边际（工程源头）,6773,18117,181,1,12,0,0,0,0,1,0,14,0,true,source|sourceUrl,8847a90afee60e7e2c6de4775e585c47201171b280f5f02f74dbc00d2f5c027a,6cbdf5afad96cd02441626f34221ff4dac439fda9a1837fce3667e5c40b79bb4,false,false,false,false,true,munger
content/models/enlightenment-rationalism.md,content/models,启蒙运动的理性传统,6314,17354,151,1,12,0,0,0,0,1,0,12,0,true,source|sourceUrl,902511e28f10acaaaaf9e954ccbe82d7486688efc9cef53d2c85c405ac103c36,1e8ea80ce6422d670498805785f99bc93d8ead4f1ed1d8dd7ed347ebc5328441,false,false,false,false,true,munger
content/models/entropy.md,content/models,熵,8086,22405,204,1,15,0,0,0,0,1,0,11,0,true,source|sourceUrl,63446966d9c5405d9a2f86db6caad2acd4aefe610597c63cfa500f4f6dc47dac,54ad9d6b63d4f20b71a342bf634c1f9c3e8396842b2ad0b2def67ebf697e2b59,false,false,false,false,true,munger
content/models/envy-jealousy-tendency.md,content/models,艳羡与妒忌倾向,7328,19429,188,1,11,0,0,0,0,2,1,11,0,true,source|sourceUrl,7894af33f4b15493a72e50816ba7570773b0940ae639bf1ba0752b3d921e4220,7ae0cca1f15bdfa5d0e81d3de991b27965e570a5fb81f112e4d55f3fc9e244cf,false,false,false,false,true,munger
content/models/epigenetics.md,content/models,表观遗传学,6196,17116,151,1,14,0,0,0,0,1,0,7,0,true,source|sourceUrl,565545ccb6a1a968668d2d376eca4a3669063abf76b148a270845833d1ba9ded,cbdff71ca7eaac78fd3672f117795a5cecb02f5b9178a67fb74022c7ca1cbc6f,false,false,false,false,true,munger
content/models/equilibrium-and-far-from-equilibrium.md,content/models,均衡与远离均衡态,5426,15651,137,1,9,0,0,0,0,1,0,9,0,true,source|sourceUrl,865f21200f6254e3f234981614dcd80ec4ec6a8214285c283f7cd0dede386822,f999dbeea8b15deae0e5873aaa8e72b1923ffe866185727b829d0f8657622353,false,false,false,false,true,munger
content/models/evolutionary-arms-race.md,content/models,进化军备竞赛,7198,19471,167,1,14,0,0,0,0,1,0,12,0,true,source|sourceUrl,00fdbc9fc09c991418f9e92786765177a2faaff2c262f14d99887c86bcbb6261,ee13d504d23213ae26f1949369e655e4aa7ebd061aa5b675b132fcb25e6176d6,false,false,false,false,true,munger
content/models/evolutionary-epistemology.md,content/models,进化认识论,7066,19115,167,1,13,0,0,0,0,1,0,13,0,true,source|sourceUrl,4753394f1b0ee5704b1648685655a5e49020e48c4da8e876482337b40fa6c280,ea717391acfd02b02ce13a6f78b048bfedc60d3f47b5cd08927b93959d77563e,false,false,false,false,true,munger
content/models/excessive-self-regard-tendency.md,content/models,自视过高的倾向,9024,23913,209,1,12,0,0,0,0,2,1,14,0,true,source|sourceUrl,644bb050b46b7315214679f4eba2ff91b94e066dce17582dbd2db4e33e09de29,492d8e37b5e288cccae788c28fdf451b74211851b0c2823deb69f368939d5977,false,false,false,false,true,munger
content/models/exponential-growth.md,content/models,指数增长与种群动力学,7362,19136,172,1,14,0,0,0,0,1,0,9,0,true,source|sourceUrl,86573a7ae9eeee6e28b4dc721f7f68a0afdca66d23addaecb1061341eb6c3654,7ad54801df89d97a33052c854d2eb75a90050e2e7decf23a11aac765f804284c,false,false,false,false,true,munger
content/models/externalities.md,content/models,外部性,8078,21298,187,1,14,0,0,0,0,1,0,13,0,true,source|sourceUrl,e561e118999731db492e343875c474f263704d3b7555578e590c899ae43fb556,85cf3854f6c012da9ddbc57f46368cd3253f6d972ac53733bdbf8e4258816811,false,false,false,false,true,munger
content/models/extinction-irreversibility.md,content/models,灭绝与不可逆性,7269,19414,181,1,15,0,0,0,0,1,0,10,0,true,source|sourceUrl,09f73bfbcf15c9a1b446c4da5ffbf4c693a71551d10d03778d27b545d68cade2,b9c1b499cbabca2e5f1be436b0c9d5c033018649380766dab4ec96a4b60536ce,false,false,false,false,true,munger
content/models/failure-mode-analysis.md,content/models,故障模式分析,6148,16016,164,1,12,0,0,0,0,1,0,14,0,true,source|sourceUrl,f917f862645fcb86616ac48f7025dfaeaef608a6a04e35e3556947b3f431d276,3469a705c969b8162a670f769727ead1429262d6636cd74994250b905595e145,false,false,false,false,true,munger
content/models/falsifiability-criterion.md,content/models,可证伪性标准,6889,19464,165,1,13,0,0,0,0,1,0,8,0,true,source|sourceUrl,c17508716ce514e4fc0376abb646946858ff807d6b998eccada2239e70398ebc,75485a1b2bd5238e992909313533c4f68d33fa10734d6c68b49b63c4fde6a4ce,false,false,false,false,true,munger
content/models/falsification.md,content/models,否证思维,7348,19811,175,1,13,0,0,0,0,1,0,8,0,true,source|sourceUrl,3094cf05c4ee11adbccf5c30751c034b497324d8fb2db83a1189f13878dd7cbd,63bc3acf7c4d5cfb2d5609c57e1786f0417068724370360e433af8018f5cb33c,false,false,false,false,true,munger
content/models/fault-tolerance.md,content/models,容错设计与优雅降级,6529,18105,169,1,12,0,0,0,0,1,0,9,0,true,source|sourceUrl,b213209f195de9c7e050e2cf76b71cb8a4b3495f4f7dc3121cf71cd25713e068,f4b064ee55ea719bf3d61de2a58a54e4d3be983ba17bea1ba3a5e7080813da1c,false,false,false,false,true,munger
content/models/feedback-loops.md,content/models,反馈环,9911,26279,246,1,17,0,0,0,0,1,0,23,0,true,source|sourceUrl,15842c4b24e72029ef6abfcc39a5a9d0b10d0801d170eacd36bcb105065e46bd,20eb054d399322a3d38d02722d3a41dab0d34a3be68c9f38f878e2252480a162,false,false,false,false,true,munger
content/models/feynman-technique.md,content/models,费曼技巧,7317,19732,167,1,14,0,0,0,0,1,0,12,0,true,source|sourceUrl,e12f3da27888b4ddf356f677a537773f9d59ae3c8063b0273c2477fc3493f33b,462930533b11e20435f9d5ce5e533ab42937ccc1da17cb56063e3127d4bf5d21,false,false,false,false,true,munger
content/models/fiduciary-duty.md,content/models,信托责任,7832,20339,183,1,14,0,0,0,0,1,0,12,0,true,source|sourceUrl,7cfc092ee38b60c98c40c350f187b67b40d2b28f9088c9741bbae0cc2537c3ef,883396f6b5c5d4478299f5cb2f65ce3eb0a54deab9e7b26c8096d0683ed181ad,false,false,false,false,true,munger
content/models/first-principles-thinking.md,content/models,第一性原理思维,6619,18081,163,1,12,0,0,0,0,1,0,11,0,true,source|sourceUrl,5335b1a6d23289fd65302bea5772600b1f8b4a6c70ce4fd375cf74b32fa06a43,f3a306817ea2f83bc1869b93be971fd708f378b1257f2466354487b0c14a62c9,false,false,false,false,true,munger
content/models/five-ws-principle.md,content/models,五何原则,4836,12770,127,1,11,0,0,0,0,1,0,5,0,true,source|sourceUrl,369a695b2cbfb47bd1cb8ff2c0da74a154acd01e728b21132915a3b4cf360bdf,5d4d5298eaebaef8bbfd42cf277d6bd409c4b5b8673abd422b03267f8e977a51,false,false,false,false,true,munger
content/models/flywheel-effect.md,content/models,飞轮效应,7733,20360,191,1,13,0,0,0,0,1,0,13,0,true,source|sourceUrl,9e8e3799c1b7e5071c91f029ac2e552aa80bc6d5989167e3ac07d6149b6160a4,0cc5a839b5941bce2c45c236512b9dca5bad99c331d3173238027b7f5efd801e,false,false,false,false,true,munger
content/models/fragility-antifragility.md,content/models,脆弱性与反脆弱性,7441,20266,178,1,15,0,0,0,0,1,0,11,0,true,source|sourceUrl,f3c1adbcbf408609a78a732b416f73a90bf14041b130eef9fe9c8edc6db2bcca,5ce02763170ddfa33149c06932ca0129eec911b18d829c4d6564932c2241c1a2,false,false,false,false,true,munger
content/models/franklins-self-improvement-system.md,content/models,富兰克林的自我修炼,7708,20338,187,1,13,0,0,0,0,1,0,12,0,true,source|sourceUrl,de96a9b527e7dab57f594bd6510cb419606bfb725b3cebd6abe7895cfc444c86,97816ea1dbc0feddb902be4795689ae246442de73909e52bb9c24c913abc713b,false,false,false,false,true,munger
content/models/goodwill-impairment.md,content/models,商誉及其减值,6911,17872,177,1,12,0,0,0,0,1,0,9,0,true,source|sourceUrl,3b953421f0452dfcb794c3ed4eb895c85df4d24f73f0b1feb12126a51e6eb96f,73da29dd0d961ee90a04d4559d23d034ea1ea30cfa10f71b8e0ffc3b5a94bea9,false,false,false,false,true,munger
content/models/half-life.md,content/models,半衰期,6008,15735,177,1,13,7,0,0,0,1,0,9,0,true,source|sourceUrl,1b802245141c04def34fccb8d02ccbf07f5c6b39bad1645d6946473c01695dc8,7693c3fab08d17fed65f7c50ac288cf111d7f6d3e6430788abe2163e49a751a6,false,false,false,false,true,munger
content/models/hanlons-razor.md,content/models,汉隆剃刀,6168,16878,176,1,13,0,0,0,0,1,0,8,0,true,source|sourceUrl,c66c736ae97fcb63ccbb3d213bb8041feef491490a4ff03172cb080cf8b5fe47,5c232ef6b261d7051adeb52205d5b1d0dad2cc82263cd3d130c79da55aca4c39,false,false,false,false,true,munger
content/models/herding-behavior.md,content/models,羊群行为,8109,21283,198,1,10,0,0,0,0,1,0,12,0,true,source|sourceUrl,34d89634a5a6f19f6a3e8b2d89044ca4004c6da9e220d18bbbb714c748d7f148,79b79822e50fe916ac9bd260bb74841ce0eec8a2fa643a2eeb5eac3eb096b64a,false,false,false,false,true,munger
content/models/historical-contingency-path-dependence.md,content/models,历史偶然性与路径依赖,5442,15663,150,1,13,0,0,0,0,1,0,11,0,true,source|sourceUrl,180e19d434b27ff1994fa16d65961b259b0a011db5840aa161ad7a9b08c5e7b8,9bfaac0bd71207fabc9c4785f1167eb764db26ed1688c096e8f553000cdabc38,false,false,false,false,true,munger
content/models/immune-system-antifragility.md,content/models,免疫系统与抗脆弱性,5354,14753,148,1,12,0,0,0,0,1,0,9,0,true,source|sourceUrl,93320a8e418774e1831cf26ca78d92d69ad791788789102c3f577c92ff43929f,8d5838c6f7534adf053b10b05cc8d91ca197dd75cd064576f53e8a1e2c2dd824,false,false,false,false,true,munger
content/models/incentive-structure-agency-problem.md,content/models,激励结构与代理问题,7448,19967,188,1,16,0,0,0,0,1,0,14,0,true,source|sourceUrl,bc9e9f845316c399b75746ad00d59c021b88dde130579ca0d7a475521fa8bd3e,06c1c0b8ca4a14bb1fccee50d54d42f510c498f42fe0bb7001f0d1cf26f78801,false,false,false,false,true,munger
content/models/incentive-structure-design.md,content/models,激励结构设计,8503,22707,194,1,12,0,0,0,0,1,0,16,0,true,source|sourceUrl,4e76e3fb9aacf25b883ec064939dd95b2f19614939cd743ea921d17637799201,e08532df76b83a7161f3c144c382bcefacf3036a4d42256dd5427772ca7682a7,false,false,false,false,true,munger
content/models/incentives-economic-view.md,content/models,激励机制,8001,21210,198,1,14,0,0,0,0,1,0,17,0,true,source|sourceUrl,3890515300a5342b29378f93491fbc0facb465b4b78306cdea8222c87ebb513b,5af53f3c099127c400f2601924b20e3305656c13e996e7d05ebb29f99f47805b,false,false,false,false,true,munger
content/models/inconsistency-avoidance-tendency.md,content/models,避免不一致性倾向,8025,21535,214,1,11,0,0,0,0,2,1,11,0,true,source|sourceUrl,4abe2d22b67ec0deb9146824120c377724bdbcaeb34159a6fa32b98de923bf5b,10d224b5ef767d51efd637b2f409d32570ad2a8eb83c40b3201b3a67157de290,false,false,false,false,true,munger
content/models/independence.md,content/models,独立思考,5442,14257,140,1,13,0,0,0,0,1,0,14,0,true,source|sourceUrl,135e9d58984334ae98c6d8ce926bfd28c1382102bcabd2b8015a8be21d6ed72d,0d7279b80ce75e1e6210a306f61936365075f0427a3a5b0fc8f1e81a077b4d4e,false,false,false,false,true,munger
content/models/influence-from-mere-association-tendency.md,content/models,受简单联想影响的倾向,10977,29945,218,1,13,0,0,0,0,2,1,13,0,true,source|sourceUrl,c3b3bd75b05cb57f0934df9ce72fde61a34f369853b839555e95758263f73de4,746189d3f295c1b97672f4e0f0ef1a7f93eb273100462aea7cc076cbc4e8b428,false,false,false,false,true,munger
content/models/intellectual-humility.md,content/models,知识谦逊,5164,13343,151,1,13,0,0,0,0,1,0,13,0,true,source|sourceUrl,b3bb642fc3acb283096b991b721932a8bb07b5bf3772c384fb93f1d9cca8a1e8,f9b59eab091af369d4577114ec52a2e97c8b327a807f74fd3dda158f3cf1e653,false,false,false,false,true,munger
content/models/intellectual-property-law.md,content/models,知识产权法,5684,15902,141,1,11,0,0,0,0,1,0,9,0,true,source|sourceUrl,4cb8de9a7b113be52f141b73a2898e1ce7cc7ae1b9ace6e11faaec503be26f3b,44a410c77ce522442cfb2971fa412972dfa32d835c5482109414078d37eff512,false,false,false,false,true,munger
content/models/intellectual-property-moats.md,content/models,知识产权与护城河,8219,21456,171,1,14,0,0,0,0,1,0,20,0,true,source|sourceUrl,a5a84c77de9d9e59883eac5d789e3e0e8395378ac5bdb4349cc8e4757d149a05,13db7f6216f17e2eb94e3b86205f1cef59ecec20a23462691a45eef8c668d228,false,false,false,false,true,munger
content/models/intrinsic-value.md,content/models,内在价值,7994,20631,189,1,15,0,0,0,0,1,0,16,0,true,source|sourceUrl,0d3817c6954d56fa25e979b5c3a3da0a4acdf5f40f7f2662894d0a812f566962,35c4e28d70c013e31339820a8a385714b42364aee765cfb0dfa450f519d96b6a,false,false,false,false,true,munger
content/models/inventory-valuation-methods.md,content/models,存货计价方法,6390,16409,182,1,15,0,0,0,0,1,0,7,0,true,source|sourceUrl,6c4abcd54ea2d9de569123a37885535fd72ec7f1a8e0982c2dbcdc526760ee56,df7eff9177b863fcdbc9efac2ce787c15cf4d0de0d6948d3f52f4afa9a8ad518,false,false,false,false,true,munger
content/models/inversion.md,content/models,逆向思维,8910,23899,227,1,16,0,0,0,1,5,3,12,0,true,source|sourceUrl,774c5504390c8f656e8860ddc76594c09ebb658c1f6311ebadfd42d6f5d31469,6aa6dd1c8389174dd3ca20aeac404aa93a2294afc9e793ae1faf53f676007732,false,false,false,false,true,munger
content/models/iteration-prototyping.md,content/models,迭代与原型,7630,20383,192,1,12,0,0,0,0,1,0,13,0,true,source|sourceUrl,9800c18d705b82e15067f8e6fe5fb3a0cc735c1e54da857a1cbbfcf61701ee1e,0b9a0d7cc844b5fa0c1fcd413df4075055bce30b8f1a85f34711404efea52b4f,false,false,false,false,true,munger
content/models/kantian-fairness-tendency.md,content/models,康德式公平倾向,8887,24326,215,1,12,0,0,0,0,2,1,10,0,true,source|sourceUrl,8a34bcd4e598b7c4b91946be16431f2b50bae596f9fd44b9614d8ad07cfd7771,9b7bc6a23fc4b07cc60b70172afe6e00fd4e7d228b241f36df139ebcef99d9ef,false,false,false,false,true,munger
content/models/latticework-of-mental-models.md,content/models,多元思维模型框架,11592,28407,239,1,16,0,0,0,1,7,5,48,0,true,source|sourceUrl,d0cd13b1317114b977f1859efde6ad9352c40f7f283cebd20e7b4bf8d32e9850,085b79d42307163533f92c3f328ad7e88e67a41b2ee456a5cf81d3d9eee3162e,false,false,false,false,true,munger
content/models/law-of-large-numbers.md,content/models,大数定律,6955,18571,230,1,12,0,0,0,0,1,0,13,0,true,source|sourceUrl,4f8ca7c71fadafa5c57126483473e629af213b3d1a98b514cf0d68f3de1d67f9,d030b2b767bc27b20d45430b09f472bf4b4bd5168f19a0e2ee7360c5eb0d6f2b,false,false,false,false,true,munger
content/models/lessons-of-history.md,content/models,以史为鉴,7922,20497,167,1,13,0,0,0,0,1,0,23,0,true,source|sourceUrl,9940fd55c420df73eac0092e9159b3373bbfbc4e011e3893ee4cb35613f9b36c,164a5f6029761073dc8980334ec5d1315aac6909db76ac2ca271417c7b433995,false,false,false,false,true,munger
content/models/lifelong-learning.md,content/models,终身学习,5883,14644,136,1,11,0,0,0,0,1,0,14,0,true,source|sourceUrl,302adb1e5a90f5c73600bbbdb15f55f26cf8974dd4b4fac307a3ce73637781f5,b469cfdb1441d2867843b42db45de9d66c2d40067d45283461645593b224c2ce,false,false,false,false,true,munger
content/models/liking-loving-tendency.md,content/models,喜欢与热爱倾向,9542,24988,203,1,12,0,0,0,0,2,1,13,0,true,source|sourceUrl,26628a12eb223ded586940cf914056fdaa2b30cafdd77b16bfa46107030d08a0,1270126169c577270a029777d1242c4d239057f4e5e6cd6f280ee2f277e0c4ee,false,false,false,false,true,munger
content/models/limits-of-extrapolation-nonlinearity.md,content/models,趋势外推的局限,9042,24076,264,1,12,0,0,0,0,1,0,16,0,true,source|sourceUrl,e1bc8a169160b2bade591764b360a852317a7616515e1682bad1465ff3b7d051,5e61e6a38ee964b74aaa36f91fa297b5e6e3f73ba139faa3e6ff23f74572e81a,false,false,false,false,true,munger
content/models/lindy-effect.md,content/models,林迪效应,6536,17356,159,1,12,0,0,0,0,1,0,12,0,true,source|sourceUrl,466e2256610859c61aa3db7ac9ff35aefc6f5dd2635ae9ab12853c5480218f04,a3311f1b298912d41782efa83436846d2205f45c24710d2fe74f904b1702d64d,false,false,false,false,true,munger
content/models/lollapalooza-tendency.md,content/models,Lollapalooza倾向,13433,34115,260,1,13,0,0,0,0,2,1,29,0,true,source|sourceUrl,4268270d81a93d03e9969a9fb15dc80d5cba5352afbb0ffa9308e81a7d60d369,a46fd818ecb618fccf50359fccd12ea80b22ae83f199afa3605eb70cbb7ff3e8,false,false,false,false,true,munger
content/models/man-with-a-hammer-syndrome.md,content/models,铁锤人倾向,8141,21687,186,1,16,0,0,0,0,2,1,13,0,true,source|sourceUrl,aeee533dee48f572dfda92f9de55b514096849d30f13326ba1918744deb07a9f,d75fcde40f61e334dcb22f0929ef0de103792eea619cd76fe11382e0a3707c7a,false,false,false,false,true,munger
content/models/map-is-not-the-territory.md,content/models,地图不是疆域,6301,16917,166,1,12,0,0,0,0,1,0,13,0,true,source|sourceUrl,879dd9f4eaede495e0c2a0b422f9a0dbcfa51b9e0e36e3653e74e408fe17387a,980a995781ac5185cfdc8937af0038ab1eef0fc2fa0b463ed23bc09044de37cd,false,false,false,false,true,munger
content/models/margin-of-safety.md,content/models,安全边际,8408,21609,195,1,17,0,0,0,1,5,3,22,0,true,source|sourceUrl,db1a256da91c176f8315844603d7b883196ab1664cc2682c1e07cc60485ee708,b625f6a5d48a50ecf30491e987d59076d00704e73d9fc257cc11cb66775345f7,false,false,false,false,true,munger
content/models/marginal-analysis.md,content/models,边际分析,6441,17400,180,1,14,0,0,0,0,1,0,11,0,true,source|sourceUrl,09e221cdcd17a6b37a3f3f3d1b282ad8ac1473a1f8d0b343c1a16a1f6a32920c,5542419732263436978bb5c5c94ad848428cdbbd5941bc53d1bae72c3fba436c,false,false,false,false,true,munger
content/models/marginal-cost-marginal-revenue.md,content/models,边际成本与边际收益,6322,16911,163,1,13,0,0,0,0,1,0,16,0,true,source|sourceUrl,08eaee7bcb36adedb5cfa16130e12468026fe3dfd695b157377bdd9da2e89f57,5a5ec5962655641afb82b68889c4a93abb69569f56434979fe7cd03e8ca5c11e,false,false,false,false,true,munger
content/models/marginal-utility.md,content/models,边际效用,7005,18665,189,1,13,0,0,0,0,1,0,12,0,true,source|sourceUrl,82c20b718f176f83b466324dabc6d9e27a5027deefa972ff97c6bccac2c6dc42,8360a05e88d54fa885987c301ddd3ac183c30bf64349e1725539f60704a7632c,false,false,false,false,true,munger
content/models/mental-accounting.md,content/models,心理账户,8374,22339,209,1,11,0,0,0,0,1,0,11,0,true,source|sourceUrl,942430dd2afb38c48367ca587635ff5937c0301a7e5f5ddb867b6aa2844b0a42,25942f1779a5a9d413cb0874d379eb8900280ef6aa04ee081931ca074cd58fb4,false,false,false,false,true,munger
content/models/moat.md,content/models,护城河（Moat）,9563,23637,218,1,15,0,0,0,0,2,1,23,0,true,source|sourceUrl,9ca837b61418217f9c71216db762d5232280e2fba5d34d61024e81274e5db367,f9ff7ab97db6d565d3c63b4de258d54c5db9c7afc61de3c680f7d1aa92e0e189,false,false,false,false,true,munger
content/models/modern-darwinian-synthesis.md,content/models,进化论,6371,17500,157,1,14,0,0,0,0,1,0,10,0,true,source|sourceUrl,41e89e679c89b581fa04a2a6fed09d73d10a0b2307bfa325a2ae7b5d32d78a95,f26dcde83d025276847660fdca2227ce5a0707da022c48f8760540f616ebadfa,false,false,false,false,true,munger
content/models/momentum.md,content/models,动量与惯性,7301,19914,184,1,13,0,0,0,0,1,0,8,0,true,source|sourceUrl,601531db430364262ad2fd6c372a0ea6902a408662775b1580440daf5fcf5cbd,246e653c6d100c3e51ee54018092f84c5e6a019fbd18e6d7b287b6ddc3d0df00,false,false,false,false,true,munger
content/models/monopoly-oligopoly.md,content/models,垄断与寡头,7819,21309,198,1,15,0,0,0,0,1,0,12,0,true,source|sourceUrl,bfcd503f5796379a1ea3fc70abc8e5619f0f60e5f406ca365fce8157e528a9e7,091703d28a2f4ea46ef261abfa86179da7b6cb1e9511e5fc56e8b5e641193bdb,false,false,false,false,true,munger
content/models/moral-hazard-legal-view.md,content/models,道德风险法学视角,8425,21992,187,1,15,0,0,0,0,1,0,12,0,true,source|sourceUrl,33a838cf247f07a38fb44ab94e8c9f2b5100076025a00c6940840261918855a4,2b0fd1c450a73389a36f91670e016ecc791815f8c21a5f71cc9fec6ee5192d9c,false,false,false,false,true,munger
content/models/moral-hazard.md,content/models,道德风险,7451,20102,194,1,15,0,0,0,0,1,0,13,0,true,source|sourceUrl,1cfd42374ed6ad0f1b04ff6bdebb5e80176dc2e89eb4e1053c25e8333dd86ec8,d397f4406b9ca1e7142d12d5af1fe7eb62743f77a24a021e3595c80bfc191399,false,false,false,false,true,munger
content/models/mr-market.md,content/models,市场先生,7061,18187,164,1,16,0,0,0,0,1,0,15,0,true,source|sourceUrl,d0d5630423b6c8322f0574efc99edffdafc544a914833c3ebd4b9c575b58a883,f220afe121039b5346c678527fd5ad3773d2cd83bab1f1ebf44b215ca04b4d52,false,false,false,false,true,munger
content/models/multidisciplinary-approach.md,content/models,跨学科思维,8143,21622,178,1,13,0,0,0,0,1,0,15,0,true,source|sourceUrl,eaafdc1861e4ccc63fb5959b2286828b95f65455e5cf6d9aaad724d6c75bf0f3,21e49952bd555f614837fc66a040dc973114dfc74d575e25e02c24724d3a7ac0,false,false,false,false,true,munger
content/models/multiplicative-systems.md,content/models,乘法系统思维,6810,17459,239,1,11,0,0,0,0,1,0,10,0,true,source|sourceUrl,ead4adf8036cecba01f5fa5b4bdc79c1ce553b0d2e3f2ddf41fb1de3ab6610bb,3191d622173bf9f70112dc6575536558e4d7153ad76d61b9c8f38551f45be42b,false,false,false,false,true,munger
content/models/narrative-fallacy.md,content/models,叙事谬误,8227,21741,204,1,11,0,0,0,0,1,0,12,0,true,source|sourceUrl,3ff4a41fe09e6328791581b2cafa67097383810372d7508d2d9ca26514a8bac0,a639633a96973c64ec9b6ae481f43fc4c99c684acd6cdf38df75da684ed25d1a,false,false,false,false,true,munger
content/models/natural-selection-survival-of-the-fittest.md,content/models,自然选择与适者生存,7443,20321,169,1,12,0,0,0,0,1,0,11,0,true,source|sourceUrl,1e0b61266cc6a58c050687fac50a3a5984d07ba5ba062b82e70ebbed4d588275,da142e3c1bbcfbc7139aa2f4eec5d19bfe024dfdad5ee40d6d22ac8ce79ceee9,false,false,false,false,true,munger
content/models/negligence-vs-strict-liability.md,content/models,过失与严格责任,6749,17990,161,1,14,0,0,0,0,1,0,10,0,true,source|sourceUrl,4d18b356de1784dd165545de7e9f7203c0470cd581317e81b9b455a2601043b1,72668edba40540e95b3d9d569e603320b367a9e5a03b84914b26b5c57aa81125,false,false,false,false,true,munger
content/models/network-effects.md,content/models,网络效应,6992,18352,168,1,12,0,0,0,0,1,0,14,0,true,source|sourceUrl,296ea07fadd170ecaa39b08db36b465d1d9311f8a3276051d0183a652e50f0bd,29e2b22d629e9f06377057f7d2c6bc61903f75e1a13f5f86cccf7c49d85e31fd,false,false,false,false,true,munger
content/models/network-theory.md,content/models,网络理论,8758,22265,236,1,16,0,0,0,0,1,0,24,0,true,source|sourceUrl,2e758eb386f7b67088bd16fcbdef0fbd97296fed7343f55eb823e77d1dcb8c40,1e8e0d0bcdc02f38eda6b5887ecf1d06b7800dc468930c468190370d8371256e,false,false,false,false,true,munger
content/models/niche-differentiation.md,content/models,利基分化,6469,17766,157,1,14,0,0,0,0,1,0,9,0,true,source|sourceUrl,7868ea4ad62001e6bf91ee979163df9839066022aa7f21885083f7d282f0f911,ac3415c3b6cfd2989afc1a12ab20a68204a61fffb4d701d7875d7dc5cd5a034b,false,false,false,false,true,munger
content/models/nonlinear-consequences.md,content/models,非线性后果,7387,19004,170,1,11,0,0,0,0,1,0,15,0,true,source|sourceUrl,4d10b64ccf36342835339028616b89e30949d7dbe6a1f927f2ef5e8cc8926a0b,07dce525ebc39293fbdc6ceec312b281ea209805694fb3f5ff08c1f069881f53,false,false,false,false,true,munger
content/models/normal-accidents.md,content/models,正常事故,6526,17359,195,1,14,0,0,0,0,1,0,16,0,true,source|sourceUrl,e5e885e2112d89551055fc858b27fb6e68aa22685da2e7a861ce1c0a97064d18,7a3707e5ea2e910ef80047e8e213a1256f95f8ef1aeff8e269ea62a5f9439c4f,false,false,false,false,true,munger
content/models/normal-non-normal-distributions.md,content/models,正态与非正态分布,7117,18530,192,1,14,0,0,0,0,1,0,14,0,true,source|sourceUrl,00fadfe2d9dec5cfc545793e35e487f6e4ed9cba3b36dade532b8c445ee6e03a,32573798c9dfdd594ee44ce9c01b85c3b2ef3ed49c73f0c697f9b9c835d882a7,false,false,false,false,true,munger
content/models/occams-razor.md,content/models,奥卡姆剃刀,8270,22113,196,1,14,0,0,0,0,1,0,15,0,true,source|sourceUrl,f4bfac9448ac6e72efb2b876880baa2c6a1163808ebc8625b2e5d06f51188ddb,e64ec88b3fc2d6ef363e1229c742fac82f8d64384d48b1245e613e2e59ab11ca,false,false,false,false,true,munger
content/models/off-balance-sheet-contingent-liabilities.md,content/models,表外负债与或有负债,7439,20161,196,1,15,0,0,0,0,1,0,7,0,true,source|sourceUrl,75172d0919e9ab2764416bdd1afad796fe949800325cd39a73a8628f4886876d,f9988d03e3f176bd59d0282f16fe11b5a223f7909f941c7c78918cea4e7ebdca,false,false,false,false,true,munger
content/models/opportunity-cost-in-accounting.md,content/models,机会成本会计视角,6773,18127,185,1,17,0,0,0,0,1,0,9,0,true,source|sourceUrl,adf817b3d0fc72bb5e95b890611bc0802424239aee0cf2eb8a1cb144e6426dbd,3367d6cb926501368d9f86633bd46675b9a4acf90c1a2454cbfaaae9f75289f8,false,false,false,false,true,munger
content/models/opportunity-cost.md,content/models,机会成本,8797,22858,213,1,17,0,0,0,1,5,3,12,0,true,source|sourceUrl,be202f141e04b0fcd7f34ca3e949f0ac63148b5b6c5f8baf0c7f523ec61adf18,8ba4dc95b58bc241c8b79518a934d1c2d9b32ef0899aecedae0184035a91c425,false,false,false,false,true,munger
content/models/overoptimism-tendency.md,content/models,过度乐观倾向,8102,21529,185,1,11,0,0,0,0,2,1,11,0,true,source|sourceUrl,01f91ce43954a783ad947098f4ab371a9dc2445f881b034ec09bd8e4a2274b92,5ec5a1e519759b01ca3fd5c5276c105438050b382cc825ebbc22912dcfbb48ef,false,false,false,false,true,munger
content/models/parasitism-mutualism.md,content/models,寄生与共生,7429,19956,194,1,15,0,0,0,0,1,0,10,0,true,source|sourceUrl,3fae467ac0a0d69388a76187e13419bd0fb34d05f65579d950f6a05c543bfb85,ec46d94b9aa924801444cfad53e26c5d8d9602716f7b38b3c5e8f85c849ca5da,false,false,false,false,true,munger
content/models/pari-mutuel-system.md,content/models,彩池投注系统,7951,20894,186,1,16,0,0,0,0,1,0,17,0,true,source|sourceUrl,fa2a2e46485e64b316583bfca24d37cf8c6e47d7ed970f14e58726055f357b9c,cb2b2fdae36ecd961b6053ae1284fa559fe786b050c8ba288afab1fc9581fc46,false,false,false,false,true,munger
content/models/patents-trademarks-franchises.md,content/models,专利权、商标权与特许经营权,6141,15960,142,1,12,0,0,0,0,1,0,12,0,true,source|sourceUrl,240d13dae5b74426f3e9aad91875b7e8337ec0fb413abfc4ddd51f96c49f113f,7c8c6bd5adc801b7a85274f9e2f3d5b7e6f120970ea097373eb6680e771c64c9,false,false,false,false,true,munger
content/models/path-dependence-lock-in.md,content/models,路径依赖与锁定,8160,22161,175,1,13,0,0,0,0,1,0,18,0,true,source|sourceUrl,1eb66a5923a3443437af516be37792ab5ad509ac7c4caaafaa3ac207ad17ed58,82ddbf1739a4d6b166bcf3b0d41041d224f4dbacf90763f62163b2bac6125766,false,false,false,false,true,munger
content/models/patience-discipline.md,content/models,耐心与纪律,5918,15393,158,1,12,0,0,0,0,1,0,13,0,true,source|sourceUrl,5ce3548ae57cd663c00cb0dd1b211ff69db81c2accb3543974a5f9b12fe214ea,f569984d2ea50f78d50407cec1ab72b6654e6a05982910ca213c99ed0a3d2105,false,false,false,false,true,munger
content/models/permutations-and-combinations.md,content/models,排列组合原理,5857,15763,178,1,13,0,0,0,0,1,0,10,0,true,source|sourceUrl,f84141c1e3cd54462dfd8b1eb12dd253757ed110f109df51f2f593c6078374de,813f75d7e74e7570c1f6b3bc1b16abe46ba5cdb144d51141596c965451a4689b,false,false,false,false,true,munger
content/models/phase-transitions.md,content/models,相变与临界现象,8043,22026,206,1,15,0,0,0,0,1,0,10,0,true,source|sourceUrl,16f18c435ad71e668a6015feeebf5c211993c2f874f0213cd70e203ce2a54fc1,98e398bb2e338917fc85d7a7aaace0d9965014d59509dbecb5db2ba0038ee89a,false,false,false,false,true,munger
content/models/physics-envy.md,content/models,物理学妒忌,5739,15496,141,1,10,0,0,0,0,1,0,8,0,true,source|sourceUrl,a7f12bd6631ecff65f27035e0f9128d9d88bdd96d7f05efb7b32e59e6d4a8038,455724457d03a3637bdb22bc356bf07da7673670d9d0d6932a3f177fdfcc7d30,false,false,false,false,true,munger
content/models/pluralistic-ignorance.md,content/models,多数无知与从众谬误,5961,17101,149,1,11,0,0,0,0,1,0,9,0,true,source|sourceUrl,2b57ccdc6ce17c6e5358e4a4d6087a685d6f599f711e3486e23dedf4354692bf,02e5c98910d2d719751b896be57d809e18f6d22c0ba21b5f2ed7f4265c5a991b,false,false,false,false,true,munger
content/models/power-laws.md,content/models,幂律分布,7477,18856,194,1,11,0,0,0,0,1,0,17,0,true,source|sourceUrl,44da77e292e25effbe17563d14c4fbf9b338bb3694a267c17111cbb4dc1abac4,9a0f36cad2668908bb9fdaaa49c3f610cbf334f50f1c4a67fae4477cff913386,false,false,false,false,true,munger
content/models/pragmatism.md,content/models,实用主义,6671,18801,177,1,16,0,0,0,0,1,0,12,0,true,source|sourceUrl,381e5020d14946e2fefe397d93d91eaf9f3f45f1bd1d0f4481e60bc18c130385,388313300e5feb83e13993b563534bc032edf84560a95cf3a90ce664c34ab53e,false,false,false,false,true,munger
content/models/precedent.md,content/models,先例原则,8034,21133,185,1,15,0,0,0,0,1,0,12,0,true,source|sourceUrl,1bd20cde62c37e4418035363a5c6aeaf15210a73ef271deac52dc6e136d3ca26,61c47c7734ca5292d14be31070c5c0b80df5dbc2a2d8032e4e9ccef9ad9752ae,false,false,false,false,true,munger
content/models/premortems.md,content/models,极端情景模拟,7018,18662,181,1,15,0,0,0,0,1,0,16,0,true,source|sourceUrl,e15841935d53e3af661cb584b760438b21a4d8cc73ddf9ea695c795a95e1322d,64ecb4510fcfeea6cf06c54d0a8e82bfe27da180bbb9695cce35db49216025a4,false,false,false,false,true,munger
content/models/price-discrimination.md,content/models,价格歧视,6369,16736,147,1,13,0,0,0,0,1,0,13,0,true,source|sourceUrl,7f7ab03d16a30bb6a846b5eef5b1e624d7af16c7be3ce02a8b65894f25d9b299,5db5e28f01967889d40cefd86c37a9a7088e00994ef79d30c285370401a5face,false,false,false,false,true,munger
content/models/price-elasticity.md,content/models,价格弹性与定价权,8315,21769,214,1,14,0,0,0,0,1,0,14,0,true,source|sourceUrl,aa8929d5a4b7a857535fd8fe50d1f5d764246c9136ef6e5870bd856cf6df4fc1,3163e294645a366736a72f3d18e5e8b781925d9227a676751c999da65c4d6acb,false,false,false,false,true,munger
content/models/principal-agent-solutions.md,content/models,委托代理问题的管理解法,7517,20287,187,1,15,0,0,0,0,1,0,13,0,true,source|sourceUrl,9b189d05e44bc99719b436de9c7610e7c382eff9ef8cf765361d0e88fad069ac,69d5d9a36058a91705ef68afa90aa9841220ac90682ed46a622f9853cece967a,false,false,false,false,true,munger
content/models/principle-of-least-energy.md,content/models,最小能量原理,5983,16673,165,1,13,0,0,0,0,1,0,11,0,true,source|sourceUrl,fa6673e71df5ffa582d85749a40c0c92883428dd9188e370b659b90f57e7e8e7,b69cb965907c95594e8349c153df128b1acb53ef424263083ff79a10acf686de,false,false,false,false,true,munger
content/models/prisoners-dilemma.md,content/models,囚徒困境,7244,18881,203,1,14,0,0,0,0,1,0,13,0,true,source|sourceUrl,6956dfa2aafce85ca5656773a023ee0ac65f0cb45150a528cf9724a445b2fab4,d96ee407545f3f5ad03638ab0b98d00f0640c7b356d86ec21bd2c57fbac96878,false,false,false,false,true,munger
content/models/probabilistic-thinking-expected-value.md,content/models,概率思维与期望值,9093,23790,245,1,17,0,0,0,0,1,0,19,0,true,source|sourceUrl,c2aa02dd2ab79b7bdf13d08a655b569955f0b46f7c78139168e501d3fda4eb0c,c01ab7569c0ca71afa15dc414911d79c58d9948bfd999b8d808b5862bfb027fe,false,false,false,false,true,munger
content/models/psychology-of-human-misjudgment.md,content/models,人类误判心理学,3099,7137,93,1,3,0,0,0,0,3,2,25,0,true,source|sourceUrl,7ab38bfc5684fc66ae703e89d3390b7c2b6ab8c9ee106a045e0656e7310d3f5f,3d2ae2952df365961c709df284a9990eedbbc1014cbccdb20e6ebe4e02e467a7,false,false,false,false,false,munger
content/models/punctuated-equilibrium.md,content/models,间断均衡,5146,14408,123,1,13,0,0,0,0,1,0,9,0,true,source|sourceUrl,1802626051e41f55d02e13ee6c604c848f81eef20a919d57cd520c7c9ae72cc7,c415083ed5486e2e3743fce31ed957d73fecf2d5127042ce29919c141ba8bb4c,false,false,false,false,true,munger
content/models/quality-control.md,content/models,质量控制,7607,20298,197,1,13,0,0,0,0,1,0,21,0,true,source|sourceUrl,ae21d9cf82f93be0bb0428f0c5787a83b8d5f4b9b16660d89223042f8b46d047,209bab0adfa61a2adc477f6c647e8e093062a34d16b04f0f411dd4cb77259496,false,false,false,false,true,munger
content/models/reason-respecting-tendency.md,content/models,重视理由倾向,8537,22680,200,1,12,0,0,0,0,2,1,11,0,true,source|sourceUrl,5d2c5d3cb15cf3d9b7d66445c697c7073ae98ad4ec62961f6e49d8edce7ae006,3187740d57200aea3b16bf77ab95087708abcd9679443300655a3c5e93e18724,false,false,false,false,true,munger
content/models/reciprocation-tendency.md,content/models,回馈倾向,7428,20345,197,1,12,0,0,0,0,2,1,9,0,true,source|sourceUrl,ccd0b2977e3afdbdcb4abf0546305eff04371ae9caeaf3d4753da612acc53954,641140000921a4c7dcbc2d2c25b801d67a3e74a658c1d00a49b77d5396bd4781,false,false,false,false,true,munger
content/models/red-queen-effect.md,content/models,红皇后效应,6516,17523,163,1,14,0,0,0,0,1,0,12,0,true,source|sourceUrl,a3e5d9e135c6248661a1b7b5e946c08d0bae03797bf65673ed7ab861624c85c2,206b33ccf9600303588c770660c036c8ea62708afd769b4b4696f405a661908c,false,false,false,false,true,munger
content/models/redundancy.md,content/models,冗余备份系统,6348,17144,173,1,13,0,0,0,0,1,0,11,0,true,source|sourceUrl,cb02aacbd0b7969cc144826ab84d1ba8a6bd19d4044d19b425a11fe480780cde,cc0d313c9150b2933200f7942dbcde08e9e72eb6fe048aa749df54732ea8dd29,false,false,false,false,true,munger
content/models/regression-to-the-mean.md,content/models,回归均值,9616,25473,262,1,14,0,0,0,0,1,0,23,0,true,source|sourceUrl,11410e614b8a885521685ff399ce213319db66a8b92cd8eabc058d9fec2a83a6,1c24dc4dc7058765256a2eee3bedf10d14d12a9a50d6745c04d3a0de2c18dfd5,false,false,false,false,true,munger
content/models/regulation-as-moat.md,content/models,监管作为护城河,7278,19274,159,1,13,0,0,0,0,1,0,14,0,true,source|sourceUrl,5a07f72df759995fe8396a399d80fd9eb84824bab1eedd61a125a685be0ba7a6,5c446be09bcb771fc9b80602dbebb69efe9adc5e1e42e2df831c4ddc8e6fb171,false,false,false,false,true,munger
content/models/regulatory-capture.md,content/models,监管俘获,6831,17754,146,1,13,0,0,0,0,1,0,13,0,true,source|sourceUrl,fa6bd201ea05b5e59a22fd15a72eb2c8045cae28fbbfb8a88a60d54ba68c80b3,e68444d668556696f6814281cdb0f439534e19c3460762f9c255880c955a8ee3,false,false,false,false,true,munger
content/models/rent-seeking-legal-view.md,content/models,寻租行为法学视角,7379,18235,171,1,16,0,0,0,0,1,0,17,0,true,source|sourceUrl,b176c7d77c14e058552370beac51d98aea1e4ea15a6ac9a9de9ae2c089b92662,e1e3bd74043c9bb7e6481906f60100d27b67669c088a0e98454753c95462b3e3,false,false,false,false,true,munger
content/models/rent-seeking.md,content/models,寻租行为,6705,18260,162,1,14,0,0,0,0,1,0,13,0,true,source|sourceUrl,99cc60266fc6a18a307d0081b612333e7ed987763939d9bd84b6d4d7410dba2e,3f2e528f9d81a4aa93b425e0448c54ef57b6bcb08d4809ec8ac52460cd90bd26,false,false,false,false,true,munger
content/models/repeat-what-works.md,content/models,重复有效的行为,5630,15393,142,1,12,0,0,0,0,1,0,10,0,true,source|sourceUrl,1cfd514a1a14496b6c6ac633e143dd8729385e7c4298112e9ead251b9116940c,e700901bd46edefa90d1d5746af007eaa905ceaff5da80d73a15cd03f4fe2014,false,false,false,false,true,munger
content/models/resonance.md,content/models,共振,5967,15740,156,1,13,0,0,0,0,1,0,9,0,true,source|sourceUrl,1d64558d24817e3d7cdbb0ec734ee739fb00b7998901aa99f3a72683a39d5803,d7f2d0290a0a5ac5bfb3eb70818751aec4c043d7303e0779187511e8016f4a52,false,false,false,false,true,munger
content/models/reversibility-irreversibility.md,content/models,可逆性与不可逆性,7371,20469,198,1,15,0,0,0,0,1,0,9,0,true,source|sourceUrl,70dd1be0742169437c5567129bbc97292b7c06411b3431fb8a2d7f7a434cb607,3f776339bc86666fce0b63aa0df7c0eac53449eac4348400b2ed42e93ac7e319,false,false,false,false,true,munger
content/models/reward-and-punishment-superresponse-tendency.md,content/models,奖励和惩罚超级反应倾向,7998,20351,212,1,12,0,0,0,0,2,1,15,0,true,source|sourceUrl,85f0dafaf39e7837a1d730c4392e24762e93d3006e7467c5a1118b9ff064e924,40102ed82fdf6c7608f9e8f98a3b0ae87aef40873d7b9b1d806fa7358fc5459a,false,false,false,false,true,munger
content/models/rise-and-fall-of-empires.md,content/models,帝国兴衰周期,6008,16511,133,1,9,0,0,0,0,1,0,9,0,true,source|sourceUrl,582e4a3e0d81edb096d05f437e391dac1074d7d3bd9e62d87c206d99fa7c2242,2c930a7c443fc7e31d91755c107397de9e11cc3ad817dca102916c1110af577f,false,false,false,false,true,munger
content/models/risk-first.md,content/models,风险优先,5021,13159,135,1,12,0,0,0,0,1,0,10,0,true,source|sourceUrl,8f3d85b9847118f5904f3d5b1026f539480ccf953c5ff49b24ae1a9a0d103880,c29d6b4896d34cff018892bbd8b40bd187bc6108b537b34b30c3ee172beffbe6,false,false,false,false,true,munger
content/models/sample-size-statistical-significance.md,content/models,样本量与统计显著性,8096,21350,239,1,12,0,0,0,0,1,0,13,0,true,source|sourceUrl,2e1767565037d3c873db82d656f6a557f5d9f13f1e69f9cfe7d7055ce8325593,75e2909a6f3e1322bca73175be1c8f504b0f0e8a121c6fc29786e3b4aa26ecb3,false,false,false,false,true,munger
content/models/scale-effects-management-perspective.md,content/models,规模效应管理视角,6956,18178,153,1,11,0,0,0,0,1,0,14,0,true,source|sourceUrl,8d0d977bacffcb5a99c23fb0691a1120fdb5d95d5c8c058925938bfb7d6336cb,95f2bc7654067a0656e587aceea06f740f4690eac32ec3a4947c7d3810948148,false,false,false,false,true,munger
content/models/scaling-effects-diseconomies-in-engineering.md,content/models,规模效应与反效应,7012,18964,165,1,12,0,0,0,0,1,0,12,0,true,source|sourceUrl,92f645d34cf921258baa52ec6d8d98d8408471195a5b194825a922f1c69f9f96,5fa0d35ae5ff7b90c14ebc08522689da03151dbb98674b8049b0051683fa9b9a,false,false,false,false,true,munger
content/models/seamless-web-of-deserved-trust.md,content/models,值得信赖的无缝网络,6824,18269,159,1,13,0,0,0,0,1,0,10,0,true,source|sourceUrl,0cdf6dc698f6d2e34e4d342c6aee39fc282edb7b072e6b05331c706d269ed44b,9dbdc6e47deac44fc6c69911e20abc05487ee512e30b60a9ca2f44f00ef28cd1,false,false,false,false,true,munger
content/models/search-costs.md,content/models,搜寻成本,5341,14694,141,1,12,0,0,0,0,1,0,16,0,true,source|sourceUrl,974aeedc20d24de29ca3bfab634911a3b253a1576a6c639b114298037c5e65fe,609e3cd89fa9bd4fc2c165e1de3cca7e935f1c21914d8c021925e6289b27c2a5,false,false,false,false,true,munger
content/models/second-order-thinking.md,content/models,二阶效应,7050,19426,187,1,13,0,0,0,0,1,0,12,0,true,source|sourceUrl,bcea91a1765d8fc0668263923305cb814b12f5df8b651e5d0ce99c7c2c277a0f,de4b0cb8a0063065c755dddde8d3ab6a32b31badb63a4805f442a41cafec9606,false,false,false,false,true,munger
content/models/self-organized-criticality.md,content/models,自组织临界性,8237,22723,186,1,14,0,0,0,0,1,0,12,0,true,source|sourceUrl,706ec451488b9ddf14af1f490e84935db2628efb601d0853cc25538609a6b7af,320ec83420e7c3c648b1375b2c7016c03c54f858f4f95c9a0db32a3685b36d39,false,false,false,false,true,munger
content/models/senescence-misinfluence-tendency.md,content/models,衰老错误影响倾向,6177,16354,168,1,11,0,0,0,0,2,1,10,0,true,source|sourceUrl,a2f3ae4149b1643c592cd869c3bff22c3540f19b89eda666a6378f23488e2e00,6944619b1649bc82b215daea06f153bec990aa2da581d8d3f27594e2a30d6ded,false,false,false,false,true,munger
content/models/separation-of-powers.md,content/models,权力分立与制衡,8398,21726,182,1,14,0,0,0,0,1,0,19,0,true,source|sourceUrl,c6751aa060a5dfa8549040e387c8a0a1be121aa01fd7dafed119bc9d7a988b5b,cd9a5134c0d390fa795703efdfd7c5f83f7805021486a8fb71452ee74f38f3ee,false,false,false,false,true,munger
content/models/signaling-theory.md,content/models,信号理论,6353,17542,167,1,14,0,0,0,0,1,0,9,0,true,source|sourceUrl,86440cda879abe8d939d74afe61e8bd3784c3c557fa9233e36d123b1e881ecdd,82fe3b3fac36c6c17a0a3523fb6435f32eee139543ff72027d35503da117d97c,false,false,false,false,true,munger
content/models/simple-pain-avoiding-psychological-denial.md,content/models,避免痛苦的心理否认,9519,26288,198,1,11,0,0,0,0,2,1,11,0,true,source|sourceUrl,849da70cbe00b5ecb54d394ffeb07c04411b4e4b3456e3ca66904622b3f5e7c9,72a5aeee55cf7310797691f7fc479e67aac3e82c8ddab3818158b8a5bea8a9a7,false,false,false,false,true,munger
content/models/simplicity-in-business.md,content/models,简单化在商业中的应用,6364,16756,168,1,12,0,0,0,0,1,0,10,0,true,source|sourceUrl,0a8bd7fab2d69f588d79e790853afc9228403b702d08f8d214f4eb37577fe5fc,8b52d8bf760b5da64f7c141931fe0bb9a28e2525f22a21c2ae9c1fe9775f36b1,false,false,false,false,true,munger
content/models/single-point-of-failure.md,content/models,单点故障,5312,14819,152,1,12,0,0,0,0,1,0,9,0,true,source|sourceUrl,7853d2d5846247e0245e80e5dcd612a5c1e2ec781b985963654c448eabf871e8,803b10e023e506c121a56e23888ed6fa3d43069553be657f18531c98a0e1a13d,false,false,false,false,true,munger
content/models/sit-on-your-ass-investing.md,content/models,坐等投资法,8492,22377,223,1,18,0,0,0,1,5,3,16,0,true,source|sourceUrl,17d0d710c907e550eb9a6ad35703e096e1caada2832966eca495ed56aa98e94a,728e4c80d4a2f7433d72a5d0cfdcab3780aac83daaa6c3478ef5cf59146d5d38,false,false,false,false,true,munger
content/models/social-proof-tendency.md,content/models,社会认同倾向,8462,22880,197,1,11,0,0,0,0,2,1,9,0,true,source|sourceUrl,c6168521eb214855a583bdbf8a1690515118a2352d68928efbfb68b113b6f442,2fd8d40e1880e716e4af033133adb8dd43833628ebcc6e192be056809cdc5710,false,false,false,false,true,munger
content/models/socratic-method.md,content/models,苏格拉底式追问,6030,16284,180,1,12,0,0,0,0,1,0,12,0,true,source|sourceUrl,6287cdfd85eb045da94d440b167104fb73827b85a7ed8683639ec578b8a6d5a7,3010e7252241195e69277d8185aa75921a8b5837282e65b21da7cd2c179d5f52,false,false,false,false,true,munger
content/models/stoicism.md,content/models,斯多葛主义,7510,20472,194,1,14,0,0,0,0,1,0,11,0,true,source|sourceUrl,95d48125d27743b9859a3bf913f6642fed70f29bb79c9595f08f8f63dab723e4,69ce33203ece6f987cebf00b78a2920223fcdf30946004337878ea46610a517b,false,false,false,false,true,munger
content/models/stress-influence-tendency.md,content/models,压力影响倾向,8000,22008,187,1,12,0,0,0,0,2,1,5,0,true,source|sourceUrl,97ae8b883eac635fe61e935d4043c5375e3a03ef623ec3de640e3512c1ae3570,e00f87216bd04f40dd58cbb17bc3e7d42d185c519f3e868606389403393b90ca,false,false,false,false,true,munger
content/models/sunk-cost-economic-perspective.md,content/models,沉没成本（经济视角）,7592,20066,172,1,14,0,0,0,0,1,0,19,0,true,source|sourceUrl,29e553a8ff7bb19194f125667bc09c5bca7aaac71d8c364b4808de3920427025,46cbcc632ecbf71f1f7e72e6152911db240b40ccec3982bd1424c68486e2bc53,false,false,false,false,true,munger
content/models/sunk-cost-fallacy.md,content/models,沉没成本谬误,7571,20361,211,1,11,0,0,0,0,1,0,14,0,true,source|sourceUrl,2b1d0edecb258cf41b7a6dc5ea1a5a3ccfac5b9990b5bd0fee94c7c68cd28963,582741dbb3db02652a260acc85abcc25be336ca24eaf67eb759cd417141fac48,false,false,false,false,true,munger
content/models/sunk-cost-vs-marginal-cost.md,content/models,沉没成本vs边际成本,8041,21408,228,1,19,0,0,0,0,1,0,15,0,true,source|sourceUrl,0c0bd5cd744736b044fdde7cc2b03f067d62f1941647705bcb4a21dbae173d07,b2ded1e3e53e359156023dd0eaa011c61a9c08c41fc648a0990734dab1144f67,false,false,false,false,true,munger
content/models/superposition-and-emergence.md,content/models,叠加原理与涌现,6151,16281,165,1,11,0,0,0,0,1,0,10,0,true,source|sourceUrl,0107c13f29246a3df8d1fa73d84b9977ed1c1b5571b327d719101978f6cbe43f,5efed70ae7bc1ea7725223d06dbec63d7e2a03d7bceec4bd5187973dd1849cb9,false,false,false,false,true,munger
content/models/supply-and-demand.md,content/models,供给与需求,6726,18364,173,1,13,0,0,0,0,1,0,13,0,true,source|sourceUrl,2732bf9d3dcd7252ae8af2cd2844d2ea6561189daf54b14e2158a2b6c1c88d1b,dae497cf3eb0fdc62560f51b2d4efc3ac069de842ebf0e95f8dae25c39eecbc1,false,false,false,false,true,munger
content/models/surfing-model.md,content/models,冲浪模型,7762,20091,156,1,13,0,0,0,0,1,0,10,0,true,source|sourceUrl,09382f051755a58ef11ec64999d442a46f8ea5e8d3824262f7ea84d96b3e8190,ad3582333b1bd195c4982c098474ad9d35059e999b4fb1904a5f74d27707d037,false,false,false,false,true,munger
content/models/survivorship-bias-historical-perspective.md,content/models,生存者偏差（历史视角）,5974,17045,172,1,17,0,0,0,0,1,0,10,0,true,source|sourceUrl,e08e7d747310b5af9ea45bbde228d83a9dac73977f847c59484e5e974adeee55,35932e1f81310573846d560784f9ca67bf90803b8bd9c6ec424f54aebbc33374,false,false,false,false,true,munger
content/models/survivorship-bias.md,content/models,幸存者偏差,7124,19141,190,1,10,0,0,0,0,1,0,9,0,true,source|sourceUrl,df05f1af1a84f0576631ec94674b5d3e1b5fbc82f239618675dfbe2cef8dd155,cde430d17e8a31a05ec880997c7b6450752d1d4069c1ba9b5f5c89a5dde99ac1,false,false,false,false,true,munger
content/models/switching-costs.md,content/models,转换成本,7609,19606,189,1,16,0,0,0,0,1,0,17,0,true,source|sourceUrl,9e4f36a65a244afc62989c77c4534d93e3c4d9e736b39756b9b579788dcc0936,f4ed19ea3ad096bdaf0b0119f663a0a11a289c2de0b96f8f278e24c2364f2b68,false,false,false,false,true,munger
content/models/systems-thinking.md,content/models,系统思维,8528,22453,201,1,13,0,0,0,0,1,0,22,0,true,source|sourceUrl,7eadf15432e43a79503560ef5084b1852b0633dd676dc364752e7256b9c35b4a,640bcfc45d6421be34f1710df0fefa5169ac666695f4848b67a3797a566722d2,false,false,false,false,true,munger
content/models/technology-help-vs-destroy.md,content/models,技术对企业的利弊,8154,21871,185,1,12,0,0,0,0,1,0,17,0,true,source|sourceUrl,1f2885c0579d1f0e971eb30180abbbdf7374fe2354a68b444bb2604c2e16440f,10529ea0bd9303c417adac81a98316e666d859ce0bb51e4ad786142c377b35bd,false,false,false,false,true,munger
content/models/theory-of-constraints.md,content/models,瓶颈理论,7448,19789,164,1,14,0,0,0,0,1,0,15,0,true,source|sourceUrl,d9eb5889d003804159aeea9436d3fea9665b2ab981d7412e09af15d2c1845857,5fbf23a6f7bbcdf52f63b20fe817256b136f8a08c21ea412258a47c178a98f02,false,false,false,false,true,munger
content/models/thought-experiments.md,content/models,思想实验,6104,17313,153,1,12,0,0,0,0,1,0,13,0,true,source|sourceUrl,6b2a2a3151179b4a84c2b0302a9e88ac870d1d14c73c8039135da19b7adbfb80,751dfda48f8fcbc0f7d5bb4f1c170dfce6e392fc9cced52e7b29a233dadf4c86,false,false,false,false,true,munger
content/models/tight-coupling-loose-coupling.md,content/models,紧耦合与松耦合,5773,15611,187,1,13,0,0,0,0,1,0,15,0,true,source|sourceUrl,1492a0567000de207281c598bcf26fa9afe3497cc0dce24d1b9eec7883b83d24,4fd21a61340832aa0d99d8efba30cf07c58c8f840ea9d5b5c3b87e9675c547e3,false,false,false,false,true,munger
content/models/tipping-moment.md,content/models,倾覆力矩,4142,12002,116,1,9,0,0,0,0,1,0,5,0,true,source|sourceUrl,6b5bc3fe962dc017d5cab5ec6302f5980c53234e2190a0bb7eece63fc58191e4,877580ed9a138126056afbb4ed75cec883e20ea268b8192fe5ae9ae0cab8f806,false,false,false,false,true,munger
content/models/too-hard-pile.md,content/models,太难堆,6745,17994,189,1,14,0,0,0,0,1,0,11,0,true,source|sourceUrl,b8e5b870f3d8c10ba85b097d1b7ba56d919ab0fb486278d1dc2c1c07c8488d51,14c5cba5bcad2a4fec322f5a6fa57c6ab613dc26b96f725266af11b76df02a8b,false,false,false,false,true,munger
content/models/trade-off-analysis.md,content/models,权衡分析,6464,18023,191,1,12,0,0,0,0,1,0,8,0,true,source|sourceUrl,0de7b096fe46822c23ab8996467c4d842e8eb5ddb332eb290d4b736e895f0681,d266461eb44c16d1011c4bcd1a341751edf902b575b506f9cfe7577586825f15,false,false,false,false,true,munger
content/models/tragedy-of-the-commons.md,content/models,公地悲剧,6345,17755,174,1,13,0,0,0,0,1,0,9,0,true,source|sourceUrl,4d0157d06467e72527391c10cea4009c2d445ced7a0ece7ab4b4fb93a6b0fea6,72792d7c0ae2ce10b49065655ed13108544f0d474d4994603cba42be622ac86b,false,false,false,false,true,munger
content/models/transaction-costs.md,content/models,交易成本,7400,19319,171,1,13,0,0,0,0,1,0,14,0,true,source|sourceUrl,e2c1634f56b9b13de559feff51dc10d274359aa91684bf68c103feb3a2a471e9,a89da9436395d0b9105967a565b9c200cc05f3bb6200e64c54808ea861c74ef9,false,false,false,false,true,munger
content/models/twaddle-tendency.md,content/models,废话倾向,6679,18174,183,1,11,0,0,0,0,2,1,9,0,true,source|sourceUrl,20b71a3e1407703eae18c9df6af27fc8f95114c9eae3134920cf8cd845876095,6a540fe3850d8033f984b142ba544a7e36e8bcd18b13704c6930ff33c22d2cbb,false,false,false,false,true,munger
content/models/two-track-analysis.md,content/models,双轨分析,8062,21199,195,1,15,0,0,0,1,5,3,12,0,true,source|sourceUrl,b0b8f53604f9cd0182a5e991f1b1fc71a93968edf5aed45328e8e9242ba1fe31,a7a1629c0caab07b4a2df4def374e3b05f372db2c077b5e5a2ad999729b62f94,false,false,false,false,true,munger
content/models/use-it-or-lose-it-tendency.md,content/models,不用就忘倾向,7073,19388,182,1,12,0,0,0,0,2,1,6,0,true,source|sourceUrl,5e5d27b6d3f0c01fe16458c221eccf3eabbf7843390456d632b89f7ef307193f,f7411def51a1be2290ff1b350750982f339e06fb11a3703338682228bb768d58,false,false,false,false,true,munger
content/models/viscosity-friction.md,content/models,粘滞性与摩擦力,6378,17461,170,1,13,0,0,0,0,1,0,8,0,true,source|sourceUrl,8cf369429895eb1600f1138b383ab85e6e2ba18f8002b35aac967ee7afbe7d8f,4cddf8557cf2dba8d8572fac1b038cc98a016c2dbe50ac1bd8a87ad383ccbcc2,false,false,false,false,true,munger
content/munger-archive/about.md,content/munger-archive,关于,866,2202,37,1,5,0,0,0,0,2,1,0,0,true,source,5a7185273ec466859214c5d2e4351754dfc39dfc8e077ff112dddb8a2ee391ed,6ff86b24bfc2b1d371a841b0083c62452579aba788fe0419d418e8f76cc68491,false,false,false,false,false,
content/munger-archive/architecture.md,content/munger-archive,建筑,1238,3197,41,1,6,0,0,0,0,4,3,0,0,true,source,b3e3c9d23d9309933438d816bfc8d883f5cbb86ca0efc326635556fa6e2218ee,216e45c207427e1245c903b86f9ed5ec8fc6cb1fb28bc5c16923fdcfe2ec0819,false,false,false,false,false,munger
content/munger-archive/books.md,content/munger-archive,书籍,6754,13570,229,1,4,0,0,0,0,29,28,1,0,true,source,2bdb18b85e95e8aebb3de04995df7bbd567982135bb09ab55728a8c04c25b456,8723b72af7bbcdd1078cb3dae2ef6a3b988f13698092e0dd846a4586e4f69f6a,false,false,false,false,false,munger
content/munger-archive/companies.md,content/munger-archive,公司,1472,3849,67,1,9,0,0,0,0,4,3,0,0,true,source,b297bf1068720c4ad4a2a7d2c680b3ed23ba4e8ec11e0e36aefdad229e7fe07e,56f1d220f252c240d546637b1fce6bdf99b56b11fcb4f9ee98da5bac7627427c,false,false,false,false,false,munger
content/munger-archive/daily-journal.md,content/munger-archive,每日期刊,4809,5182,21,1,1,0,0,0,0,13,12,0,0,true,source,42c9913e5632a70338414b5b7bc4abcea8855fbfc323892508d41c8b2f96a921,474a1f9d57d7e4088fd8d249067a440dc50d86348f8bfbd1a2f8823a07f7a18d,false,false,false,false,false,munger
content/munger-archive/family.md,content/munger-archive,家庭,809,2116,41,1,4,0,0,0,0,3,2,0,0,true,source,3a8d0c9629abdd786f9c63224b3fa576bba55d6b0dab7085557cff6aad4dde73,6e06c378e9e22a3771d7c8e60f59c67f9eca9b45567241c1b2a9b2d781fe23e9,false,false,false,false,false,munger
content/munger-archive/home.md,content/munger-archive,首页,3546,6296,99,1,10,0,0,0,4,31,26,0,0,true,source,497ce716a4b6530ebf420917e4823d20a28b67c53255e5d0e732d00782be2f7f,c60865e5ca0c8839ae27dd1a5195fe36589a028751b9a20b25073810e51b946c,false,false,false,false,false,
content/munger-archive/investing-philosophy.md,content/munger-archive,投资哲学,1551,3976,45,1,7,0,0,0,0,6,5,0,0,true,source,acb8725feb1a95b45f34640d2089e9bfc18efeac6d994cc9e2e209f657f147a3,f4e220378efa446f0a36358f8ff6d4400f583ccaf71ac23b0a50675de51b0ede,false,false,false,false,false,munger
content/munger-archive/life.md,content/munger-archive,生平,1299,2971,51,1,3,0,0,0,0,7,6,0,0,true,source,7d4090b648db076e2a49bb1b02f760172a6b6756ab996bfdc55832e8edf3e6eb,1b0e404e057d03757931db37f0f3a17ebae0888ae7837ac5c0079823161e76a1,false,false,false,false,false,munger
content/munger-archive/mental-models.md,content/munger-archive,思维模型,3545,5402,91,1,3,0,0,0,0,38,37,0,0,true,source,3b43a099ded0df2e8d2583993713b7b575bcfb6549a545dfa76a11e6a7922040,a9562605f0579b4ddb6c6ab39f5d6a6cc0391d9a77c3876c1a7758574c6fc8a9,false,false,false,false,false,
content/munger-archive/mental-models/authority-misinfluence.md,content/munger-archive,22 权威错误影响倾向,817,2008,19,1,1,0,0,0,0,4,3,0,0,true,source,0ddf3d569d25a12e935a58a983cdd462a34f54fd66193b3de1a211be62fad2d9,58cb7a163cadec8b40f684e21212ec620cc8612bc734a73998fd9bacf6daacba,false,false,false,false,false,
content/munger-archive/mental-models/availability-misweighing.md,content/munger-archive,18 易得性错误权衡倾向,835,2052,19,1,1,0,0,0,0,4,3,0,0,true,source,c062cf14835dbc5f6953209c16ec0ea70fab7f7ebd96a7b6c67ded17f700f6de,a6afe58badc0aa82a240aa8a546f14dfe2e74faeae3a75c34c732b2e31c9b900,false,false,false,false,false,
content/munger-archive/mental-models/circle-of-competence.md,content/munger-archive,能力圈,494,1565,17,1,1,0,0,0,0,1,0,0,0,true,source,646a14f5de9054ade49afaa8a2f937891a99af89dd100ced095a18c8a0b719ef,39f2d513f831307943b6831cb3dec3e84ab5c7e5301a4089900aea329eaee685,false,true,false,false,false,
content/munger-archive/mental-models/contrast-misreaction.md,content/munger-archive,16 对比错误反应倾向,829,2035,19,1,1,0,0,0,0,4,3,0,0,true,source,eaa48e2ba2a90c1daee01cf8d191510b69c9d99da422049dec4e3c888b393936,d1f240a7758f68e1a69c7643343fba767cfcfce4a5325b61b902767b4c1ad540,false,false,false,false,false,
content/munger-archive/mental-models/curiosity.md,content/munger-archive,06 好奇心倾向,797,1889,19,1,1,0,0,0,0,4,3,0,0,true,source,3c7590e956dc14df125014860e4e83f157b24f559848a24d1e50bf7555e54806,62c8b75ee68de81b97e7ac84b87731c13c6aafa306d01007f60a5a0e96192053,false,true,false,false,false,
content/munger-archive/mental-models/deprival-superreaction.md,content/munger-archive,14 被剥夺超级反应倾向,874,2187,19,1,1,0,0,0,0,4,3,0,0,true,source,7d0ddf79887587ebcfe36d791eb84e8c06292eb9cba79733701380b0a7e9f153,46132b5210923216fec40f86e744db4d668d2e84732f827b57e7651748c9e40f,false,false,false,false,false,
content/munger-archive/mental-models/disliking-hating.md,content/munger-archive,03 厌恶/憎恨倾向,780,1897,19,1,1,0,0,0,0,4,3,0,0,true,source,73675a470ff4723e0f13aa91f02d611b8059327b447f089ac68a94b2aabbca8f,4fa62976936d86efb7962bcc5677036910c92fa9b55ce73c2a3c1b47d118d845,false,true,false,false,false,
content/munger-archive/mental-models/doubt-avoidance.md,content/munger-archive,04 避免怀疑倾向,764,1807,19,1,1,0,0,0,0,4,3,0,0,true,source,afc94484a4b440c4ab2e868c1e4dc626a59251fd20de1b1af7bc3845b109b5e5,2994ad71ed764bd3d033c3d94d0f512bc97812dc5d27655a676c09fa7f198aa6,false,true,false,false,false,
content/munger-archive/mental-models/drug-misinfluence.md,content/munger-archive,20 药物错误影响倾向,795,1902,19,1,1,0,0,0,0,4,3,0,0,true,source,c66fe1499036d021d5e8d4794f2e8edda4f4feae6f9d7501907e918ce5d54aa2,89291e9caa59146274c89eb48333478d82ac1761352b338ebcbf08295dcdbb9d,false,true,false,false,false,
content/munger-archive/mental-models/envy-jealousy.md,content/munger-archive,08 嫉妒/妒忌倾向,826,2026,21,1,1,0,0,0,0,4,3,0,0,true,source,dc614128aa25e209ede0814ef2e7e85f850c89e5bae5b2fd51b66b2499320a7e,b4fcfedefbbab55186db2b74425ef6a80e7a24a80ac76b5b2cb3116a8782a62c,false,false,false,false,false,
content/munger-archive/mental-models/excessive-self-regard.md,content/munger-archive,12 过度自我评价倾向,896,2215,19,1,1,0,0,0,0,4,3,0,0,true,source,625150d428e0f8ef48a4985dac4de80b8bcbe917f8d64182dde519fc55d2757f,01e29c88f9b4960d8a46487b8407f1e1bb00b73a33065ff982e4c63b6e6b7d3d,false,false,false,false,false,
content/munger-archive/mental-models/incentive-superresponse.md,content/munger-archive,01 奖惩超级反应倾向,700,1809,21,1,1,0,0,0,0,3,2,0,0,true,source,7d6f22e79776b5d1e9da79cefe43ca147b67bde046c03781be1c4bed93fd826d,0eab9cc190ab8ceb4772da86fd8b28ae4ed0ef411d151cf61096fb8a1fd48062,false,true,false,false,false,
content/munger-archive/mental-models/inconsistency-avoidance.md,content/munger-archive,05 避免不一致倾向,813,1973,19,1,1,0,0,0,0,4,3,0,0,true,source,75427169d0bdcc35bc3047acd6b1f90c9204cca47834ee678952d22eb9c8a7de,777e72b304bbc8228dac1c77cd2978052040902b8a04a4e8b66044e72138328f,false,false,false,false,false,
content/munger-archive/mental-models/inversion.md,content/munger-archive,逆向思维,1020,2537,29,1,3,0,0,0,1,4,2,0,0,true,source,92ed8bf20d6f2060fec6ad6d69a7bf5a19f6426ebd0cefb10467b1193692bfca,016800d67b7241f1ed263f735ddd3ae956bf2e1724bd6fb0140e051109df8cdf,false,false,false,false,false,
content/munger-archive/mental-models/kantian-fairness.md,content/munger-archive,07 康德式公平倾向,791,1947,19,1,1,0,0,0,0,4,3,0,0,true,source,7385bc48b11082a45ee27c3a3ae09a310c41c8a7bd2be6152ffcf750823e148e,8f2ce88a564e18d5d8db48a155ead5b89cd117e9f9f6b83b3d6973917009e5c6,false,true,false,false,false,
content/munger-archive/mental-models/latticework-of-mental-models.md,content/munger-archive,思维格栅,1384,3321,35,1,4,0,0,0,1,6,4,0,0,true,source,288b2cd8eea050937873f2ac128ccf8d8b9e240a57aa07968c5528f60b305f94,20a33d71c9c93ff2ff9c045bc659aea41fa6f96f5f730bbd8efe4b9e43bc7757,false,false,false,false,false,
content/munger-archive/mental-models/liking-loving.md,content/munger-archive,02 喜爱/热爱倾向,778,1822,19,1,1,0,0,0,0,4,3,0,0,true,source,1e6839655d60c904efe5bddddad2201b6f35796fd13da21b84b14c16577c9982,6bd4c52bab887b0200090944092df7e114940f22868cf90313e4641e33b16d10,false,true,false,false,false,
content/munger-archive/mental-models/lollapalooza.md,content/munger-archive,25 叠加效应倾向,851,2273,19,1,1,0,0,0,0,3,2,0,0,true,source,bf4b59546bcccb24efa3f4e847f8de5ef997a2a966cb71b4d5696bd63f6cff5b,d79b95ddaea634fec3119bbc16b56811f893dd1797d8a8b43b968c68ff6989f5,false,false,false,false,false,
content/munger-archive/mental-models/man-with-a-hammer.md,content/munger-archive,手里拿着锤子的人,670,2097,19,1,1,0,0,0,0,1,0,0,0,true,source,5b8c2a9bcf025127f1c1e7fb040c02a05a092bf34ef54a2cbff6c8ba15622a4b,bba8aefcd0e9454ef3cf5bad4c730756eb85bc5eef7cffde215309141201a9da,false,true,false,false,false,
content/munger-archive/mental-models/margin-of-safety.md,content/munger-archive,安全边际,980,2440,27,1,3,0,0,0,1,4,2,0,0,true,source,2088a32a7c21664622b811db5ae0077f315cc85afac56c191b86d97d71d7cfd1,23959fc4ddcde0643ac6a0ce8799a48e78d649d2c630ba70e0905de2f2466a03,false,false,false,false,false,
content/munger-archive/mental-models/mere-association.md,content/munger-archive,10 单纯联想影响倾向,848,2014,19,1,1,0,0,0,0,4,3,0,0,true,source,9d4d0c7902a9145c079a440d178fad21937aef8999a44f5799e9ea387427246e,9f45854bc16643a7d54375c9a66b5f6165b7e6ddff02f3c1395d1204e619686b,false,false,false,false,false,
content/munger-archive/mental-models/moats-and-durable-advantage.md,content/munger-archive,护城河,651,1981,17,1,1,0,0,0,0,1,0,0,0,true,source,88adf19f761a27924eb700cc0176a92ada39f749fc0a7632b16517fee1a8b59f,9740a97740bbcf7a24d7f317df80b44833ae56fcfb3cd6c39855b939b90bb32c,false,true,false,false,false,
content/munger-archive/mental-models/opportunity-cost.md,content/munger-archive,机会成本,975,2354,27,1,3,0,0,0,1,4,2,0,0,true,source,a69d7be88f00c14adacc868666ea9d4fb62a603ce4f3dfe16bd6715426b0bb05,b0ee8945ed691e5a17b696b46712174f5cea74a02284f2945ecc2612daaf5bf3,false,false,false,false,false,
content/munger-archive/mental-models/overoptimism.md,content/munger-archive,13 过度乐观倾向,802,1860,19,1,1,0,0,0,0,4,3,0,0,true,source,45434a76c690dd91a79d17d33337cb2b69281b7e54d806bec9faf698a62ed1b9,7028250d926ae94aedd52b7d77bcf76ea358c3e921aa91ba9f9081305d65527f,false,false,false,false,false,
content/munger-archive/mental-models/psychological-denial.md,content/munger-archive,11 心理否认倾向,837,1971,19,1,1,0,0,0,0,4,3,0,0,true,source,2dff5e5e3702b0b5e19b573ae7a2b5fb87cd96fc9caf582936d3404d04bba8d7,8caf67b58533afa029227fe52d66a1cc12d305f4c271e8680b16bc1ff6f97306,false,false,false,false,false,
content/munger-archive/mental-models/psychology-of-human-misjudgment.md,content/munger-archive,人类误判心理学 - 概览,3609,7146,75,1,2,0,0,0,0,27,26,0,0,true,source,83e559e648dfa76878cfb1e8be20c43e59bc26147bb6e625bb167ac3356679a6,0fbc8709f64d16fcdd8490fd1e8704d3b32ce352b3be74de0fd04ef40de041d4,false,false,false,false,false,
content/munger-archive/mental-models/reason-respecting.md,content/munger-archive,24 重视理由倾向,824,2042,19,1,1,0,0,0,0,4,3,0,0,true,source,8dc9c0ddc5fd987a45ceec889286edddd7ff96a8ea8caa5fe72cb86b3e92061d,46026df8cb535586413d74a7bba577d00eba0149b262de7b3a98ab0281c9aa7f,false,false,false,false,false,
content/munger-archive/mental-models/reciprocation.md,content/munger-archive,09 互惠倾向,844,2041,19,1,1,0,0,0,0,4,3,0,0,true,source,0541c178ca1731eb3914f9718160f064de0f46cd2d3e4bd781a475e9b950594d,8e852cea6ba2852956b5655b7a1385bb3dccd980bda1922980d9803bd5083111,false,false,false,false,false,
content/munger-archive/mental-models/senescence-misinfluence.md,content/munger-archive,21 衰老错误影响倾向,791,1892,19,1,1,0,0,0,0,4,3,0,0,true,source,9981151fa8ad2f52e496e164d9e7f7a2891925f29df8d0f92e10b44923020b7e,acddb6c92b471b6bd7ccb7c0976ab291c5cd4dd5c2e384310f1364152dfc8b99,false,true,false,false,false,
content/munger-archive/mental-models/sit-on-your-ass-investing.md,content/munger-archive,坐等不动投资,988,2472,27,1,3,0,0,0,1,4,2,0,0,true,source,00a77e92ada44a9dca97cc42a8c857a7d2fd31b8c6125d513c925b954520993f,e280797b0438f448eb732a53c9f2dbf8b198e03e10fafff819d57b283be82fab,false,false,false,false,false,
content/munger-archive/mental-models/social-proof.md,content/munger-archive,15 社会认同倾向,866,2088,19,1,1,0,0,0,0,4,3,0,0,true,source,08832542b811ace0f64db7e4765ed7d21d37532260574158626bf5fe5e6cd5f6,7e72fb83f722ef9f56a96a1d27a072b51445e57d1cdbb12c21c1af314936bc7e,false,false,false,false,false,
content/munger-archive/mental-models/stress-influence.md,content/munger-archive,17 压力影响倾向,838,1996,19,1,1,0,0,0,0,4,3,0,0,true,source,42e55dc9522b9d0100d7262685ed9b9b8e6ed151f9848fa1f3f71c3f5b57be41,cbdfa5ba93c7d655542d7a8e89b8219c12d3f687dc47228aae536adbaa31830a,false,false,false,false,false,
content/munger-archive/mental-models/twaddle.md,content/munger-archive,23 废话倾向,809,1874,19,1,1,0,0,0,0,4,3,0,0,true,source,9c6939df6c4b381c8d950ba54e9daf7073178448cfed75b77bf6722986da90a1,d7d5f373327e9b92b91de461a6ce6bee395e324c4b66499812aa3d170a5151b0,false,false,false,false,false,
content/munger-archive/mental-models/two-track-analysis.md,content/munger-archive,双轨分析,1015,2488,27,1,3,0,0,0,1,4,2,0,0,true,source,6379362481220acba9f82a21c173d9ee1215eda44fcb165bdcc67f0c3ff0c309,eb5f1764c34796cef32d43cab9227c8fd89dc0ad743e76175a5052912f538f00,false,false,false,false,false,
content/munger-archive/mental-models/use-it-or-lose-it.md,content/munger-archive,19 用进废退倾向,788,1827,19,1,1,0,0,0,0,4,3,0,0,true,source,0ca0b4aed8c7c68ca734e70758a2c8aa5ea8165857bb26df2a6e0803fa261891,44d21c61f8708e2aa7e18517ae891ac64365f46143daf106535390e3a6ae528d,false,true,false,false,false,
content/munger-archive/philanthropy.md,content/munger-archive,慈善,999,2382,47,1,4,0,0,0,0,5,4,0,0,true,source,27093220e15079d2269c5e90d62d73ce77e188dda2ac5075ae180e65d7e88faf,7fbb231a32a313084744dc9864e97c1338750095f21ea2afc89edb1f722b6e21,false,false,false,false,false,munger
content/munger-archive/quotes.md,content/munger-archive,语录,15268,23392,301,1,5,0,0,0,0,72,71,0,0,true,source,ad9d2bd9748df6152cfe7d3d5dadeeb38c0b43c0186abb2e8b7ef6b5de211ef5,62379dd34ef1181d24eab7eb121725b7ac3c283195487b585ae345112b169521,false,false,false,false,false,
content/munger-archive/quotes/quotes-avoiding-stupidity.md,content/munger-archive,芒格论避免愚蠢,10117,16122,225,1,1,0,0,0,0,35,34,0,0,true,source,4af02441402ca1a1c0ecd24031d0f575aa6b7e4811eb233aa98180c76fa8730c,f441216389ac0f03c2a0fee7c9747d27240f920fb61448affb5e7651eff88cc6,false,false,false,false,false,munger
content/munger-archive/quotes/quotes-banking.md,content/munger-archive,芒格论银行业,1660,2803,53,1,1,0,0,0,0,6,5,0,0,true,source,158f413979e55b030902f7a1303752a8ed2e25d520d9143b7195c8f757dfd3a8,a8fc47f41dcf7574fdd19ab0d5a8a9e5f07bd0144a5e5de8660ee7789795faaa,false,false,false,false,false,munger
content/munger-archive/quotes/quotes-character.md,content/munger-archive,芒格论品格,6128,9797,147,1,1,0,0,0,0,21,20,0,0,true,source,75bc1a5846058a0d1b00d32043324ba0e4072b67beefd874e15db78501991ddf,af4b887c05536350ea9c6e1fc4e4eeb6042c490bd5f068e73125158da2abbd77,false,false,false,false,false,munger
content/munger-archive/quotes/quotes-circle-of-competence.md,content/munger-archive,芒格论能力圈,2831,4460,75,1,1,0,0,0,0,14,13,0,0,true,source,8270f0c77e40aa224934572119095d4a593d2bf17a0c803e8231deb16fa895ca,4075f131a6a60a9117cfcbe4eab3c3be01f42ec1ca1cd24f1e81f84c5226d44e,false,false,false,false,false,munger
content/munger-archive/quotes/quotes-concentration.md,content/munger-archive,芒格论集中,1422,2405,39,1,1,0,0,0,0,7,6,0,0,true,source,51152829d010378c47a779a211ad328a80a14dfce353cb7f65f0748754d6e065,66b64257bd7527df8e92160a7bf50e09d041148836c60a08219c1707abc8cefc,false,false,false,false,false,munger
content/munger-archive/quotes/quotes-cooperation.md,content/munger-archive,芒格论合作,603,1003,29,1,1,0,0,0,0,5,4,0,0,true,source,17bbf57a680fea1347c29d56a0baa70d500edf4b80acacc366765afdd1b40ca6,2167b7999aca3fe109991c142340185774777bd17a73148796a143f98421d47c,false,true,false,false,false,munger
content/munger-archive/quotes/quotes-costco.md,content/munger-archive,芒格论好市多,586,998,29,1,1,0,0,0,0,6,5,0,0,true,source,baa4fbe8087bf8c45ae95598976670ba67882fba4391cc6b158bd32dfa6aacc9,782c17de265ff4d19b057339f84521a221df2345fa455c68a96e12b009a9ed2e,false,true,false,false,false,munger
content/munger-archive/quotes/quotes-crypto.md,content/munger-archive,芒格论加密货币,1581,2625,53,1,1,0,0,0,0,10,9,0,0,true,source,b52755365fdb4d95e5d1edbb17aa0b3fe6e8234373575c4db4d11754f49df377,f80c351e8c5d5ab73854ea5c5881a483dc4760f33eaaff94d8789e650c507f98,false,false,false,false,false,munger
content/munger-archive/quotes/quotes-decision-making.md,content/munger-archive,芒格论决策,1363,2117,43,1,1,0,0,0,0,8,7,0,0,true,source,79127b5e6b9cbe761bbb94196dc1147b591d2962c3035b7cccd6d0e60b0d17e6,7288617b5f1da7d8fb53081bf406740ddbd0c11aee2a4bd011bb83a9bcf46794,false,false,false,false,false,munger
content/munger-archive/quotes/quotes-envy.md,content/munger-archive,芒格论嫉妒,1179,2043,49,1,1,0,0,0,0,7,6,0,0,true,source,cc8b4929183cf2dc644c019cd9f7babb7d4207e56c13177807598f9767a7def6,e9ce2d7ffb51d01a877fb34ee9f941d6cc5aad245a86325d1828201a59f91d2d,false,false,false,false,false,munger
content/munger-archive/quotes/quotes-ethics.md,content/munger-archive,芒格论道德伦理,4240,6756,105,1,1,0,0,0,0,16,15,0,0,true,source,9e326502414940355193baea541618d30ede69db4d7c64af5dba9a9eede22618,cf650aca0483345ca277c2d017eb9543d1b836cefbcf1b091a308f1cb6a3d901,false,false,false,false,false,munger
content/munger-archive/quotes/quotes-fairness.md,content/munger-archive,芒格论公平,1002,1603,33,1,1,0,0,0,0,7,6,0,0,true,source,35d042c4c6c6b4dd72ba133a70b063b81f07614f3df445e643bd77cceb8b5e1d,8f08b581598f378d2ddcb430f6dbd5fa98b37eeb4e1f41df717492c42771e9cb,false,false,false,false,false,munger
content/munger-archive/quotes/quotes-happiness.md,content/munger-archive,芒格论幸福,2570,4090,67,1,1,0,0,0,0,14,13,0,0,true,source,7210e0e5627baf1014aa29439ed7bd0673c80b3c4e9fec43f5b0eee1b4323e8b,178483580a17a95c434f3cade06c10070c41c563d761c3499376fcf14c5d0eab,false,false,false,false,false,munger
content/munger-archive/quotes/quotes-humility.md,content/munger-archive,芒格论谦逊,2205,3653,53,1,1,0,0,0,0,11,10,0,0,true,source,a4f1c00a2c0ae3264958954fcfbdd808d786bdbc5278bdc83c7297dc9e0441f2,4fdb61b0f7e81ea1062822a42346d6a0680e8067c3d5727920d617edd617cb66,false,false,false,false,false,munger
content/munger-archive/quotes/quotes-incentives.md,content/munger-archive,芒格论激励,3648,5547,85,1,1,0,0,0,0,14,13,0,0,true,source,5d8a6363811f80e2898782b65f3ba7162e91f7a19e8a30208b26f105ccc4719e,a730661e8cbe57599b6201fe5fcd89741777810fb079f0dee875a57151eca50a,false,false,false,false,false,munger
content/munger-archive/quotes/quotes-independence.md,content/munger-archive,芒格论独立,6782,10667,157,1,1,0,0,0,0,26,23,0,0,true,source,70dbdf7bf5131e55b2dd4f973ead33b04e2d2697e2dc78fce10d090dd3a50691,3c8b0e9cd60bbebc5f9539fb1e8aeca84bbda95ff0cac333cd5665eec22c0a0a,false,false,false,false,false,munger
content/munger-archive/quotes/quotes-inversion.md,content/munger-archive,芒格谈逆向思考,730,1377,35,1,1,0,0,0,0,5,4,0,0,true,source,a4e709404f0bf54bd7bb116e79e5b271f73e8f7551126c385e960745fc783d23,535294ab9604f891705c916aa3fa6400b1ee3a8c80251ffffede8e4d0db79a64,false,true,false,false,false,munger
content/munger-archive/quotes/quotes-learning.md,content/munger-archive,芒格谈学习,7391,11633,161,1,1,0,0,0,0,26,25,0,0,true,source,6cb7fb526017a098ee175b656df19cba31e36753792c18135b052f929e7421c0,6e856b0355c1e2f3f7247aef3e03321cd5c6929a5f61f8507ea582d7364dbdfd,false,false,false,false,false,munger
content/munger-archive/quotes/quotes-money.md,content/munger-archive,芒格谈金钱与费用,3663,6038,91,1,1,0,0,0,0,12,11,0,0,true,source,995b1fa431bd966318496042bbf530b9420543b514617bc89687bee54b33c748,4b64e9aa517553d1f21b9c26f33d9fa9ddef1687c97e08634c06c34a249a2098,false,false,false,false,false,munger
content/munger-archive/quotes/quotes-opportunity.md,content/munger-archive,芒格论机遇,3949,6349,91,1,1,0,0,0,0,16,15,0,0,true,source,b48dd5152a06a609217f9f31909513f878d646a57c7b3d3c9daf30625424cc99,e24e1e0f3039fc76a47254795036cd1308399d8df3010206096ed3db4d4d7672,false,false,false,false,false,munger
content/munger-archive/quotes/quotes-partnership.md,content/munger-archive,芒格论合伙,1954,3417,63,1,1,0,0,0,0,9,8,0,0,true,source,960e9bbc97495ad09f0992cb7bed7282428e11527dba87fe31b9747af858e40a,2c8f01ecb37008255971aed20633058de9c5235c66234eca6e5dc12089f96240,false,false,false,false,false,munger
content/munger-archive/quotes/quotes-patience.md,content/munger-archive,芒格论耐心,3058,5379,89,1,1,0,0,0,0,12,11,0,0,true,source,5b0072e97bcf3ee172d6bdb766c26f42f260836dfaf87e96496b074421a9ace1,17318577d217d1addb5b7b339d06f8120b198624c8a86aadf30be7feed81611a,false,false,false,false,false,munger
content/munger-archive/quotes/quotes-quality.md,content/munger-archive,芒格论质量与护城河,5207,8531,133,1,1,0,0,0,0,20,19,0,0,true,source,1048dbc577a2ff828e18b6dbf03660f4e1b20787d0960200ee0d1ab2b6a7e2b0,3f7abe67c5965c4fd9a905fccae4ffb64a9f150c925189b06637c48ecb787967,false,false,false,false,false,munger
content/munger-archive/quotes/quotes-reading.md,content/munger-archive,芒格论阅读,1026,1871,39,1,1,0,0,0,0,6,5,0,0,true,source,9c5375a5090af8a93e3bb7fb1bbfb91951a2c6fce2f3b5e32fef4dd29db2d5f8,01d561bde836f16505aa3e685951410964942caecb7da4d603290edb1efa31e3,false,false,false,false,false,munger
content/munger-archive/quotes/quotes-simplicity.md,content/munger-archive,芒格论简单,2082,3620,65,1,1,0,0,0,0,8,7,0,0,true,source,9689f91adbdacaacc77b1b8ca27e1f524e26ff5eb0f9834d1998de0a1d4fd925,df93bb67da0eb34f6b53977365e5bc4ed60514632739ea1f412e75e48fd106ff,false,false,false,false,false,munger
content/munger-archive/quotes/quotes-temperament.md,content/munger-archive,芒格论性情,8826,14650,213,1,1,0,0,0,0,33,32,0,0,true,source,39fe5528b7c77ac2016858b93ef16d2c364ec876f3187f722910f2fe08e93044,532ee00f6d40a5814c73ce5515ac563269fd55a8fbc6f23079b40a8c073a5e41,false,false,false,false,false,munger
content/munger-archive/quotes/quotes-wit.md,content/munger-archive,芒格论风趣,5766,8987,137,1,1,0,0,0,0,23,22,0,0,true,source,f8959889812f709be66de49f25d95b3870fa600555f3877b2c3f47dac0abb0a9,4dcb0f5943e79e9b4e7641d993f938b7bdeabbc3f85c8bb51f25c264afac2dcc,false,false,false,false,false,munger
content/munger-archive/recordings.md,content/munger-archive,影音记录,17082,17575,21,1,1,0,0,0,0,37,36,0,0,true,source,b97e6030c7337f97adf7d29b9fb5a077b61e8634a6c6445570dd8872221d173a,6d9c1c9a7b592c41530eccb3887aaa02003051ebffc9bc14d86cd20563087d5c,false,false,false,false,false,
content/munger-archive/recordings/acquired-charlie-munger-2023.md,content/munger-archive,查理·芒格做客 Acquired 播客（2023）,3801,7073,119,1,5,0,0,0,1,15,13,0,0,true,source,78a6136217b47d2e86e0fcc8b426571675b3a8880849f2015992bb9f775a39fd,7c5512ad969f405bf4a50f2a1e2f415d9a225d929e6d760e632e9b475ddb5741,false,false,false,false,false,munger
content/munger-archive/recordings/bbc-boom-and-bust-2009.md,content/munger-archive,查理·芒格论繁荣与萧条（BBC，2009）,856,1591,31,1,1,0,0,0,1,9,8,0,0,true,source,e97fc656e4970b08726bfd5d63c63b7c410ccffa428191d261bf52b3b483afb4,a58404715cc1cbd2c1e7b395343803f3d74387eed0f2363531d6278d8b0e04d9,false,false,false,false,false,munger
content/munger-archive/recordings/berkshire-2023-annual-meeting.md,content/munger-archive,伯克希尔-哈撒韦2023年年度股东大会——巴菲特与芒格最后一次同台,858,1542,29,1,1,0,0,0,1,10,9,0,0,true,source,c944b166e4bc3f54917502d721be642f23c6e091714b9bf4100b58f21a76198e,f783ce67b8a85485e5f6cef87173199cfefaa41e9f1958c988b8bdd77d26e1f6,false,false,false,false,false,munger
content/munger-archive/recordings/berkshire-hathaway-annual-meetings.md,content/munger-archive,伯克希尔-哈撒韦年度股东大会（1994年至今）,1368,2726,33,1,1,0,0,0,0,9,8,0,0,true,source,a2dbb636e29be721d51f314776711587e4314b4f83caa713700f931af7d56a66,852915d9846a839012edd16f72aae3766f4e94ccaf47cd8775318c671e1bb939,false,false,false,false,false,munger
content/munger-archive/recordings/caltech-2008.md,content/munger-archive,加州理工学院杜布里奇杰出讲座（2008）,1061,2091,33,1,1,0,0,0,1,10,9,0,0,true,source,31a55fb204cc0be0147255f6c60dc68d1407a5f56ace40215bee17daf3ce0e74,2451ac2ce18948c325d81366d43b23a53e49a02b6d21082a6a1ff3b9359c976e,false,false,false,false,false,munger
content/munger-archive/recordings/caltech-2020.md,content/munger-archive,与查理·芒格的一席谈——加州理工学院杰出校友（2020）,1101,2220,33,1,1,0,0,0,1,10,9,0,0,true,source,0a9fd41c7502c9c13aa204ad8ea3c5bb0e1b58995be08be779fa970fbbae13a5,ec38284cc0b5518eae2e0ff2b964f77c67ac673e50cb8c0d3ece8bd5ce052fbe,false,false,false,false,false,munger
content/munger-archive/recordings/cnbc-2019.md,content/munger-archive,查理·芒格谈投资（CNBC，2019）,912,1877,33,1,1,0,0,0,1,8,7,0,0,true,source,3421754c363c4c019b0c33d7c99603b589ce0c6f53e054bc05af42ce7bac52b0,d1f38b6e9f910e623bddcd9a6c008ed6d3b528166e30a9e2864eb84cb1506d43,false,false,false,false,false,munger
content/munger-archive/recordings/cnbc-final-interview-2023.md,content/munger-archive,查理·芒格的最后一次CNBC访谈（2023）,4083,7082,107,1,5,0,0,0,3,17,13,0,0,true,source,414307cb66922e41892ef13ed75b3e1744b9106ae65b610e6d896150688ea4f1,9a80fe05ef194ef651497829258dfe4e7ef65261f88af64ae5c9d0c9773f2b02,false,false,false,false,false,munger
content/munger-archive/recordings/daily-journal-2015.md,content/munger-archive,每日期刊2015年年会,758,1301,29,1,1,0,0,0,0,9,8,0,0,true,source,bb0dcf552b3ffd4f70ec4c8855be4b5fe478755ad5b0f5ed33b029b29737df97,c9a2431c727d86d202fa8b2c221f35275ae83687276e5773c4d0b837908129fa,false,true,false,false,false,munger
content/munger-archive/recordings/daily-journal-2016.md,content/munger-archive,每日期刊2016年年会,3774,6929,97,1,5,0,0,0,3,18,14,0,0,true,source,abf89a06a4e7812ebd4c8886ebeef87df53a5b7db7f2d73ff95b2897fe4c2d61,14b2ad3fe69af3b9d7ac713cc51bbcefd63e2e6e5be6e5c0501fd46b805e5d85,false,false,false,false,false,munger
content/munger-archive/recordings/daily-journal-2017-fireside.md,content/munger-archive,2017 年每日期刊大会后的炉边谈话,1335,2504,33,1,1,0,0,0,1,12,11,0,0,true,source,15e89dba38772c65d04b83a23f64e99e1835271263108e992eed0029e3b5fc66,84926e6e5c94fb1d7e97b560c991d22b51fa04a5694d9818d99ef080117ffd9f,false,false,false,false,false,munger
content/munger-archive/recordings/daily-journal-2017.md,content/munger-archive,每日期刊 2017 年股东大会,1330,2472,33,1,1,0,0,0,0,11,10,0,0,true,source,b69cde6b73bc8e1832897e027cc30b08b0cb74c143c7a7d778c3dbdb7182ba80,73e26661510aa0ea660d33c5d69c1c72c95143f714f3b0b7a02ab1bf5a15565f,false,false,false,false,false,munger
content/munger-archive/recordings/daily-journal-2018.md,content/munger-archive,每日期刊 2018 年股东大会,3827,7348,115,1,5,0,0,0,2,18,15,0,0,true,source,021508195b366be437c4c21a2d4d039ade8581fa2ee8796192ff070eaab0d135,37d0a6aa31e59bad806f5eae153f12894bac2f419718ac428456c7b8ee8dd8c5,false,false,false,false,false,munger
content/munger-archive/recordings/daily-journal-2019.md,content/munger-archive,2019年每日期刊年度股东会,1248,2353,33,1,1,0,0,0,1,11,10,0,0,true,source,af853331dc63a3b8f94dbed86424ff557aa3ebe49dc6f5c77664afb3a54700c5,24a5e5ac822d707e50ecbd7cb061ccaa73092bdbef5d5b14d526ee9c956fe46e,false,false,false,false,false,munger
content/munger-archive/recordings/daily-journal-2020.md,content/munger-archive,2020年每日期刊年度股东会,1225,2292,33,1,1,0,0,0,1,11,10,0,0,true,source,f661f04ef74f6f942f6eda08d263edce3c70d2bb664c60b4793e01aed014eeaf,874b4c9cd5e9e5e8784c47f248459eff80f377a93f72382dcc385d2ac78d5f83,false,false,false,false,false,munger
content/munger-archive/recordings/daily-journal-2021.md,content/munger-archive,2021年每日期刊年度股东会,1217,2274,33,1,1,0,0,0,1,11,10,0,0,true,source,39ff1e855ec6409bbe41f9662e859e79fe8adefebbf0e71c3cc62cf43328b549,fe7348dc28d546f6f1024a1297881b3b987cd3b041029e8c892a65ae08d45890,false,false,false,false,false,munger
content/munger-archive/recordings/daily-journal-2022.md,content/munger-archive,每日期刊2022年年会,1338,2449,33,1,1,0,0,0,1,12,11,0,0,true,source,67335a0cec7279d362581c8349c571caf83e6a548c96d0483bc4108444a3cc21,34b4b84c7f8a0ecfb1bfaeb320be6a9d5e9ec17c18f00b58c9661095fd9cc74d,false,false,false,false,false,munger
content/munger-archive/recordings/daily-journal-2023.md,content/munger-archive,每日期刊2023年年会,916,1874,31,1,1,0,0,0,1,7,6,0,0,true,source,8c412956ac483fb981842e4c8634008fd1e74971d80a3d3fea1381967ad4542c,05448a905826fe91371dd23e181e2f6f9b3a88f265119a3d2f53583410c3f010,false,false,false,false,false,munger
content/munger-archive/recordings/harvard-1986-misery.md,content/munger-archive,如何确保一生悲惨（哈佛中学，1986）,3987,7297,97,1,5,0,0,0,1,15,13,0,0,true,source,f2e1873acf3d460f34b2bedbafe40f6a71c01c669bc36a000032df0e11bbc57b,fce07f3a00bb1e450824d4d8023293549fbbd1cae63c6ec932cd28f20b731eae,false,false,false,false,false,
content/munger-archive/recordings/harvard-law-1998-multidisciplinary.md,content/munger-archive,对更多跨学科技能的需要（哈佛法学院50周年同学会，1998）,2167,4178,53,1,5,0,0,0,1,15,13,0,0,true,source,5799d55c72372e0e00c9d014527f1927741822d4ba5667acda78eabd976ec00b,dab4726a91aff50ff7797ec3261eef6ca91e080cbebf72b132bca5f165ca0497,false,false,false,false,false,
content/munger-archive/recordings/invest-like-the-best-2023.md,content/munger-archive,查理·芒格与约翰·科里森（《最好的投资》，2023）,1526,3061,41,1,3,0,0,0,0,10,9,0,0,true,source,92572ce9720f31ea8b12d7015433997169dbf9a0cfc1422d630322d7bb74a95b,f974d4f00e9fd6900bb2c9fdc64ad519670133d3731a1bfbb9753493c53fe991,false,false,false,false,false,munger
content/munger-archive/recordings/michigan-2011.md,content/munger-archive,与查理·芒格的对话（密歇根大学，2011年）,992,1957,33,1,1,0,0,0,1,10,9,0,0,true,source,9be18fb657c2eed397c6fd88826c9a71691cbfe9a505beb9e8781a0368ddf7ae,ff2fe4f057d2093a8b753e30c23f415bff3167ee9500106a5f5569f45286946f,false,false,false,false,false,munger
content/munger-archive/recordings/michigan-ross-2017.md,content/munger-archive,与查理·芒格的对话（密歇根罗斯商学院，2017年）,1082,2217,33,1,1,0,0,0,1,10,9,0,0,true,source,531d8e4f5209a8345fb0a28d209b79bdba4ff5622ac7b89a46fce8cd94c724e9,891ae10b43170ca174d7196432f668f032f51ae0d117c1290287e1063cb3559f,false,false,false,false,false,munger
content/munger-archive/recordings/munger-li-lu-2018.md,content/munger-archive,查理·芒格与李录谈中国（2018年）,1082,2130,33,1,1,0,0,0,1,11,10,0,0,true,source,92a07b47ba89e4502f5c5a48e7dad120d3ad53908a56102e5d482f65d1f4bfda,ef05646043443a176f2cd3ddf17188ad7846650a23ace5a7a2659e1fe164df26,false,false,false,false,false,munger
content/munger-archive/recordings/power-of-partnership-2016.md,content/munger-archive,与沃伦·巴菲特合伙的力量（2016）,895,1929,33,1,1,0,0,0,1,8,7,0,0,true,source,c57f1d03f64c300f0cacd2212a52437c9a3f616f84ddb073c5dac8c2afbcc329,d8057f05a6f961805b677e7afec90d24157cdc9d32b9f0b153d3cf51ac3bbcc9,false,false,false,false,false,munger
content/munger-archive/recordings/psychology-of-human-misjudgment-1995.md,content/munger-archive,人类误判心理学（1995）,1805,3108,45,1,1,0,0,0,1,18,17,0,0,true,source,127e976e97aced7c87bb56524ce3b1afc10d7a3fcfa2798e1aa15792cb045e62,223bd697074eb32a2e09f828b74d463c057c6a63397366dfb2be4b9ae326f956,false,false,false,false,false,
content/munger-archive/recordings/singleton-prize-2022.md,content/munger-archive,论领导力与资本配置，与托德·库姆斯对谈（2022）,1075,2263,33,1,1,0,0,0,1,9,8,0,0,true,source,4dedc1a78ffe8704265fec26591e7cba24fcd4ed8bfafed04b019ac9084d1b17,3fbd09073e720723e398e24e81cb2372cdd8a08df65183a169dd75e3efb44c48,false,false,false,false,false,munger
content/munger-archive/recordings/stanford-1996-worldly-wisdom.md,content/munger-archive,普世智慧再探（斯坦福法学院，1996）,2862,5222,69,1,5,0,0,0,1,15,13,0,0,true,source,9f0830a6e29c74be51c11baa5de00ebd87a09ac8fb673a26fff0c86d8201b71a,14b8d4394e7f0bb236811cb8273cbe27fef00a241117bb81d00b32f09ca74b61,false,false,false,false,false,
content/munger-archive/recordings/stanford-grundfest-2009.md,content/munger-archive,当前的经济危机——芒格与约瑟夫·格伦德费斯特对谈（斯坦福，2009）,839,1537,29,1,1,0,0,0,1,10,9,0,0,true,source,e6bbee912c0544a0aac52374f0542ded974a36215c7aba3341b6cb25d697622f,b9943c91081671f7f26109df7c49f389290dfe1d5e32b72844aa9dbd13d9a002,false,false,false,false,false,munger
content/munger-archive/recordings/ucsb-2003-academic-economics.md,content/munger-archive,学院派经济学：长处与缺陷（加州大学圣巴巴拉分校，2003）,3675,5981,79,1,5,0,0,0,3,17,13,0,0,true,source,17ddf84b1c359d3c452fda59f3d26697c0609e634e24ac1267659a55ed69dcd6,1c134a5ecda030e1e74c595d909feed7dfacbedbcbf5549a6b6ca61faec5138e,false,false,false,false,false,
content/munger-archive/recordings/usc-1994-worldly-wisdom.md,content/munger-archive,关于基本的世俗智慧的一课（南加州大学，1994）,2245,4218,53,1,5,0,0,0,1,15,13,0,0,true,source,717e6261dbfad04a92f774e0f04781a4351b9e3072698d788050b78c87b31ed9,1c96f744e19fe1f657cdaf0c0d7acbbb204daca9a94a21e64ca3d66f7ab8a48a,false,false,false,false,false,
content/munger-archive/recordings/usc-law-2007.md,content/munger-archive,南加州大学法学院毕业典礼演讲（2007）,1230,2454,33,1,1,0,0,0,1,11,10,0,0,true,source,5f3205401cab762542ac5c6a53fbbc1561eef1cafc82c5f3201fea4036435305,1b1ba2815733d96dd14bcf969a8a36a2f38b98cb9d599a962d20b3605b1129d0,false,false,false,false,false,
content/munger-archive/recordings/wsj-unplugged-2019.md,content/munger-archive,查理·芒格，畅所欲言（《华尔街日报》/ 杰森·茨威格，2019）,2282,4411,59,1,5,0,0,0,2,16,13,0,0,true,source,869ce22ddd00430a22594beff116150ad738ccd5b224e141d2371da8b26da5fe,d185d2d8417918447cbf8a9933f5c8e6b8ae57009a169499f4d5a4255eb4b0e8,false,false,false,false,false,munger
content/munger-archive/recordings/yahoo-2019-china.md,content/munger-archive,查理·芒格谈中国崛起与埃隆·马斯克（雅虎财经，2019）,963,2050,33,1,1,0,0,0,1,9,8,0,0,true,source,361b6b0cb85c6fc5cf57e3508edbd14ec7d87a0f13b20cb0df82a0010cfe0f2c,9d4dafc638ec7a85da52dd519aa202ef980af3b6df4ed5a8fbe8d9d2ab6cdf6a,false,false,false,false,false,munger
content/munger-archive/recordings/yahoo-2019-wealth.md,content/munger-archive,查理·芒格谈投资与成就财富的人生抉择（2019）,956,1974,33,1,1,0,0,0,1,9,8,0,0,true,source,a6388f0637bc654cf0ba74d36b1c8723f9eb060ff17041e621c8e0ea9c08d9ac,c1e89aca0b4be5525577bcd95c0f58633d26e144e601872d94c48ba31482a2ec,false,false,false,false,false,munger
content/munger-originals/wesco-letter-1997.md,content/munger-originals,Wesco Financial Corporation Letter to Shareholders 1997,27784,28569,409,1,1,0,0,0,0,1,0,0,0,true,source|sourceUrl|author|year,09b8eb68ac1d70264a194335e408fdcbfbe432fa9ddffce53370a47afb3f97ac,e2f63a0ffb7aef749d19869c9eec155ea43c0f1b77b15e1f7152a4f45dcfe950,false,false,false,false,false,
content/munger-originals/wesco-letter-1998.md,content/munger-originals,Wesco Financial Corporation Letter to Shareholders 1998,25721,26494,383,1,1,0,0,0,0,1,0,0,0,true,source|sourceUrl|author|year,f9ad33d6ecf51301b3704c67bfe54306201a9ea76134f76d4a17c0e62e9edeca,77bf75c83c5a132b7061ed3953323ef3e086116a3385691f54bf1b7b584997f2,false,false,false,false,false,
content/munger-originals/wesco-letter-1999.md,content/munger-originals,Wesco Financial Corporation Letter to Shareholders 1999,22468,23503,355,1,1,0,0,0,0,1,0,0,0,true,source|sourceUrl|author|year,17dc3f73e4a53ad6982ad43ddd24470f0fa204dba83059674440c161df6156c1,e36cd520c58c7c904c1d4cb88f147333bdaa674c1886cf91ea1045aa645f35d2,false,false,false,false,false,
content/munger-originals/wesco-letter-2000.md,content/munger-originals,Wesco Financial Corporation Letter to Shareholders 2000,18537,19107,295,1,1,0,0,0,0,1,0,0,0,true,source|sourceUrl|author|year,c2071935a18ef6b7fac6548726207bc6b800dde9ed03ec8b52884cb81a316ab3,8e4ae8585aae736485a76197620d6fcb5af955d3d7108556d41a5064a4f5a31f,false,false,false,false,false,
content/munger-originals/wesco-letter-2001.md,content/munger-originals,Wesco Financial Corporation Letter to Shareholders 2001,20984,21572,328,1,1,0,0,0,0,2,0,0,0,true,source|sourceUrl|author|year,c03adc49519b22284f2c043ac9eb6dc3f94b5f9a5b101b7299a6265a21104f33,1930c780b71a789a0695c6e2e4769689cb5248ab38865104cf5385918cc34a92,false,false,false,false,false,
content/munger-originals/wesco-letter-2002.md,content/munger-originals,Wesco Financial Corporation Letter to Shareholders 2002,24221,24819,371,1,1,0,0,0,0,2,0,0,0,true,source|sourceUrl|author|year,0ac94a22f766c70194dad51fb9a215e5fb2d82743d8074669a0229a6a9a7bc24,450cf5d47b02780f5b73023eeae2238d041e68110c502e4f6b45876f46744cf1,false,false,false,false,false,
content/munger-originals/wesco-letter-2003.md,content/munger-originals,Wesco Financial Corporation Letter to Shareholders 2003,22940,24625,358,1,1,0,0,0,0,3,0,0,0,true,source|sourceUrl|author|year,c3379af32895e22680edef3e8effd6fc9ba89295aec79d1b448076cae8d4df52,91f07c89d920b833f1cf26d957280225841ecf3f0d15ecc67ba11dd8c345679d,false,false,false,false,false,
content/munger-originals/wesco-letter-2004.md,content/munger-originals,Wesco Financial Corporation Letter to Shareholders 2004,25920,27611,389,1,1,0,0,0,0,4,0,0,0,true,source|sourceUrl|author|year,24a4971b0a31e10a03df5a26eaff10f30033a191d0fcf27ebaf5c8e7f5d69b2d,b56e2c926eadfb05c2995170bdc5b42d7d2e8204473c676362de1e12cffa26f9,false,false,false,false,false,
content/munger-originals/wesco-letter-2005.md,content/munger-originals,Wesco Financial Corporation Letter to Shareholders 2005,26246,27998,389,1,1,0,0,0,0,4,0,0,0,true,source|sourceUrl|author|year,10b2bb5c6b28f6a2a3a9f060c3f4f982190cc588db3a221682e744b0bc7989d2,546082736f0a5df90924f5d2ed86f7aaa78451953ba216c93c1e31c68b3c7d2d,false,false,false,false,false,
content/munger-originals/wesco-letter-2006.md,content/munger-originals,Wesco Financial Corporation Letter to Shareholders 2006,24706,26365,380,1,1,0,0,0,0,5,0,0,0,true,source|sourceUrl|author|year,fed343ad45c1af933c4b2f10b96bd84bd6970a54bf5dcafb839be337f6b69533,50f1e8e89030dd10d5105ecc1eefe04a5facfe68a180b287429021bf5c9447e2,false,false,false,false,false,
content/munger-originals/wesco-letter-2007.md,content/munger-originals,Wesco Financial Corporation Letter to Shareholders 2007,23597,24157,325,1,1,0,0,0,0,5,0,0,0,true,source|sourceUrl|author|year,27572a5f88ca9b61453bccfb92e79039472f3c52deac36788846897966c6e4bc,74fb949a8f6e23ba6646d3511c20bd739e61b0583b3c98905536731272ff3d4e,false,false,false,false,false,
content/munger-originals/wesco-letter-2008.md,content/munger-originals,Wesco Financial Corporation Letter to Shareholders 2008,26367,26923,354,1,1,0,0,0,0,4,0,0,0,true,source|sourceUrl|author|year,391cdd1f0585b70a377383e7b8ae1c54b0fa38326c3aacae63b8dd4af40f74c6,eb3d9f402e3dd422b20fa96dde366b565e7fcb1c9d2d695909df106182eab687,false,false,false,false,false,
content/munger-originals/wesco-letter-2009.md,content/munger-originals,Wesco Financial Corporation Letter to Shareholders 2009,24494,25022,337,1,1,0,0,0,0,4,0,0,0,true,source|sourceUrl|author|year,5411d78af768267febcd2b9bf16aa8c3e8d7d81fa93fe3a7c357a42e2d16c819,45f83758bd3813a54d3918249a754adc7ee2f717643be59ba133bd470f2b09a7,false,false,false,false,false,
content/partnership/partnership_1956-有限合伙协议.md,content/partnership,partnership_1956-有限合伙协议,2078,4410,132,0,14,9,1,1,0,0,0,0,0,false,,bcd15866a56cdf7cab154a933d079b23f97abd8f5dd2e710017468af2f7ff7fa,64646730487266faedf19eaf10af0e427bce0c69d25575614d5d8e5ac9e4e639,false,false,false,false,false,buffett
content/partnership/partnership_1957-巴菲特致合伙人信.md,content/partnership,partnership_1957-巴菲特致合伙人信,2211,6042,46,0,4,0,0,0,0,0,0,0,0,false,,2d66e1c88c380bb8fbae772e031422251d41cd7bfe0586437cd8945f295af6df,6b77db8abf36f5690de131cb62af6cf2f83bfeb62d1f39333579b04104a1f489,false,false,false,false,false,buffett
content/partnership/partnership_1958-巴菲特致合伙人信.md,content/partnership,partnership_1958-巴菲特致合伙人信,2435,6844,58,0,4,0,1,0,0,0,0,0,0,false,,d7df4df8f66a7f5075d7a7ad97deca73d31d7d38e097a5fc29131ce7defbaeef,e770ba8e9ecb78c51a8ddd61ac62e3ef6dd23b07378b180379e04c6af74558c0,false,false,false,true,false,buffett
content/partnership/partnership_1959-巴菲特致合伙人信.md,content/partnership,partnership_1959-巴菲特致合伙人信,1696,4617,44,0,3,0,0,0,0,0,0,0,0,false,,47d8455e15edc54437db38b31f8e4fa583ae631ef84abd64d317438cbefc9dbe,14dc1231393bb215688c4a50f884ee06277f55d471edc2326bb36d5d8e09ee43,false,false,false,false,false,buffett
content/partnership/partnership_1960-巴菲特致合伙人信.md,content/partnership,partnership_1960-巴菲特致合伙人信,4599,12441,90,0,5,12,0,0,0,0,0,0,0,false,,1ae5cbaaf0e6e3b86201f8bc021488534e4c4fdc6f6b3510918f7b72a0842423,8c73444ce7a80c2a354363a87150222c01cd477fdd820b5be4b1ada42e460697,false,false,false,true,false,buffett
content/partnership/partnership_1961-annual-巴菲特致合伙人信.md,content/partnership,partnership_1961-annual-巴菲特致合伙人信,9070,21652,219,0,9,55,0,0,0,0,0,0,0,false,,60f0385046defcdf069d9405d0fa5609cdfd684b0c417a530c936341509baa98,28284c7489bc8f869aa712e96fac3b0fcce1456d71f0d9fdc72b6b05d547736d,false,false,false,true,false,buffett
content/partnership/partnership_1961-interim-巴菲特致合伙人信.md,content/partnership,partnership_1961-interim-巴菲特致合伙人信,2440,6759,66,0,4,5,0,0,0,0,0,0,0,false,,4856f98433118ff8521331125151e8dbe5c0e5b680aebe2233e26032155041e8,5202c167fa5cb81b84f1ec04b49f5e59fb55122bcbd186408fc561c99dac9067,false,false,false,false,false,buffett
content/partnership/partnership_1962-11月-巴菲特致合伙人信.md,content/partnership,partnership_1962-11月-巴菲特致合伙人信,2020,5522,40,0,0,0,0,0,0,0,0,0,0,false,,429b275d411f7c5420597a50d68d58a8173c10638a7d8832a1f2b2032b8d22fb,78d8c49810ee477aaf6741e5be3f91b3c31e728dd7ee825b26eb6420b8b266ac,false,false,false,false,false,buffett
content/partnership/partnership_1962-12月-巴菲特致合伙人信.md,content/partnership,partnership_1962-12月-巴菲特致合伙人信,903,2363,40,0,0,0,0,0,0,0,0,0,0,false,,fa11df143b07ee4f130f5711d5efeae1ec2dc79482525d0a84c782e2ca6c4e8b,cc6b38e7ded97f0b740c95fecf41535c7200703329722644a5d221531ce56312,false,false,false,false,false,buffett
content/partnership/partnership_1962-annual-巴菲特致合伙人信.md,content/partnership,partnership_1962-annual-巴菲特致合伙人信,11708,28425,274,0,9,63,0,0,0,0,0,0,0,false,,580498f84ea14eee37eda1dfb9433b003147741e56eae83f1a1e30efeca8b041,d0f0e6abd5667cdd0047ff3f52e01ac0446390320b7b415ca9fca13519190562,false,false,false,true,false,buffett
content/partnership/partnership_1962-interim-巴菲特致合伙人信.md,content/partnership,partnership_1962-interim-巴菲特致合伙人信,4769,10308,117,0,7,33,0,0,0,0,0,0,0,false,,a80fe36880ae7b83b3ca0d2da22b960ddcad515e181108c1749838b8a9ab79cc,8448050ddf0716f9c00276fb8ebe4ebff3770c14f0c7aa49ce46df92f1f8e157,false,false,false,true,false,buffett
content/partnership/partnership_1963-11月-巴菲特致合伙人信.md,content/partnership,partnership_1963-11月-巴菲特致合伙人信,1487,3882,36,0,0,0,0,0,0,0,0,0,0,false,,05940ef74050f3252d21fb1adf22c716df00c43a611588b7852d7ebcf9bbedde,0a6ed868fb9df271a1989681682ae0d042179b53efae08d2f89ee2a81cf09f45,false,false,false,false,false,buffett
content/partnership/partnership_1963-12月-巴菲特致合伙人信.md,content/partnership,partnership_1963-12月-巴菲特致合伙人信,823,2255,40,0,0,0,0,0,0,0,0,0,0,false,,47fb90d6f8f2496b9d27d9632d6ac76eaf1120d7063053b9733b0bad01ccc53b,f5c5db8597cc747f77b7c354a5cacff20a4ca1b4a39af887853f7e8c0646a763,false,false,false,false,false,buffett
content/partnership/partnership_1963-annual-巴菲特致合伙人信.md,content/partnership,partnership_1963-annual-巴菲特致合伙人信,12712,30918,312,0,8,62,0,0,0,0,0,0,0,false,,8e57280b272e51548fade72bcf7655ef6751f9714c905474989597e7d507c1da,acf6952a6d30750f490d81185dcd2ff1aac8a25f0633defa8bb25afa5e3e4680,false,false,false,true,false,buffett
content/partnership/partnership_1963-interim-巴菲特致合伙人信.md,content/partnership,partnership_1963-interim-巴菲特致合伙人信,6260,13929,148,0,5,46,0,0,0,0,0,0,0,false,,a595a499aaf52bc78be8e2bf34753aca41d0b731a82ffa27da911db34baadedd,ccaa8012c4f492d4646f2d9c81565dc073c40413cc6f3ce5dc6efc8e76209b8f,false,false,false,true,false,buffett
content/partnership/partnership_1964-annual-巴菲特致合伙人信.md,content/partnership,partnership_1964-annual-巴菲特致合伙人信,15569,37900,296,0,8,66,0,0,0,0,0,0,0,false,,908ba1d4ae754a5c5a4091fc7da5c0be30c4bc49ce75a10a75ca93204e15f9ef,fa74a3e06147dfb20b863d44221de60797d18fa587e8d585c8a78707031a1c6b,false,false,false,true,false,buffett
content/partnership/partnership_1964-interim-巴菲特致合伙人信.md,content/partnership,partnership_1964-interim-巴菲特致合伙人信,4175,9349,88,0,3,24,0,0,0,0,0,0,0,false,,c5d186ed98772022a6323f643c71ee244831f236dcc5625ec1d3bf05d5275942,028cc776415f00d14a3e0c5e61e386d088749f7eaabb787bdc52123e42dc8d40,false,false,false,true,false,buffett
content/partnership/partnership_1965-11月-巴菲特致合伙人信.md,content/partnership,partnership_1965-11月-巴菲特致合伙人信,2061,5595,62,0,1,0,0,1,0,0,0,0,0,false,,fd1398dbddf970147be10b83249ef3ce6e488595adf87b645a00e7dfc5386138,b1dc597142d714268376f5943dda17bc769d0a95ee97457ef13df1c8604044e9,false,false,false,true,false,buffett
content/partnership/partnership_1965-annual-巴菲特致合伙人信.md,content/partnership,partnership_1965-annual-巴菲特致合伙人信,12498,30992,214,0,6,46,1,1,0,0,0,0,0,false,,eaae057ccc12abd06c2960062142df8d8ecf1e5a1b7aced93abd4daa8e1f921f,58f2741494b9f31d170c7b056ca78f11fe1190213a2f2358590f340666cf664d,false,false,false,true,false,buffett
content/partnership/partnership_1965-interim-巴菲特致合伙人信.md,content/partnership,partnership_1965-interim-巴菲特致合伙人信,4339,9728,90,0,4,26,0,1,0,0,0,0,0,false,,bb91ac211071447796305d596492355f523035842ed5d2347a34b754c14f428a,4d13b66a0020d246f5510c1f5359c389b4086239ae3fc16e0bc0d192939a94b1,false,false,false,true,false,buffett
content/partnership/partnership_1966-11月-巴菲特致合伙人信.md,content/partnership,partnership_1966-11月-巴菲特致合伙人信,2181,6187,32,0,0,0,0,0,0,0,0,0,0,false,,57f6e4481eefa58ee759dc34f9592147d5e331e71fe9285b1d664f24b369b302,eb813ab66cf9cca0e9207bef33464fa2e4373de9fc69aa54ee3dd771323c6ed2,false,false,false,false,false,buffett
content/partnership/partnership_1966-annual-巴菲特致合伙人信.md,content/partnership,partnership_1966-annual-巴菲特致合伙人信,8935,21092,189,0,9,51,0,0,0,0,0,0,0,false,,32b9b123a23c1d5f68fd9a24b84314594243c97f78c25d97f3ab56911cb7fd21,3c02937c076a6e0019bac487e133c7409752e42e2ebcadfb97e638e99c16ce12,false,false,false,true,false,buffett
content/partnership/partnership_1966-interim-巴菲特致合伙人信.md,content/partnership,partnership_1966-interim-巴菲特致合伙人信,5648,13077,108,0,4,28,0,0,0,0,0,0,0,false,,a9da92b21b9fd00daa60c6dcbe770da70bf5f534403e9f9394f4e2726cf761fc,33461c313f9fdbcaf795d344ee02fd1698ea032e60f608549fd01723605c13d8,false,false,false,true,false,buffett
content/partnership/partnership_1967-10月-巴菲特致合伙人信.md,content/partnership,partnership_1967-10月-巴菲特致合伙人信,4100,11875,56,0,0,0,0,0,0,0,0,0,0,false,,c80cee0c8d0eabc5b7d9591707d70e8c39ca8790f433abb340fe658ba1a809d0,e66f7fbdd709172add1a6622672580309be8dc8118a5d515e3078684b4fcf306,false,false,false,false,false,buffett
content/partnership/partnership_1967-11月-巴菲特致合伙人信.md,content/partnership,partnership_1967-11月-巴菲特致合伙人信,1248,3445,22,0,0,0,0,0,0,0,0,0,0,false,,d4dc19ddf9f2220cdb77270459fee701051b4af13406c8c4e487edb70e6262db,c28d25ae909fbd832d702c9012b3f764633e504cdc7660ddaa053def191878ce,false,false,false,false,false,buffett
content/partnership/partnership_1967-annual-巴菲特致合伙人信.md,content/partnership,partnership_1967-annual-巴菲特致合伙人信,5733,12110,117,0,4,42,0,0,0,0,0,0,0,false,,357366633fe45d0726f82670f752aace1321200127e776355233e93bfc825693,e4d49421263494c356ee730ffefa3b21c3bf6858810891b1a7710fa820a3c9b5,false,false,false,true,false,buffett
content/partnership/partnership_1967-interim-巴菲特致合伙人信.md,content/partnership,partnership_1967-interim-巴菲特致合伙人信,3479,6773,80,0,4,30,0,0,0,0,0,0,0,false,,acbe837c45e627c022d594a69ea07f92d5466b6f2d1152fba56d597312b6e252,c3f1df8bd821d0d4964d666257ff1fdfa43b43e3459bf7e21c834da38f7f291f,false,false,false,true,false,buffett
content/partnership/partnership_1968-11月-巴菲特致合伙人信.md,content/partnership,partnership_1968-11月-巴菲特致合伙人信,1285,3561,24,0,0,0,0,0,0,0,0,0,0,false,,9add9a1c831c75e9f8663235c036791f11ad6313d8abf087aa5dcc935d998b58,a09915e2e802e7ff12fe3ddf3cdaacfbe3e33dffe67051d379b2174af6da7abe,false,false,false,false,false,buffett
content/partnership/partnership_1968-annual-巴菲特致合伙人信.md,content/partnership,partnership_1968-annual-巴菲特致合伙人信,7539,16292,177,0,9,55,0,0,0,0,0,0,0,false,,10638c7923fcb4a18e1f39e18b657da0abf94a3fd3cbc2a8bac4e6fbbfa8fd1d,ef8c28afe391da9ad184ae4cc7e5e8791f597a1b7b76565654d880c0bd5347a6,false,false,false,true,false,buffett
content/partnership/partnership_1968-interim-巴菲特致合伙人信.md,content/partnership,partnership_1968-interim-巴菲特致合伙人信,4081,8400,83,0,4,31,0,0,0,0,0,0,0,false,,ff21ec97b98e71023e7cff3c72bf097f55451ffd4049b204a02772a2328c7edd,360f1758f16d5b6cdef856e1f4ddd852c8eac1aa478bcdb8f873abc59d7db666,false,false,false,true,false,buffett
content/partnership/partnership_1969-10月-巴菲特致合伙人信.md,content/partnership,partnership_1969-10月-巴菲特致合伙人信,5713,15639,68,0,0,0,0,0,0,0,0,0,0,false,,a385b0612453a3594de171b572fba9ae6465c8b116ccc0ef0af2e2e5818a04de,c47e3f031c5880d9ca21d5f8af8368230c8b0e7ffbc2eee60dc30dc56cdf8567,false,false,false,false,false,buffett
content/partnership/partnership_1969-12月-巴菲特致合伙人信.md,content/partnership,partnership_1969-12月-巴菲特致合伙人信,4385,11686,60,0,0,0,0,0,0,0,0,0,0,false,,3e9b68f11f9eb20a21234ce9c0b1be4e3f6aaa5810628ed1e456fd868d0a78de,5a4b896a56bc06cd7c0b711694c9ff65b68dbd2873314409dedbd402b9bec392,false,false,false,false,false,buffett
content/partnership/partnership_1969-12月26日-巴菲特致合伙人信.md,content/partnership,partnership_1969-12月26日-巴菲特致合伙人信,3906,11086,80,0,0,0,0,0,0,0,0,0,0,false,,34f8c3b1be794516ef6840982d2dcd30477511db15a04519bbc07ec8e1b18495,22ac433d037e231ae8d74c8295e3d6decfbeac0cf710cc886acecc3d8cea1be4,false,false,false,false,false,buffett
content/partnership/partnership_1969-5月-巴菲特致合伙人信.md,content/partnership,partnership_1969-5月-巴菲特致合伙人信,2860,8180,42,0,0,0,0,0,0,0,0,0,0,false,,1e83db852d0012e73de4bdb1ae3045eba861b524619f2ec02b33fa860aa04e2d,009ce1112cf991a56c6120be17f51e5ade4dd620a54710a9f6b2ea5488f4ab2a,false,false,false,false,false,buffett
content/partnership/partnership_1969-annual-巴菲特致合伙人信.md,content/partnership,partnership_1969-annual-巴菲特致合伙人信,6727,18507,113,0,5,0,0,0,0,0,0,0,0,false,,f270abb4eeea7b77e6c0267df21eb4613ea736831793570e92c2f69607e11f8d,1b501758fe423934dc17419b3dc0c5313f3affbdc5b33dccebac8887e8eda180,false,false,false,false,false,buffett
content/partnership/partnership_1969-liquidation-巴菲特致合伙人信.md,content/partnership,partnership_1969-liquidation-巴菲特致合伙人信,3674,10383,98,0,1,0,0,0,0,0,0,0,0,false,,8fb7563287d824ce1bf9ac38c8afa6c87ecdd369539b9634b55dd6e2bc703d2f,c89ad030ecf53b79d46a86c312e5a10de1d95bee15237971f9bdd4bc771857ce,false,false,false,false,false,buffett
content/partnership/partnership_1970-bond-巴菲特致合伙人信.md,content/partnership,partnership_1970-bond-巴菲特致合伙人信,9423,27177,114,0,8,0,0,0,0,0,0,0,0,false,,3beba0080f0f269ce9ce3d342792951d6a2b1349bb36ba09361aace62a07b18b,b48bb83dd67de497c4833d795ef61a34504267658b1fdb3c3ba988903c3db5cb,false,false,false,false,false,buffett
content/people/阿吉特·贾恩.md,content/people,阿吉特·贾恩（Ajit Jain）,2332,6474,59,1,5,0,0,0,0,0,0,0,0,false,,8f5db0a444ddb35ea3ecba2231cf8709cf9929713ecb058d1d40337f5a8d9724,f2e402ff32d1cc3d27e99b249f0bcc446f407f43550bbdd790c4434b7523fb3a,false,false,false,false,false,
content/people/本杰明·格雷厄姆.md,content/people,格雷厄姆（Benjamin Graham）,2512,6926,57,1,5,0,0,0,0,0,0,0,0,false,,ea614fede4a62886c30eb96bffbef9d664575daef4d64b50eee9a64eff237606,93b01107b04b16be69798fee1e6894ff0b34fb23e5467a8c1c3ff6771997c207,false,false,false,false,false,
content/people/比尔·盖茨.md,content/people,比尔·盖茨,364,880,31,1,6,0,0,0,0,0,0,0,0,false,,9d3a32c4e962c8b0897f5ba6ab1e4213ff56a7903fb916c2201895d4e29b23ba,de2fcc1498f5ca72d35703ea68bc0966a5db0bfaffc3476ec8f1a7fcd332f69b,false,true,false,false,false,
content/people/查理·芒格.md,content/people,芒格（Charlie Munger）,2699,7427,61,1,5,0,0,0,0,0,0,0,0,false,,983fdb0c07ae5df02b5866aa08d8e8d91ae4a0071cf9afae402ca5a76eef9a61,55af8155434016eb608b9591d087b2c7a2b61be4630f627f343f2d0f781fab2d,false,false,false,false,false,munger
content/people/菲尔·费雪.md,content/people,菲尔·费雪,929,2340,46,1,6,0,0,0,0,0,0,0,0,false,,6991cf29371f37ef7d57095819d831cd16d37a4e45f0bfffd10e4bca300019a8,86188632fb772a41b5bff24f6615642fc286e03ca3bc1db772787dbcc3a1ce46,false,false,false,false,false,
content/people/格雷格·阿贝尔.md,content/people,格雷格·阿贝尔（Greg Abel）,2292,6312,56,1,5,0,0,0,0,0,0,0,0,false,,0eca19b88934b143a082f53ae249a8a785f5dad3d4482f94de374c7ea38cd610,398a9566d5581d01a628fa8f57e53a24d17f95e136f11a3d586f4c2bf424d380,false,false,false,true,false,
content/people/杰克·韦尔奇.md,content/people,杰克·韦尔奇,383,899,37,1,6,0,0,0,0,0,0,0,0,false,,4eb4aae202f78b887d591c5d3baed41695f1b300365be32181dd57463c0b8e22,5f575bc559e6f170aea1d3c32ff238057a862201c0c94a7da12e169da6416c52,false,true,false,false,false,
content/people/凯瑟琳·格雷厄姆.md,content/people,凯瑟琳·格雷厄姆,397,972,33,1,6,0,0,0,0,0,0,0,0,false,,4144ec7288f6e53fee27c819673ae8f35e5c769f604aec9ce387e98af3c794d2,87f0f8c99473e75965e45a499fa5b9835b66b0582077f1564e69fd2979ef02f7,false,true,false,false,false,
content/people/泰德·韦施勒.md,content/people,泰德·韦施勒（Ted Weschler）,2400,6652,54,1,5,0,0,0,0,0,0,0,0,false,,34f065be01c3fdfddcfa40dbbdf2bd32051e6fad2225dbd278607a0ab1fcfb57,83808115f8285252d644e909d2ed2138ca902395d03315ea73e9bd0969c77a47,false,false,false,false,false,
content/people/汤姆·墨菲.md,content/people,汤姆·墨菲,1287,2739,65,1,6,0,0,0,0,0,0,0,0,false,,e6eef368e763f229e35dfe36a4013361febd6dfe040fa04d807ab6b6521674ca,32a2a75b3658b01bdcb5fca2c51be218fa68df309fe5420325f397f3b5880b6c,false,false,false,false,false,
content/people/托德·库姆斯.md,content/people,托德·库姆斯（Todd Combs）,2332,6392,54,1,5,0,0,0,0,0,0,0,0,false,,ed48f1625af49192b482a94c0e5f15373e9dcbf5a31f5c2673ae9cdf59fc02d7,38d6e2ef98b49a8b2667391bdbccca2239f1d23ec5c2cd5a99fa21d74e60a999,false,false,false,false,false,
content/people/沃伦·巴菲特.md,content/people,沃伦·巴菲特,1334,2828,65,1,6,0,0,0,0,0,0,0,0,false,,2d1f88fc45b7eb8bb097c956fd72915ca9af0d88d9f502042802dd010a61379f,e2f63a89cfe174a726713940bdccbf2f87fa761f85f715bcb6e45fb2406e5220,false,false,false,false,false,buffett
content/people/B夫人.md,content/people,B夫人（Mrs. B / Rose Blumkin）,2899,7771,61,1,5,0,0,0,0,0,0,0,0,false,,99e010e505d3742dc79b883a53785b10c41758a97b08bc3e7e5f163b883d3bdc,f06009e26cd558a005dd15e735a60ef28ddc2d0cd8237ab4fe46229bacf686cc,false,false,false,false,false,
content/poor-charlies-almanack/00-forewords.md,content/poor-charlies-almanack,序言、回应与全书导读,1147,3310,40,1,6,0,0,0,0,0,0,0,0,false,,6b0aa59d28d7dd33637a2b048eeb17902cd0cf8f49b1b55d3fda05554655d5b6,5a989e42770f16164930fbcff16a1ae3511ca2ee2c58b8e0a2c409ad4f86c119,false,false,false,true,false,
content/poor-charlies-almanack/01-portrait.md,content/poor-charlies-almanack,查理·芒格肖像,1749,5078,63,1,8,0,0,0,0,0,0,0,0,false,,ce1f8ee3b8c17d6517dacba88617bac3d0397e992e367e9a3d1bc919876148bd,60acad27ffbca0c8d39105c76f494b486b1317af1639eeed9ed61f503e1da16f,false,false,false,true,false,
content/poor-charlies-almanack/02-children.md,content/poor-charlies-almanack,孩子们记忆中的查理,1091,3125,43,1,7,0,0,0,0,0,0,0,0,false,,d337fb87b0856def694076470026b57a21e1d46f67419caf2d73b1e292f54a5c,36723040e457cc8f5806a6b8e15ef79d8337e0cebc3043360db2c9115bd2831a,false,false,false,true,false,
content/poor-charlies-almanack/03-approach.md,content/poor-charlies-almanack,芒格的生活、学习与决策方法,1628,4664,88,1,10,0,0,0,0,0,0,0,0,false,,e184b51ce0c654e06b73418100270a0c06bdb43298ba4d76f68943306164dd3b,e1d4e4c990a3990c8a94e0075dcd18cd8b6f94a8522017889a31e2cc1610c137,false,false,false,false,false,
content/poor-charlies-almanack/11-psychology.md,content/poor-charlies-almanack,人类误判心理学,2390,4733,62,1,6,0,0,0,0,0,0,26,0,false,,1a1fcaa83478e2e0a7d65ff3d8244d45a15cf4865e2473f53576c76d6e15e335,f73e047d928ca35cccd4d75f4aaa446c46f1f795a7085ceff6720367ce434838,false,false,false,true,false,
content/poor-charlies-almanack/12-reading-list.md,content/poor-charlies-almanack,芒格推荐阅读,1306,3675,96,1,8,0,0,0,0,0,0,1,0,false,,f05cd2f8c4596994e4fa8a816fb57604c53648fedf5a3848aa44bb41c9211736,51c3f82f0476827279c0472b4705b3c9ccc9e6f0045b09c4f0b37ec71e3b995c,false,false,false,true,false,
content/qa/巴菲特：慈善中国行_2010.md,content/qa,巴菲特：慈善中国行_2010,4839,14152,110,0,11,0,0,0,0,0,0,0,0,false,,87ed9a59326727791bd84e80c18f4c34569735947f0a06a278602ca77253eb98,70c33539a8f36b5534907541a4a3fa9d602c11341789af258813bd8783988d9a,false,false,false,true,false,buffett
content/qa/伯克希尔股东大会发布会_2009.md,content/qa,伯克希尔股东大会发布会_2009,7818,21401,194,0,16,0,0,0,0,2,0,0,0,false,,e7f99592ee055a3a2d01e43c34862fe36b2e593eb09f194490a1f22442f7c79f,8e5f6279786f37d1c9a5dc1da9109b1651aa79aa6766cc1d4278c223290747c1,false,false,false,false,false,
content/qa/伯克希尔股东大会实录_1994.md,content/qa,1994 年伯克希尔股东大会实录,48129,138174,2032,1,94,0,0,0,0,0,0,0,0,false,,ea4796f99b1a73be032dfff885d2f0b2b4d8dac3489318f297aaa15fd193fa65,b445c13ffd68b36bf4075f0e18ceb30061e5170e79ffa1b59f1aa995cfe5cda5,false,false,false,true,false,buffett
content/qa/伯克希尔股东大会实录_1995.md,content/qa,1995 年伯克希尔股东大会实录,68929,198831,2852,1,90,0,0,0,0,0,0,0,0,false,,d908939cd9fe3f09da4d2f582be663f3a01416c14f541f1c42257d0806cee3ec,29f4f8933ca23df735aff88e69b8731b3364f8c825053afb3ee93c392d1435cf,false,false,false,true,false,buffett
content/qa/伯克希尔股东大会实录_1996.md,content/qa,1996 年伯克希尔股东大会实录,78674,225423,2892,1,97,0,0,0,0,0,0,0,0,false,,9e7a4d956b98075fbf76edb2fb9d1511ac0abc47af6a27c248d8b471cbfb64a1,027b1c3ce5298a36af4836f34606503764fec742ca8c9c4c6092c99f23e281e6,false,false,false,true,false,buffett
content/qa/伯克希尔股东大会实录_1997.md,content/qa,1997 年伯克希尔股东大会实录,81980,237118,2950,1,82,0,0,0,0,0,0,0,0,false,,4330b54bffee2b3a5d30c82de3bf82d746fc2fde5c3b640c17da7d102c0dff5d,5f2043bacca6d5e435af3be1b63e655716818093d79673d8c550aa83aa330b5a,false,false,false,true,false,buffett
content/qa/伯克希尔股东大会实录_1998.md,content/qa,1998 年伯克希尔股东大会实录,85104,245102,3312,1,121,0,0,0,0,0,0,0,0,false,,d2a1f647286d659110677cd1ed7c81b2991a5c5b8324a6b87045d3528d69548f,54a69f4deb3c1ae7105fae994cb42709cdc72e06cf7e5d1513391af251b8864c,false,false,false,true,false,buffett
content/qa/伯克希尔股东大会实录_1999.md,content/qa,1999 年伯克希尔股东大会实录,81203,233095,3138,1,87,0,0,0,0,0,0,0,0,false,,663d7986a8d23f64d4129f41c4f7a7088f320ff1252820eb1eff4d6861b6e5e1,5f6e33259ae85ce9944f4ac2ce4ecc2e471d5edfa03df41da773f5fac78c35bf,false,false,false,true,false,buffett
content/qa/伯克希尔股东大会实录_2000.md,content/qa,伯克希尔股东大会实录_2000,75988,217044,1216,0,28,0,0,0,0,0,0,0,0,false,,e6194414c7b7f8825fe6168eec3faba5312d9eba7d0322b49fe62174e42cdea4,f1bfe3de2944ed6c32964a7a5e032a7947a13c7854a13cafb788ff0a57c003ab,false,false,false,true,false,buffett
content/qa/伯克希尔股东大会实录_2001.md,content/qa,伯克希尔股东大会实录_2001,83047,236397,1404,0,35,0,0,0,0,0,0,0,0,false,,0821e24822b4f2cea42ebefff81be43ce7100c8488d1b49c6cf8d864a5058b68,5e9c1a9e7d749d2582232ecfb0bbc91b2820693b9fc47a9ba79cf5a6ef800650,false,false,false,true,false,buffett
content/qa/伯克希尔股东大会实录_2002.md,content/qa,伯克希尔股东大会实录_2002,95836,270430,1344,0,25,0,0,0,0,3,0,0,0,false,,e73549a424dd45918e7e87b6e9717d59dd2b05b64399b5c55de4db29b1c4d46d,6c0cf3429f2a961ef18b90cd9c0749eb6ab9de6381c2cf957f333e2a2ec5f50a,false,false,false,true,false,buffett
content/qa/伯克希尔股东大会实录_2003.md,content/qa,2003 年伯克希尔股东大会实录,95215,262511,3320,1,82,0,0,0,0,84,84,0,0,false,,aac8c263e7ac21721fa905f0255c513b064c16c568cf26e306e8d0d5275e3fee,db7f721b1cf9d0bd5273c0b43d5a4b45635451a924c0a6b3e46b7047043bf66e,false,false,false,true,false,buffett
content/qa/伯克希尔股东大会实录_2004.md,content/qa,2004 年伯克希尔股东大会实录,85952,236380,2998,1,71,0,0,0,0,71,71,0,0,false,,07e1e7f051a3ff073cbd7db859623399b19ccbd8bd193cd16392982c4791af2e,f66b2e79c1d05c61afa71ea5bc2e26e6ba18e8104a478377ea2a24bb32be87ce,false,false,false,true,false,buffett
content/qa/伯克希尔股东大会实录_2005.md,content/qa,2005 年伯克希尔股东大会实录,84610,228992,3006,1,69,0,0,0,0,117,117,0,0,false,,60c2d5822cb3ade2031cf4858492c9be4bdc5d72b6e18ba103b3c0d857827d3b,e7ed79f51cc1c42d60afd0a14b77598c1f44aaa211af9015fde783f39fd793e1,false,false,false,true,false,buffett
content/qa/伯克希尔股东大会实录_2006.md,content/qa,2006 年伯克希尔股东大会实录,77078,211957,2896,1,61,0,0,0,0,66,66,0,0,false,,61b81b4cad1d99214074cad3a58057bd435e67c9a5e83cb5540999a4673cbd3a,d2368fdfddb0658f66a1166886456b27611e9beb6483fd168ebd9e917947ebac,false,false,false,true,false,buffett
content/qa/伯克希尔股东大会实录_2007.md,content/qa,2007 年伯克希尔股东大会实录,93612,253918,3572,1,65,0,0,0,0,94,94,0,0,false,,c8dca68e72866cb7faf4ead844d01c634173ffb15a173f464daecdf7fd4548e4,93bef479c619b228068f36fc748ffa367176bfe211c4e718e68846fee6ee2c7f,false,false,false,true,false,buffett
content/qa/伯克希尔股东大会实录_2008.md,content/qa,2008 年伯克希尔股东大会实录,79719,221910,3012,1,21,0,0,0,0,49,49,0,0,false,,122032e94240fbb087b12003a263d568fecd7c64f1f8822d49583316d8be3e29,c747a82993abe58603775d970b1394339423715657627b54c2c21fd2574717d1,false,false,false,true,false,buffett
content/qa/伯克希尔股东大会实录_2009.md,content/qa,2009 年伯克希尔股东大会实录,90500,244265,3260,1,20,0,0,0,0,128,128,0,0,false,,d590db230e3fd756e2a7fefdab51de80ab4e8ef49536aa3cf19b7210bbfc152d,4b9fd7cf23a6b90dceb84e7905155a1770d44c80c1f9ecda6b57817668115224,false,false,false,true,false,buffett
content/qa/伯克希尔股东大会实录_2010.md,content/qa,2010 年伯克希尔股东大会实录,89336,241528,3406,1,21,0,0,0,0,116,116,0,0,false,,b0a044ba33a250a0f9933e35a0b8f67884208888a4a923de0d01c7ab903593f1,94bb492eaca81ccf9f62db5066c28fcc78624f839ace851be88619ccb2df473c,false,false,false,true,false,buffett
content/qa/伯克希尔股东大会实录_2011.md,content/qa,2011 年伯克希尔股东大会实录,84499,229033,3004,1,20,0,0,0,0,95,95,0,0,false,,b8a552b337bceb313ffddf6d9e9356621b1258fe9a881f5f7cfdcf5b859109ad,abdabe491e61e3a2c1401e042aedcb9bf9a8272ee72d5091aabf60a1c680f273,false,false,false,true,false,buffett
content/qa/伯克希尔股东大会实录_2012.md,content/qa,2012 年伯克希尔股东大会实录,92280,249026,3572,1,27,0,0,0,0,108,108,0,0,false,,762b1f82fd58448de18ca111374906a8a15ed6a31cc9d8da435d7c6bf402691c,7f674a371b101cb1e8ba20e6c1c0ccebb73a08aca20d39f7e15781c1611a85b9,false,false,false,true,false,buffett
content/qa/伯克希尔股东大会实录_2013.md,content/qa,2013 年伯克希尔股东大会实录,85415,235581,3608,1,18,0,0,0,0,48,48,0,0,false,,32edea0a8caf8f285c159a341568059b783f4e1b2c228956457a70cab38d34f0,cf7036887b9e7d96efe783159d2dce672455fd84b735780741b904e86bbf00ce,false,false,false,true,false,buffett
content/qa/伯克希尔股东大会实录_2014.md,content/qa,2014 年伯克希尔股东大会实录,96364,263137,3640,1,16,0,0,0,1,87,87,1,0,false,,fe7b265666b3a29c282082c42ece0552dc38777569046d672b27a8229af31824,282863adcf5002900ee57a1ac82dc6e674fbc3356fb562c33cd922fdb6f463c7,false,false,false,true,false,buffett
content/qa/伯克希尔股东大会实录_2015.md,content/qa,2015 年伯克希尔股东大会实录,90858,247344,3478,1,18,0,0,0,0,78,78,0,0,false,,1a5ecfdabc318accbd1e44782bebc8dde61955f5c4f618c4b9cc20d95d0be86a,e5c410b23db9eb528f46cc52fc22d294b90db0fad003424f4c0c16c2111aea2b,false,false,false,true,false,buffett
content/qa/伯克希尔股东大会实录_2016.md,content/qa,伯克希尔股东大会实录_2016,89573,247628,1446,0,58,0,0,0,0,2,0,0,0,false,,c4ad9fb10f4ada218d3b37128787dacaa76d5f2e0cd5565e21007b7900f274d8,8aec3f0d60bbf5dba745a937d135a9a04e33ebcd70330b24ab8ece29b90fb10e,false,false,false,true,false,buffett
content/qa/伯克希尔股东大会实录_2017.md,content/qa,伯克希尔股东大会实录_2017,94213,262016,1458,0,32,0,0,0,0,0,0,0,0,false,,0fb8034984fbb2f7105167ab01b7d92bdd4a3187071304e440d1e9c66d842a57,562d6a933da5fdfe91c3f11df15ba8fecd80e073ed9c4d78c46d5a1a7f0320aa,false,false,false,true,false,buffett
content/qa/伯克希尔股东大会实录_2018.md,content/qa,伯克希尔股东大会实录_2018,84212,232683,1296,0,50,0,0,0,0,0,0,0,0,false,,0e5a7153eb0df2f8f52064733deb9bb87cb5ccde048fd87e3b3fc38122eb2319,fa2d77cc213c4efe670baf19fe90778d03260f27c2cc5f10f817ec316aea4f71,false,false,false,true,false,buffett
content/qa/伯克希尔股东大会实录_2019.md,content/qa,伯克希尔股东大会实录_2019,88951,246336,1368,0,58,0,0,0,0,1,0,0,0,false,,dd2d26b3f567d104723f1854b9fd585baf1d715f6fe6539d64ff944fda8a0298,7a4e40f4751eeac6cf198b07030531ca6694aa8b893577a9e359cd7173b046dc,false,false,false,true,false,buffett
content/qa/伯克希尔股东大会实录_2020.md,content/qa,伯克希尔股东大会实录_2020,41852,115150,560,0,18,0,0,0,0,0,0,0,0,false,,5809a7c116b3585b6d132db3920851e260231dc2d377e55d7a45cda53d47ecab,5c6ca34a116afe47f0d9a9576fbdef99aad72d6a6fd014b0435d2a0b9a2c9363,false,false,false,false,false,buffett
content/qa/伯克希尔股东大会实录_2021.md,content/qa,伯克希尔股东大会实录_2021,60447,167848,980,0,48,0,0,0,0,1,0,0,0,false,,cb194d1216ee9fffdcdd54f310f7337b4c57f59d0f8a100d95ee62dea8105007,7d34d317e02b0a2212a4bb7101e4c4871d533048b7792ab733dd565c1dc565fb,false,false,false,true,false,buffett
content/qa/伯克希尔股东大会实录_2022.md,content/qa,伯克希尔股东大会实录_2022,89896,251080,1354,0,32,0,0,0,0,0,0,0,0,false,,01c40aa7673d7041896d9ba67bd5ff59b1f1b94c070ba54ddf89458e8e7d267b,44f569c4cd66ec35835a14eba416892cb13571eea291c8c8ac4ab69622738914,false,false,false,true,false,buffett
content/qa/伯克希尔股东大会实录_2023.md,content/qa,伯克希尔股东大会实录_2023,78184,216123,1338,0,49,0,0,0,0,0,0,0,0,false,,1dd9179327fb1aff3db54dc87b899983747ffdf85ef709a1db95a651374c3fad,d68145f0af0effb51e3419b9e55c22c2116206dad2836da534fa6f6ea1195238,false,false,false,true,false,buffett
content/qa/伯克希尔股东大会实录_2024.md,content/qa,伯克希尔股东大会实录_2024,75836,208082,1102,0,37,0,0,0,0,0,0,0,0,false,,0b7ec0757589d055331c088b7e5184230e4f2715ea907659604f7a0f894faf2e,1bef77f201c748b0f62c39e1771fdf6999bc50a111b4ae3428e756dff75dbfc9,false,false,false,true,false,buffett
content/qa/伯克希尔股东大会实录_2025.md,content/qa,伯克希尔股东大会实录_2025,51952,147874,3580,0,32,0,0,0,0,0,0,0,0,false,,3917e5fa050c921b5f9c6dd0df615a4fed553b1e1c28f35afc53fa885be95ee8,be0a4c632cf42643235eea7a006812509c39f86db6a7cc5ba6fae3a7e078d871,false,false,false,true,false,buffett
content/qa/伯克希尔股东大会问答_1985.md,content/qa,伯克希尔股东大会问答_1985,2047,5449,64,0,10,0,0,0,0,0,0,0,0,false,,36a0bb92394e162cb0b6a30c196db5ff7af16a0b4ab2c8dd4f5f46f2291ae598,c728c5834690c2bae4fb0e7b5e3eebd96c57d380b7dd30941ac8e8007c497892,false,false,false,true,false,buffett
content/qa/伯克希尔股东大会问答_1986.md,content/qa,伯克希尔股东大会问答_1986,7662,20340,226,0,27,0,0,0,0,0,0,0,0,false,,8a89af4ddd1da894ce29ecb67be253a55da350a517d5128efd7d5da5073d84b1,972b0c72b6a74f5791cf6c4303b2fb7d915fc2a2f75159fa260f818a90a3cc2b,false,false,false,true,false,buffett
content/qa/伯克希尔股东大会问答_1987.md,content/qa,伯克希尔股东大会问答_1987,11338,30336,334,0,36,0,0,0,0,0,0,0,0,false,,96cc8aa6975f0686a9c7748577269fc26b902be6ea3b074934167d050d46ce01,9ed7eb4a9676a09aacb1e12d8748fb8a90594f77d5daec51f9bc3ba4a402e13c,false,false,false,true,false,buffett
content/qa/伯克希尔股东大会问答_1988.md,content/qa,伯克希尔股东大会问答_1988,15745,43397,394,0,45,0,0,0,0,0,0,0,0,false,,c03c92cc2f0a14de25c2c12addc38275cb1fd89086e06224965cf6cc2b71eb29,737aea7eea8364a224c94571576b711e3d7b669471be3ad6eecb47e47436fd3e,false,false,false,true,false,buffett
content/qa/伯克希尔股东大会问答_1989.md,content/qa,伯克希尔股东大会问答_1989,18376,50826,412,0,39,0,0,0,0,0,0,0,0,false,,16a777edc3550e1b4d1c4dcbe94275488dac1487c19a7582c29dda4ef0f2cb9e,9a3584854df718d430f4941a939def8945ee96bb5d30346074a7629a9873f2dc,false,false,false,true,false,buffett
content/qa/伯克希尔股东大会问答_1990.md,content/qa,伯克希尔股东大会问答_1990,15356,42764,332,0,24,0,0,0,0,0,0,0,0,false,,7c535252969c1f01d6130078ddc22c9ce6e0e0846ef521cc60690f7fe602ba46,4c3c41b3dd3ea48eb7bf47131fc72ab1bc2c3ea00f7064b223aba038234ff135,false,false,false,true,false,buffett
content/qa/伯克希尔股东大会问答_1991.md,content/qa,伯克希尔股东大会问答_1991,34305,95278,672,0,37,0,0,0,0,0,0,0,0,false,,c66bc6e12a4302b20c945e5a01bb38ab52a5da5ed0b3bb54905ed5351f601d6c,37e96a864eaf5b83cee61f40f991897c36476118a8e4900d2f06ba05d12e53dd,false,false,false,true,false,buffett
content/qa/伯克希尔股东大会问答_1992.md,content/qa,伯克希尔股东大会问答_1992,38075,107911,654,0,32,0,0,0,0,0,0,0,0,false,,0b8f38df6c2a3421fc3023b999be70a114f1c6ddced23545a49376f01d9f69fa,1ef1b4332062d19eda7e1092d7f97b96c375a4989051cb95e62a2e50a2c92fda,false,false,false,true,false,buffett
content/qa/伯克希尔股东大会问答_1993.md,content/qa,伯克希尔股东大会问答_1993,50617,137807,792,0,31,0,0,0,0,1,0,0,0,false,,980ba3666d27adab77b90fbd1cbd08eff5b78ede87c1644333cf672d7316d7fb,c24f23bca0899a0ffdc003696d720128373e1bc4dd84393e160c47de00246898,false,false,false,true,false,buffett
content/qa/历年股东问答精选_2025.md,content/qa,历年股东问答精选_2025,50728,145494,716,0,20,0,0,0,0,0,0,0,0,false,,8fe8f30d9058772fdb00839b0216ffba5a255944cfc7f973165f40eae8800ef0,f622c97ee4dbf3064d39a57ac03db35b09e0b14ca3a57dd1c0bb0b9c1323d310,false,false,false,true,false,buffett
content/qa/Wesco_股东大会_1996.md,content/qa,Wesco_股东大会_1996,9180,26266,188,0,6,0,0,0,0,0,0,0,0,false,,255ae5edee294004f0798d84d22c20cea4b8015c816e1a1d16d26391d4d822c1,7efc040934ec21e14af377adf5d37dab135666143f6ce47231672ae0ee22a723,false,false,false,false,false,munger
content/qa/Wesco_股东大会_1999.md,content/qa,Wesco 股东大会 1999,1528,4113,65,1,11,0,0,0,0,0,0,0,0,false,,8db5b444058602443ca96b7f274c7cec35d42f29a160b4c83e4e3d6c6db2eb75,9dc95297c769f27a76600f077c13f3247437b870c7a799aaf63e6e8fe7ca906d,false,false,false,true,false,munger
content/qa/Wesco_股东大会_2000.md,content/qa,Wesco 股东大会 2000,1486,3975,58,1,10,0,0,0,0,0,0,0,0,false,,e64c7af52d02ee51b9435c4d2f992cff32133803b6aab0d3ca2cb7ed078ba904,27783bedccd7450cda7d1b66a2dfd27bfcc8f4fb6b9e49e1ce6492991858b726,false,false,false,true,false,munger
content/qa/Wesco_股东大会_2001.md,content/qa,Wesco_股东大会_2001,10997,29700,208,0,23,0,0,0,0,0,0,0,0,false,,4ae7de9428011a8a3b67ef34f79584cad6f166b3847a6849d6b99d9485ac7e38,db466b3876b351270fb6af50bef1189e9cf86dbc8d09c0cd6f3839f85c03df36,false,false,false,true,false,munger
content/qa/Wesco_股东大会_2002.md,content/qa,Wesco_股东大会_2002,22577,65636,374,0,13,0,0,0,0,0,0,0,0,false,,456c89b5f78bfab90720b075dca5c7c4cf164836773c56cec97c3d317d26d8c6,ad4ae059b9aad1dcb0d32ec50c8c90cc0eba74c039d05330f02dc1e3ee72d3bc,false,false,false,false,false,munger
content/qa/Wesco_股东大会_2003.md,content/qa,Wesco 股东大会 2003,1360,3521,58,1,10,0,0,0,0,0,0,0,0,false,,2e65d3a8518146cb0915676ee337a01534e0c68eedf10ac6c4c325c96e49d758,79ac2e32251f44e39ceccd31b24d34384856d52aa9004ed91a9af6d4c2258a23,false,false,false,true,false,munger
content/qa/Wesco_股东大会_2004.md,content/qa,Wesco_股东大会_2004,21874,61773,306,0,7,0,0,0,0,0,0,0,0,false,,cca5d2d85d34554f05268694fc9b04b3864f0af7b16fa4641ef1853a89f4f019,541c83b07ba71ba94be3ed393ec0737c30bd8750c71092565a53a8dc3e31226a,false,false,false,false,false,munger
content/qa/Wesco_股东大会_2005.md,content/qa,Wesco_股东大会_2005,17756,49407,280,0,25,0,0,0,0,1,0,0,0,false,,649b3f888cac79ae497ac0ab42186b9aead70c08fadedce07ae038b95debde08,1752e44872a5f51d91ea21ba80254e43bd99af4f11b6ddedd25c078c58680f77,false,false,false,false,false,munger
content/qa/Wesco_股东大会_2006.md,content/qa,Wesco_股东大会_2006,17031,48028,400,0,43,0,0,0,0,0,0,0,0,false,,dbeeeff3a7faa491c9e9be5b0a7165ae224f0291ce402b63328af94d46a640d1,35f981a7afde4b97255643f67fe884bab73319248535623833ae0831fa785728,false,false,false,false,false,munger
content/qa/Wesco_股东大会_2007.md,content/qa,Wesco 股东大会 2007,1474,3890,64,1,11,0,0,0,0,0,0,0,0,false,,ec7b964f05e7fa3734cfb9b8c080b4aa8a114bd9690ca6d1b71a837cd6050547,ee45614c9e63d8dbec5c633d3bef0dddb104e014c7622fca9ceaeb5410656d32,false,false,false,true,false,munger
content/qa/Wesco_股东大会_2008.md,content/qa,Wesco_股东大会_2008,16098,46383,434,0,52,0,0,0,0,0,0,0,0,false,,0577f7c1881df23ce14c93808f8bffba10c5c84a9887508d09948dfa6dabb460,aa673e07c287dd949cd7840bda881c2d078d0c45a40b782e604db04e76059e6e,false,false,false,true,false,munger
content/qa/Wesco_股东大会_2009.md,content/qa,Wesco_股东大会_2009,13953,39578,338,0,42,0,0,0,0,0,0,0,0,false,,4024dbc2984d612706cbd2dfd7dce7d9472fc6a813316dd5129386ec29655379,f57c2dbc4fb61c4ff867259e21bfd8f4ece73cb5b69f6f93e953486c239fa17f,false,false,false,false,false,munger
content/qa/Wesco_股东大会_2010.md,content/qa,Wesco 股东大会 2010,1626,4309,70,1,12,0,0,0,0,0,0,0,0,false,,96c18662b7248fc66055d8b289156ffd29dd0bec8f7b0cc2ab51cc30b26db105,dc7220566628a048276832848a18db4517869523e3727d2bd6fdc20279d3ba27,false,false,false,true,false,munger
content/qa/Wesco_股东大会_2011.md,content/qa,Wesco_股东大会_2011,17459,49307,294,0,1,0,0,0,0,0,0,0,0,false,,ae7fea9ae192d71a7ab3034e5fe409262d3d233ded6a5a328a6abc2737ccea92,a7730d79519bd83fb11a78568c51f7571d2a47aa7898edea1b9d6b922f59bf1c,false,false,false,false,false,munger
content/talks/巴菲特：佛罗里达大学演讲_1998.md,content/talks,巴菲特：佛罗里达大学演讲 1998,26417,75892,370,1,19,0,0,0,0,0,0,0,0,false,,923ed19c7f94b327f55320ef4328758cb6396e4a3cbc4a830e534f8f75d774de,e2828d90787f0ed8077760de250ff0afc3baced7aff79366246586f0fd84b9d6,false,false,false,true,false,buffett
content/talks/巴菲特：哥大商学院演讲_1984.md,content/talks,巴菲特：哥大商学院演讲 1984,17907,37853,342,1,12,185,0,0,0,0,0,0,0,false,,cc3bc2646c9f48b6e5e7f74429f099435c74457ffcf42b11e3b13e227034dd84,aa20c8fa769e73b65278dd18d79ad8fb3da71181ea9e232be0c87aef61e0552d,false,false,false,false,false,buffett
content/talks/巴菲特：哥大商学院演讲_2002.md,content/talks,巴菲特：哥大商学院演讲 2002,8464,23046,148,1,12,0,0,0,0,0,0,0,0,false,,b61f4d098c50908428f93ffb1ea2593282a6e3347666929cf0500d798206e4b9,b5e7b1e6ca86095c54af180e52421bd76b5a0122f5da13150ff9dd75ccee2a4b,false,false,false,false,false,buffett
content/talks/巴菲特：华盛顿大学谈话_1998.md,content/talks,巴菲特：华盛顿大学谈话 1998,5399,15759,88,1,1,0,0,0,0,0,0,0,0,false,,7164ecf582ed4cddb76cc3772c848625baca85ac396cf04139dc4ff2835e238c,e60f95cb4de226e1dab15647259a278fde7bbf0cc27f5efc3579904847d58ab7,false,false,false,false,false,buffett
content/talks/巴菲特：内布拉斯加大学演讲_1994.md,content/talks,巴菲特：内布拉斯加大学演讲 1994,28662,81342,376,1,17,0,0,0,0,0,0,0,0,false,,25a4a24c7fde2952de468122c9e0afc960be3efd582969d30b6eea91d2b24d5b,aca4fdf96457ccd3c4f1eb5471cb6cdc3b4b76c86730e668d7e1a4f24e4df5b0,false,false,false,false,false,buffett
content/talks/巴菲特：内布拉斯加教育论坛演讲_1999.md,content/talks,巴菲特：内布拉斯加教育论坛演讲 1999,9702,28148,180,1,11,0,0,0,0,0,0,0,0,false,,6187dffb73b110a45742334114bb2a1572afe2efcc9fc01bc8e763f8773023dc,1443f1fbcb798492c763ae1f1f94a68364517a7246316ca094775b4d3922a669,false,false,false,false,false,buffett
content/talks/巴菲特：圣母大学演讲_1991.md,content/talks,巴菲特：圣母大学演讲 1991,47590,131876,478,1,8,0,0,0,0,0,0,0,0,false,,7d43007b13ae74b93c9fcf538d9dc443a6ba6a47606c9be39a0064a3a8466971,cb7b5b48a281243d1343a4baad5453c7c04d49f3edb977db54448af9a69db992,false,false,false,true,false,buffett
content/talks/巴菲特：斯坦福法学院演讲_1990.md,content/talks,巴菲特：斯坦福法学院演讲 1990,10481,29735,104,1,1,0,0,0,0,0,0,0,0,false,,27290d2e86517db3c7579b36a4a2b0fb2edfcd703c129fcde7a755a51529f46f,f9488d005a6764f840c3ded3508ba449ef6a5a767799cb4a1f23ed96f1ff5a18,false,false,false,false,false,buffett
content/talks/巴菲特：佐治亚大学演讲_2001.md,content/talks,巴菲特：佐治亚大学演讲 2001,23904,67484,280,1,4,0,0,0,0,0,0,0,0,false,,f67f5b055203241a3f165988dbeea3bb52e8619a148788d41e08c0b3da238238,77c42073855c431ee40cfec1e75bc3cf29278b06d2d39f87e437b372b321f242,false,false,false,true,false,buffett
content/talks/巴菲特奥马哈新闻俱乐部_1992.md,content/talks,巴菲特奥马哈新闻俱乐部 1992,13935,39493,148,1,1,0,0,0,0,0,0,0,0,false,,81fdcfd2fa3f6149a3761e0a2b4029374995beb7427792afa2d9ee47f8bbef68,b56a62aa1bda8c98d1bf0ab04dd5be6210cef9fec7c87a36b3eccea7d00e1834,false,false,false,true,false,buffett
content/talks/巴菲特太阳谷演讲_1999.md,content/talks,巴菲特太阳谷演讲 1999,5702,16016,86,1,1,0,0,0,0,0,0,0,0,false,,a9e3ad7fcd7433bb33e3a1fb301791f72dfbf7750a1192806f6c904fac86baa2,a320e0aab1caee2da936515c34aec6640fc065efc326d21f07e22ea5ef5742f2,false,false,false,true,false,buffett
content/talks/芒格：财务总监联合会演讲_1998.md,content/talks,芒格：财务总监联合会演讲 1998,6934,20057,80,1,1,0,0,0,0,0,0,0,0,false,,fd73a76a45821e4883224be4e43727ea2a2787d524294c5af2667597e6bd09ee,a428e65c5c6e1efc27e2492c68ee0698d878beca3fad345a773a2b4c56f73f76,false,false,false,true,false,
content/talks/芒格：慈善圆桌会议讲话_2000.md,content/talks,芒格：慈善圆桌会议讲话 2000,6537,18808,76,1,1,0,0,0,0,0,0,0,0,false,,262f2e68cc44bcc6334e26e2f6db658bd1a51c5baead5b0378d45dc8365a83f6,84f7fa77b9ba4ac81415fbb7c998918943b9f88a9ce4ee1b4ead8c46028fc419,false,false,false,true,false,
content/talks/芒格：关于实践思维的现实思考_1996.md,content/talks,芒格：关于实践思维的现实思考 1996,8505,24159,128,1,1,0,0,0,0,0,0,0,0,false,,d5f5012f8ac01acabe10fab1b1e542de8ed85bde256b9cf3a01764fab2f1aeb5,5cfac73ea804d315e6315d5edbd58e94ec399e12f3a21f531e379cb612516cb7,false,false,false,false,false,
content/talks/芒格：哈佛法学院演讲_1998.md,content/talks,芒格：哈佛法学院演讲 1998,7360,21226,116,1,1,0,0,0,0,0,0,0,0,false,,bd74d600c88025ead40c6845d813607cbb780332012ac6fe084524ee6cfab2fd,be02d0c33bfff7ffb0b79eaa21a1f253937a307de1bdc048e24561680a5414ec,false,false,false,true,false,
content/talks/芒格：哈佛中学演讲_1986.md,content/talks,芒格：哈佛中学演讲 1986,4365,12861,52,1,1,0,0,0,0,0,0,0,0,false,,f41ebcab5f8c989ae77603dce736fbf58d68cc8f2e3f8c17fb2aefec3f7a9263,97bbffe23351d679ca6d64c88d8789370ab947a0004f914fc4e6e50d4d279cef,false,false,false,false,false,
content/talks/芒格：论学院派经济学_2003.md,content/talks,芒格：论学院派经济学 2003,29519,84773,332,1,13,0,0,0,0,0,0,0,0,false,,2dab05d0fe31e2f70c36a6f965691a44afdbc737104cf6cbd09b5f3954842342,54a4fe082139e9f3ee4d8dd5a9f4c6bd5465d6f90d743efffe6bbb3514d5a6eb,false,false,false,true,false,
content/talks/芒格：南加大法学院演讲_2007.md,content/talks,芒格：南加大法学院演讲 2007,13091,37463,305,1,1,0,0,0,0,0,0,0,0,false,,2843bb5c3eafb4e09666ee38a657721d9171a504df4dec00eed31d4223bbd073,12d6a9514dcf6c9f14da7c4f4af7c5ff581c6318a98722f0a61ce88aedea8f96,false,false,false,false,false,
content/talks/芒格：南加大商学院演讲_1994.md,content/talks,芒格：南加大商学院演讲 1994,25134,73341,366,1,1,0,0,0,0,0,0,0,0,false,,de7ad445955fbe0d32ecc5667fb0f079c5fb13ab9df3d0a720b9d7c72813fd0b,7fe6c95d69df374be9cc67dc7002c1741e0caa708f294fefb0118fb4a4a8a804,false,false,false,false,false,
content/talks/芒格：斯坦福法学院演讲_1996.md,content/talks,芒格：斯坦福法学院演讲 1996,28385,83205,416,1,1,0,0,0,0,0,0,0,0,false,,ca486e6eceb5ae221e1fdb026b8a202654443ee2a42b25a70ca73b964384700e,6b39e38688f4d73e0118b3a48760078839db1abb7a85cc329e6d8f469e04972d,false,false,false,false,false,
content/talks/芒格：DJ_年会_2013.md,content/talks,芒格：DJ 年会 2013,26516,75882,374,1,8,0,0,0,0,0,0,0,0,false,,1ccfa00db4f0dd55b7f8852229019226a33ff34ff8512cfd8a9162b47eecad60,f46bd123a53d0093e4e4331806cb7265eacd8717268d11174d42b07c352b54f8,false,false,false,true,false,munger
content/talks/施洛斯：哥大商学院演讲_1993.md,content/talks,施洛斯：哥大商学院演讲 1993,7982,21237,114,1,8,0,0,0,0,0,0,0,0,false,,96bd5ce318e68bccd3413dbd07a455aca2a902a12c0bae6fc317bfd1a15f9231,cbb1550a2cd735e6d4539bbc98bf400f091c0782e51f6218dd2373f5b81d0d60,false,false,false,false,false,
poor-charlies-almanack/_english-source/poor-charlies-almanack-chapter-one.md,poor-charlies-almanack,A Portrait of Charles T. Munger,26059,26153,120,1,1,0,0,0,0,1,0,0,0,false,,b6f222df97979fd74dea35b4e9c56406956d81eeb71000c43634a6595e514b60,fbe452b9180906aaa3bbcdea9b6838b10d98e8432aee78b0dd8dadc475567f53,false,false,false,true,false,
poor-charlies-almanack/_english-source/poor-charlies-almanack-chapter-three.md,poor-charlies-almanack,Poor Charlie's Almanack — Chapter Three,31641,31781,168,1,5,0,0,0,0,1,0,0,0,false,,fdedee34ef4175be7b1865e9d5877172443ca38e8da4688aaabad004c111b296,804789d11103a8d7c990c78315ed9a3f254919df3566899a0e73fa226993db37,false,false,false,true,false,
poor-charlies-almanack/_english-source/poor-charlies-almanack-chapter-two.md,poor-charlies-almanack,Poor Charlie's Almanack — Chapter Two,21515,21580,114,1,4,0,0,0,0,1,0,0,0,false,,d3ab3baac5194c6515b1078ed24b4dc07f455912901d7d51a51bf36786c53187,f02cc364a67bcb8f2d0a5140b5d6be59d0dd3f494346c7d8aac615888d690943,false,false,false,true,false,
poor-charlies-almanack/_english-source/poor-charlies-almanack-forewords.md,poor-charlies-almanack,Poor Charlie's Almanack — Forewords,14636,14728,97,1,5,0,0,0,0,1,0,0,0,false,,5a95f4c6cce504d338f5589bd73c9da34a1ab796967fe4d6f44be0ed2e213456,03feea79f1a87e3e9691975e5b229de24f4e4b5cf27ff2499581e3275f7e0b2a,false,false,false,true,false,
poor-charlies-almanack/_english-source/poor-charlies-almanack-recommended-reading.md,poor-charlies-almanack,Poor Charlie's Almanack — Recommended Reading,3107,3121,37,1,2,26,0,0,0,1,0,0,0,false,,4c91f5a8e474c629e05245c4a1705ead9dedfe84d400011fb0826f926c6e0f62,83ec08ca4690db7e060c1b1a6d510c0fecbc1c0e502e515e9fb921af5b79d3c2,false,false,false,true,false,
poor-charlies-almanack/_english-source/poor-charlies-almanack-talk-eight.md,poor-charlies-almanack,Poor Charlie's Almanack — Talk Eight: The Great Financial Scandal of 2003,6524,6605,71,1,8,0,0,0,0,1,0,0,0,false,,fb9a6b707eb9aa7b76ea5eab8f99491a0e40787942f2571b677b4f217199c45b,bc47835d4a9cf3aebe739c65a13da84b3cfa4fac78510c90a329274042fd7cb7,false,false,false,true,false,
poor-charlies-almanack/_english-source/poor-charlies-almanack-talk-eleven.md,poor-charlies-almanack,Talk Eleven: The Psychology of Human Misjudgment,29815,30114,221,1,29,0,0,0,0,2,0,0,0,false,,58f53e34aaa4203106908be259e15b5e37e25ebed964b59eba8b026badbf9304,fed37e605be9204f63659f190a4d817ba87b05be12a63e1c97c95d070dc37274,false,false,false,true,false,
poor-charlies-almanack/_english-source/poor-charlies-almanack-talk-five.md,poor-charlies-almanack,Poor Charlie's Almanack — Talk Five: The Need for More Multidisciplinary Skills from Professionals: Educational Implications,5802,6077,72,1,9,0,0,0,0,2,1,0,0,false,,2e256664dd58486e3354163bd414d7ce243197778ae963c00f8e26743c8f2392,6b58a86428990176924837e697b197bed547ae0eae8a998e2cdc9306481445f5,false,false,false,true,false,
poor-charlies-almanack/_english-source/poor-charlies-almanack-talk-four.md,poor-charlies-almanack,Talk Four: Practical Thought about Practical Thought?,7495,7531,54,1,5,0,0,0,0,1,0,0,0,false,,e009e3b997f7edfe71e2a0779eac0794d6a6f063c0c1093970cda6fd2f2114f7,5eb0e7a770fe83062a1a27297c8a63170619251fdf70f60ddb24b0418b1e2a43,false,false,false,true,false,
poor-charlies-almanack/_english-source/poor-charlies-almanack-talk-nine.md,poor-charlies-almanack,Poor Charlie's Almanack — Talk Nine: Academic Economics: Strengths and Faults After Considering Interdisciplinary Needs,5628,5893,74,1,8,0,0,0,0,2,1,0,0,false,,38624ad743faaf02fd39dced2fa974bbc2dc6d6ecd683e027bb7aa892fdf5422,e5e85f7fbaa88cba2f1faccff7c5c202ad484595c3b05c4dc055ee4b2fe8452c,false,false,false,true,false,
poor-charlies-almanack/_english-source/poor-charlies-almanack-talk-one.md,poor-charlies-almanack,Poor Charlie's Almanack — Talk One: Harvard School Commencement Speech,13742,13793,84,1,3,0,0,0,0,1,0,0,0,false,,07384790a7afd2da8361047c67448cdbf2fb8edc5617de13e99b57090337b505,b3b12ca67af940eb422c92f798f69b56c18aded63bab55436df29286d1cc9389,false,false,false,true,false,
poor-charlies-almanack/_english-source/poor-charlies-almanack-talk-seven.md,poor-charlies-almanack,Poor Charlie's Almanack — Talk Seven: Breakfast Meeting of the Philanthropy Roundtable,6742,6825,66,1,10,0,0,0,0,1,0,0,0,false,,13e5efc04dba4537a68bcbbc69d9c0792e89750b59dd22017c6f7c7b3d6a9b59,fee399323f77eb9eddbd8544ffeb1c327d8c6c55198bd18b34c829f9f4655a3b,false,false,false,true,false,
poor-charlies-almanack/_english-source/poor-charlies-almanack-talk-six.md,poor-charlies-almanack,Poor Charlie's Almanack — Talk Six: Investment Practices of Leading Charitable Foundations,8393,8468,78,1,10,0,0,0,0,1,0,0,0,false,,8809713be72bdf62594a1a137e708811fa7ee2fcc56b0accd95092ef0824b8bd,fb425d00dd23b4439938af7d670b2c813e20399fc1bd4c3126b355aaff19e65e,false,false,false,true,false,
poor-charlies-almanack/_english-source/poor-charlies-almanack-talk-ten.md,poor-charlies-almanack,Talk Ten: USC Gould School of Law Commencement Address,29828,29901,134,1,1,0,0,0,0,1,0,0,0,false,,9ae8332f1999e98f40b22698101dd2c9ba323a270aea9462c21486af2e802a4b,dc4f9812bd0b5f68b3e1828837d6535aaca1cce15c63f4284d967f46afcfaef9,false,false,false,true,false,
poor-charlies-almanack/_english-source/poor-charlies-almanack-talk-three.md,poor-charlies-almanack,"Poor Charlie's Almanack — Talk Three: A Lesson on Elementary, Worldly Wisdom as It Relates to Investment Management and Business",31847,32021,192,1,13,0,0,0,0,1,0,0,0,false,,2a3d57285fc28c91797fb20c80cee4020845f1e7d5f4bb8884bac10f0d887937,eb2727343ddaa1a64d8753ce2fadd23ecde1a908e744efe0d2c3f5774aa177f6,false,false,false,true,false,
poor-charlies-almanack/_english-source/poor-charlies-almanack-talk-two.md,poor-charlies-almanack,"Poor Charlie's Almanack — Talk Two: A Lesson on Elementary, Worldly Wisdom as It Relates to Investment Management and Business",27215,27685,298,1,28,0,0,0,0,1,0,0,0,false,,62e9195a36d28958bc275806207a8d24d7311357fd9f054e214e086c536192ac,6b7e2246ba657e0222889a1cf68178212a3f4c49b5dd50b6d7dd96657ef7db0b,false,false,false,true,false,
poor-charlies-almanack/poor-charlies-almanack-chapter-one.md,poor-charlies-almanack,查理·芒格肖像,8538,23978,120,1,1,0,0,0,0,1,0,0,0,false,,ffcf4003ab5c99184060513f9c6536e4dd5d2074945646980d4c956db70753df,954a0b82d09cdc358ac6da7b4c592c04c6fdcbf42c35aa0b4bba519ca7f249f9,false,false,false,true,false,munger
poor-charlies-almanack/poor-charlies-almanack-chapter-three.md,poor-charlies-almanack,《穷查理宝典》——第三章,9554,27782,168,1,5,0,0,0,0,1,0,0,0,false,,d872164a25fc0cb2c1b0bd57fcf8c85ef11117a8a5ee1cf8719b67cebe9f0312,ecb7c34290fdc85f6b7746cf8e8e8296fce1051f2cce3c5c48e78cd5c5b18cac,false,false,false,true,false,munger
poor-charlies-almanack/poor-charlies-almanack-chapter-two.md,poor-charlies-almanack,《穷查理宝典》——第二章,6964,20276,114,1,4,0,0,0,0,1,0,0,0,false,,e53935c666c8d2fbbd87a848717c30c322c91c064f84c556b8aa2b17ded89b8f,a45e44c9a0f0c3912cea7fe6f3afcc40dfdb936d8e2b24d3908f8933be5a4e2e,false,false,false,true,false,munger
poor-charlies-almanack/poor-charlies-almanack-forewords.md,poor-charlies-almanack,《穷查理宝典》——序言,4669,13379,93,1,5,0,0,0,0,1,0,0,0,false,,413d7a5c80f738f1e7de06647aa796560bdd9f638e0efc801a039529d13164a6,03c79385994401b993198e9ce85b9de9d4cdbb3a7e23c0a56e3911a44edd25ed,false,false,false,true,false,munger
poor-charlies-almanack/poor-charlies-almanack-recommended-reading.md,poor-charlies-almanack,《穷查理宝典》——推荐阅读,1456,3083,52,1,3,26,0,0,0,1,0,0,0,false,,ca6d3199b51b239c57ab933cbd5f58a294ed97094a5502dc88bb53d86c80ea11,77e268380d2d1476efb7ea258a38b02693262f6e85a8765b0ea4a7dc609f8f4e,false,false,false,true,false,munger
poor-charlies-almanack/poor-charlies-almanack-talk-eight.md,poor-charlies-almanack,芒格：2003 年的金融大丑闻,9627,27255,102,1,1,0,0,0,0,0,0,0,0,false,,febfbbfa90a596e2c85d38d186807f26eb82305dd7b7b5ddd02b7bdc5fac3256,65ab2eaccc0968fcaea677e3fb3ad646416fd2570eec713c41e4666d4a8f754e,false,false,false,true,false,munger
poor-charlies-almanack/poor-charlies-almanack-talk-eleven.md,poor-charlies-almanack,第十一讲：人类误判心理学,9381,27004,221,1,29,0,0,0,0,2,0,0,0,false,,276b0ad8c3e41493c4b27059d7f04eb8b3de2a44db61e6595f0f541e8ab78c02,7da1bd945cfd4d61ba34d45c99e5bb0e16f85b3f99bfa6214192226c7e49faf1,false,false,false,true,false,munger
poor-charlies-almanack/poor-charlies-almanack-talk-five.md,poor-charlies-almanack,芒格：哈佛法学院演讲 1998,7360,21226,116,1,1,0,0,0,0,0,0,0,0,false,,bd74d600c88025ead40c6845d813607cbb780332012ac6fe084524ee6cfab2fd,be02d0c33bfff7ffb0b79eaa21a1f253937a307de1bdc048e24561680a5414ec,false,false,false,true,false,munger
poor-charlies-almanack/poor-charlies-almanack-talk-four.md,poor-charlies-almanack,芒格：关于实践思维的现实思考 1996,8505,24159,128,1,1,0,0,0,0,0,0,0,0,false,,d5f5012f8ac01acabe10fab1b1e542de8ed85bde256b9cf3a01764fab2f1aeb5,5cfac73ea804d315e6315d5edbd58e94ec399e12f3a21f531e379cb612516cb7,false,false,false,false,false,munger
poor-charlies-almanack/poor-charlies-almanack-talk-nine.md,poor-charlies-almanack,芒格：论学院派经济学 2003,29519,84773,332,1,13,0,0,0,0,0,0,0,0,false,,2dab05d0fe31e2f70c36a6f965691a44afdbc737104cf6cbd09b5f3954842342,54a4fe082139e9f3ee4d8dd5a9f4c6bd5465d6f90d743efffe6bbb3514d5a6eb,false,false,false,true,false,munger
poor-charlies-almanack/poor-charlies-almanack-talk-one.md,poor-charlies-almanack,芒格：哈佛中学演讲 1986,4365,12861,52,1,1,0,0,0,0,0,0,0,0,false,,f41ebcab5f8c989ae77603dce736fbf58d68cc8f2e3f8c17fb2aefec3f7a9263,97bbffe23351d679ca6d64c88d8789370ab947a0004f914fc4e6e50d4d279cef,false,false,false,false,false,munger
poor-charlies-almanack/poor-charlies-almanack-talk-seven.md,poor-charlies-almanack,芒格：慈善圆桌会议讲话 2000,6537,18808,76,1,1,0,0,0,0,0,0,0,0,false,,262f2e68cc44bcc6334e26e2f6db658bd1a51c5baead5b0378d45dc8365a83f6,84f7fa77b9ba4ac81415fbb7c998918943b9f88a9ce4ee1b4ead8c46028fc419,false,false,false,true,false,munger
poor-charlies-almanack/poor-charlies-almanack-talk-six.md,poor-charlies-almanack,芒格：财务总监联合会演讲 1998,6934,20057,80,1,1,0,0,0,0,0,0,0,0,false,,fd73a76a45821e4883224be4e43727ea2a2787d524294c5af2667597e6bd09ee,a428e65c5c6e1efc27e2492c68ee0698d878beca3fad345a773a2b4c56f73f76,false,false,false,true,false,munger
poor-charlies-almanack/poor-charlies-almanack-talk-ten.md,poor-charlies-almanack,芒格：南加大法学院演讲 2007,13091,37463,305,1,1,0,0,0,0,0,0,0,0,false,,2843bb5c3eafb4e09666ee38a657721d9171a504df4dec00eed31d4223bbd073,12d6a9514dcf6c9f14da7c4f4af7c5ff581c6318a98722f0a61ce88aedea8f96,false,false,false,false,false,munger
poor-charlies-almanack/poor-charlies-almanack-talk-three.md,poor-charlies-almanack,芒格：斯坦福法学院演讲 1996,28385,83205,416,1,1,0,0,0,0,0,0,0,0,false,,ca486e6eceb5ae221e1fdb026b8a202654443ee2a42b25a70ca73b964384700e,6b39e38688f4d73e0118b3a48760078839db1abb7a85cc329e6d8f469e04972d,false,false,false,false,false,munger
poor-charlies-almanack/poor-charlies-almanack-talk-two.md,poor-charlies-almanack,芒格：南加大商学院演讲 1994,25134,73341,366,1,1,0,0,0,0,0,0,0,0,false,,de7ad445955fbe0d32ecc5667fb0f079c5fb13ab9df3d0a720b9d7c72813fd0b,7fe6c95d69df374be9cc67dc7002c1741e0caa708f294fefb0118fb4a4a8a804,false,false,false,false,false,munger