文件ID,来源文件,标题,字符数,所属人物,内容身份,分级,分级理由,对应主题,推荐用途,主版本,替代版本,是否需要事实核验,是否存在错误归因风险,芒格模型身份层级,模型身份说明,编辑可信度
DOC-001,content/articles/buffett/巴菲特_你应该了解珠宝生意.md,巴菲特: 你应该了解珠宝生意,1791,巴菲特,专题文章中文翻译/编辑整理,B,主题相关且案例具体，适合章节案例或思想演变。,企业质量与护城河|市场、风险与错误|资本配置,案例/侧栏/延伸阅读,content/articles/buffett/巴菲特_你应该了解珠宝生意.md,无,是,中,,,高
DOC-002,content/articles/buffett/巴菲特：500_亿美元的决定.md,巴菲特：500 亿美元的决定,2113,巴菲特,专题文章中文翻译/编辑整理,B,主题相关且案例具体，适合章节案例或思想演变。,能力圈与集中投资|市场、风险与错误|长期复利与品格,案例/侧栏/延伸阅读,content/articles/buffett/巴菲特：500_亿美元的决定.md,无,是,中,,,高
DOC-003,content/articles/buffett/巴菲特：保险业的_FDIC_2001.md,巴菲特：保险业的 FDIC 2001,1731,巴菲特,专题文章中文翻译/编辑整理,B,主题相关且案例具体，适合章节案例或思想演变。,保险与浮存金|市场、风险与错误|伯克希尔制度,案例/侧栏/延伸阅读,content/articles/buffett/巴菲特：保险业的_FDIC_2001.md,无,是,中,,,高
DOC-004,content/articles/buffett/巴菲特：给保尔森的信_2008.md,巴菲特：给保尔森的信 2008,2504,巴菲特,专题文章中文翻译/编辑整理,B,主题相关且案例具体，适合章节案例或思想演变。,市场、风险与错误|伯克希尔制度|资本配置,案例/侧栏/延伸阅读,content/articles/buffett/巴菲特：给保尔森的信_2008.md,无,是,中,,,高
DOC-005,content/articles/buffett/巴菲特：给全体经理人备忘录_2001.md,巴菲特：给全体经理人备忘录 2001,761,巴菲特,专题文章中文翻译/编辑整理,A,直接承载企业、资本配置、制度或风险核心命题。,保险与浮存金|伯克希尔制度|管理层与企业文化,主书核心正文素材,content/articles/buffett/巴菲特：给全体经理人备忘录_2001.md,无,是,中,,,高
DOC-006,content/articles/buffett/巴菲特：给全体经理人备忘录_2006.md,巴菲特：给全体经理人备忘录 2006,821,巴菲特,专题文章中文翻译/编辑整理,A,直接承载企业、资本配置、制度或风险核心命题。,管理层与企业文化|伯克希尔制度|保险与浮存金,主书核心正文素材,content/articles/buffett/巴菲特：给全体经理人备忘录_2006.md,无,是,中,,,高
DOC-007,content/articles/buffett/巴菲特：给全体经理人备忘录_2010.md,巴菲特：给全体经理人备忘录 2010,1994,巴菲特,专题文章中文翻译/编辑整理,A,直接承载企业、资本配置、制度或风险核心命题。,管理层与企业文化|伯克希尔制度|资本配置,主书核心正文素材,content/articles/buffett/巴菲特：给全体经理人备忘录_2010.md,无,是,中,,,高
DOC-008,content/articles/buffett/巴菲特：给全体经理人备忘录_2014.md,巴菲特：给全体经理人备忘录 2014,1992,巴菲特,专题文章中文翻译/编辑整理,A,直接承载企业、资本配置、制度或风险核心命题。,管理层与企业文化|伯克希尔制度|资本配置,主书核心正文素材,content/articles/buffett/巴菲特：给全体经理人备忘录_2014.md,无,是,中,,,高
DOC-009,content/articles/buffett/巴菲特：股票期权与常识_2002.md,巴菲特：股票期权与常识 2002,9988,巴菲特,专题文章中文翻译/编辑整理,A,直接承载企业、资本配置、制度或风险核心命题。,市场、风险与错误|资本配置|所有者思维,主书核心正文素材,content/articles/buffett/巴菲特：股票期权与常识_2002.md,无,是,中,,,高
DOC-010,content/articles/buffett/巴菲特：股息巫术_2003.md,巴菲特：股息巫术 2003,1815,巴菲特,专题文章中文翻译/编辑整理,B,主题相关且案例具体，适合章节案例或思想演变。,资本配置|伯克希尔制度|市场、风险与错误,案例/侧栏/延伸阅读,content/articles/buffett/巴菲特：股息巫术_2003.md,无,是,中,,,高
DOC-011,content/articles/buffett/巴菲特：关于游牧者基金_2014.md,巴菲特：关于游牧者基金 2014,720,巴菲特,专题文章中文翻译/编辑整理,B,主题相关且案例具体，适合章节案例或思想演变。,长期复利与品格|伯克希尔制度|资本配置,案例/侧栏/延伸阅读,content/articles/buffett/巴菲特：关于游牧者基金_2014.md,无,是,中,,,高
DOC-012,content/articles/buffett/巴菲特：怀念恩师格雷厄姆_1976.md,巴菲特：怀念恩师格雷厄姆 1976,919,巴菲特,专题文章中文翻译/编辑整理,B,主题相关且案例具体，适合章节案例或思想演变。,能力圈与集中投资,案例/侧栏/延伸阅读,content/articles/buffett/巴菲特：怀念恩师格雷厄姆_1976.md,无,是,中,,,高
DOC-013,content/articles/buffett/巴菲特：怀念恩师格雷厄姆_2008.md,巴菲特：怀念恩师格雷厄姆 2008,6172,巴菲特,专题文章中文翻译/编辑整理,B,主题相关且案例具体，适合章节案例或思想演变。,能力圈与集中投资|市场、风险与错误|长期复利与品格,案例/侧栏/延伸阅读,content/articles/buffett/巴菲特：怀念恩师格雷厄姆_2008.md,无,是,中,,,高
DOC-014,content/articles/buffett/巴菲特：回忆进入证券行业_2005.md,巴菲特：回忆进入证券行业 2005,1481,巴菲特,专题文章中文翻译/编辑整理,B,主题相关且案例具体，适合章节案例或思想演变。,市场、风险与错误|能力圈与集中投资|内在价值与安全边际,案例/侧栏/延伸阅读,content/articles/buffett/巴菲特：回忆进入证券行业_2005.md,无,是,中,,,高
DOC-015,content/articles/buffett/巴菲特：扩大所得税抵免比提高最低工资更好.md,巴菲特：扩大所得税抵免比提高最低工资更好,1834,巴菲特,专题文章中文翻译/编辑整理,B,主题相关且案例具体，适合章节案例或思想演变。,市场、风险与错误|长期复利与品格,案例/侧栏/延伸阅读,content/articles/buffett/巴菲特：扩大所得税抵免比提高最低工资更好.md,无,是,中,,,高
DOC-016,content/articles/buffett/巴菲特：买入美国正当时_2008.md,巴菲特：买入美国正当时 2008,1718,巴菲特,专题文章中文翻译/编辑整理,A,直接承载企业、资本配置、制度或风险核心命题。,市场、风险与错误|资本配置|长期复利与品格,主书核心正文素材,content/articles/buffett/巴菲特：买入美国正当时_2008.md,无,是,中,,,高
DOC-017,content/articles/buffett/巴菲特：美国的未来_2017.md,巴菲特：美国的未来 2017,1821,巴菲特,专题文章中文翻译/编辑整理,B,主题相关且案例具体，适合章节案例或思想演变。,市场、风险与错误|长期复利与品格,案例/侧栏/延伸阅读,content/articles/buffett/巴菲特：美国的未来_2017.md,无,是,中,,,高
DOC-018,content/articles/buffett/巴菲特：美元效应_2009.md,巴菲特：美元效应 2009,1894,巴菲特,专题文章中文翻译/编辑整理,B,主题相关且案例具体，适合章节案例或思想演变。,市场、风险与错误|管理层与企业文化|资本配置,案例/侧栏/延伸阅读,content/articles/buffett/巴菲特：美元效应_2009.md,无,是,中,,,高
DOC-019,content/articles/buffett/巴菲特：模糊数学与股票期权_2004.md,巴菲特：模糊数学与股票期权 2004,1736,巴菲特,专题文章中文翻译/编辑整理,B,主题相关且案例具体，适合章节案例或思想演变。,市场、风险与错误|伯克希尔制度|内在价值与安全边际,案例/侧栏/延伸阅读,content/articles/buffett/巴菲特：模糊数学与股票期权_2004.md,无,是,中,,,高
DOC-020,content/articles/buffett/巴菲特：谁是真正的账房先生.md,巴菲特：谁是真正的账房先生,1659,巴菲特,专题文章中文翻译/编辑整理,B,主题相关且案例具体，适合章节案例或思想演变。,市场、风险与错误|管理层与企业文化|资本配置,案例/侧栏/延伸阅读,content/articles/buffett/巴菲特：谁是真正的账房先生.md,无,是,中,,,高
DOC-021,content/articles/buffett/巴菲特：收购_BNSF_铁路.md,巴菲特：收购 BNSF 铁路,17184,巴菲特,专题文章中文翻译/编辑整理,A,直接承载企业、资本配置、制度或风险核心命题。,市场、风险与错误|资本配置|长期复利与品格,主书核心正文素材,content/articles/buffett/巴菲特：收购_BNSF_铁路.md,无,是,中,,,高
DOC-022,content/articles/buffett/巴菲特：我为什么不看好美元_2003.md,巴菲特：我为什么不看好美元 2003,8123,巴菲特,专题文章中文翻译/编辑整理,B,主题相关且案例具体，适合章节案例或思想演变。,市场、风险与错误|长期复利与品格|伯克希尔制度,案例/侧栏/延伸阅读,content/articles/buffett/巴菲特：我为什么不看好美元_2003.md,无,是,中,,,高
DOC-023,content/articles/buffett/巴菲特估值逻辑.md,巴菲特估值逻辑,9181,巴菲特,专题文章中文翻译/编辑整理,D,汇编稿与原始信件或书目资料重合，作者身份也弱于原件。,内在价值与安全边际|市场、风险与错误|长期复利与品格,编辑检索参考,content/letters,无,是,中,,,高
DOC-024,content/articles/buffett/巴菲特合伙公司时代.md,巴菲特合伙公司时代,1601,巴菲特,专题文章中文翻译/编辑整理,D,汇编稿与原始信件或书目资料重合，作者身份也弱于原件。,管理层与企业文化|市场、风险与错误|能力圈与集中投资,编辑检索参考,content/partnership,无,是,中,,,高
DOC-025,content/articles/buffett/巴菲特合伙契约_1956.md,巴菲特合伙契约 1956,1568,巴菲特,专题文章中文翻译/编辑整理,D,汇编稿与原始信件或书目资料重合，作者身份也弱于原件。,管理层与企业文化|市场、风险与错误|能力圈与集中投资,编辑检索参考,content/partnership/partnership_1956-有限合伙协议.md,无,是,中,,,高
DOC-026,content/articles/buffett/巴菲特接见_Dardashti_2007.md,巴菲特接见 Dardashti 2007,2712,巴菲特,专题文章中文翻译/编辑整理,B,主题相关且案例具体，适合章节案例或思想演变。,市场、风险与错误|伯克希尔制度|资本配置,案例/侧栏/延伸阅读,content/articles/buffett/巴菲特接见_Dardashti_2007.md,无,是,中,,,高
DOC-027,content/articles/buffett/巴菲特青春时代.md,巴菲特青春时代,1943,巴菲特,专题文章中文翻译/编辑整理,B,主题相关且案例具体，适合章节案例或思想演变。,市场、风险与错误|长期复利与品格|能力圈与集中投资,案例/侧栏/延伸阅读,content/articles/buffett/巴菲特青春时代.md,无,是,中,,,高
DOC-028,content/articles/buffett/巴菲特收购_LTMC_要约_1998.md,巴菲特收购 LTMC 要约 1998,1320,巴菲特,专题文章中文翻译/编辑整理,B,主题相关且案例具体，适合章节案例或思想演变。,资本配置|市场、风险与错误|伯克希尔制度,案例/侧栏/延伸阅读,content/articles/buffett/巴菲特收购_LTMC_要约_1998.md,无,是,中,,,高
DOC-029,content/articles/buffett/巴菲特谈_GEICO1976.md,巴菲特谈 GEICO1976,2653,巴菲特,专题文章中文翻译/编辑整理,A,直接承载企业、资本配置、制度或风险核心命题。,保险与浮存金|市场、风险与错误|企业质量与护城河,主书核心正文素材,content/articles/buffett/巴菲特谈_GEICO1976.md,无,是,中,,,高
DOC-030,content/articles/buffett/巴菲特谈股市_1974.md,巴菲特谈股市 1974,3002,巴菲特,专题文章中文翻译/编辑整理,B,主题相关且案例具体，适合章节案例或思想演变。,市场、风险与错误|长期复利与品格|能力圈与集中投资,案例/侧栏/延伸阅读,content/articles/buffett/巴菲特谈股市_1974.md,无,是,中,,,高
DOC-031,content/articles/buffett/巴菲特谈股市_1979.md,巴菲特谈股市 1979,3298,巴菲特,专题文章中文翻译/编辑整理,B,主题相关且案例具体，适合章节案例或思想演变。,管理层与企业文化|市场、风险与错误|长期复利与品格,案例/侧栏/延伸阅读,content/articles/buffett/巴菲特谈股市_1979.md,无,是,中,,,高
DOC-032,content/articles/buffett/巴菲特谈股市_1999.md,巴菲特谈股市 1999,4976,巴菲特,专题文章中文翻译/编辑整理,A,直接承载企业、资本配置、制度或风险核心命题。,市场、风险与错误|长期复利与品格|伯克希尔制度,主书核心正文素材,content/articles/buffett/巴菲特谈股市_1999.md,无,是,中,,,高
DOC-033,content/articles/buffett/巴菲特谈股市_2001.md,巴菲特谈股市 2001,10793,巴菲特,专题文章中文翻译/编辑整理,B,主题相关且案例具体，适合章节案例或思想演变。,市场、风险与错误|长期复利与品格|管理层与企业文化,案例/侧栏/延伸阅读,content/articles/buffett/巴菲特谈股市_2001.md,无,是,中,,,高
DOC-034,content/articles/buffett/巴菲特谈施洛斯的信_1994.md,巴菲特谈施洛斯的信 1994,1212,巴菲特,专题文章中文翻译/编辑整理,B,主题相关且案例具体，适合章节案例或思想演变。,市场、风险与错误|能力圈与集中投资|伯克希尔制度,案例/侧栏/延伸阅读,content/articles/buffett/巴菲特谈施洛斯的信_1994.md,无,是,中,,,高
DOC-035,content/articles/buffett/巴菲特谈通货膨胀_1977.md,巴菲特谈通货膨胀 1977,16171,巴菲特,专题文章中文翻译/编辑整理,B,主题相关且案例具体，适合章节案例或思想演变。,市场、风险与错误|资本配置|长期复利与品格,案例/侧栏/延伸阅读,content/articles/buffett/巴菲特谈通货膨胀_1977.md,无,是,中,,,高
DOC-036,content/articles/buffett/巴菲特谈投资_1985.md,巴菲特谈投资 1985,3082,巴菲特,专题文章中文翻译/编辑整理,B,主题相关且案例具体，适合章节案例或思想演变。,能力圈与集中投资|市场、风险与错误|内在价值与安全边际,案例/侧栏/延伸阅读,content/articles/buffett/巴菲特谈投资_1985.md,无,是,中,,,高
DOC-037,content/articles/buffett/巴菲特谈投资_1988.md,巴菲特谈投资 1988,5053,巴菲特,专题文章中文翻译/编辑整理,A,直接承载企业、资本配置、制度或风险核心命题。,市场、风险与错误|长期复利与品格|能力圈与集中投资,主书核心正文素材,content/articles/buffett/巴菲特谈投资_1988.md,无,是,中,,,高
DOC-038,content/articles/buffett/巴菲特谈微软的信_1997.md,巴菲特谈微软的信 1997,8010,巴菲特,专题文章中文翻译/编辑整理,B,主题相关且案例具体，适合章节案例或思想演变。,市场、风险与错误|企业质量与护城河|资本配置,案例/侧栏/延伸阅读,content/articles/buffett/巴菲特谈微软的信_1997.md,无,是,中,,,高
DOC-039,content/articles/buffett/巴菲特谈喜诗糖果_1972.md,巴菲特谈喜诗糖果 1972,22860,巴菲特,专题文章中文翻译/编辑整理,A,直接承载企业、资本配置、制度或风险核心命题。,企业质量与护城河|市场、风险与错误|长期复利与品格,主书核心正文素材,content/articles/buffett/巴菲特谈喜诗糖果_1972.md,无,是,中,,,高
DOC-040,content/articles/buffett/巴菲特谈养老金问题_1975.md,巴菲特谈养老金问题 1975,13281,巴菲特,专题文章中文翻译/编辑整理,B,主题相关且案例具体，适合章节案例或思想演变。,市场、风险与错误|长期复利与品格|资本配置,案例/侧栏/延伸阅读,content/articles/buffett/巴菲特谈养老金问题_1975.md,无,是,中,,,高
DOC-041,content/articles/buffett/巴菲特谈指数期货_1982.md,巴菲特谈指数期货 1982,2746,巴菲特,专题文章中文翻译/编辑整理,B,主题相关且案例具体，适合章节案例或思想演变。,市场、风险与错误|长期复利与品格|所有者思维,案例/侧栏/延伸阅读,content/articles/buffett/巴菲特谈指数期货_1982.md,无,是,中,,,高
DOC-042,content/articles/buffett/巴菲特推荐过的书籍.md,巴菲特推荐过的书籍,49905,巴菲特,专题文章中文翻译/编辑整理,D,汇编稿与原始信件或书目资料重合，作者身份也弱于原件。,市场、风险与错误|能力圈与集中投资|长期复利与品格,编辑检索参考,content/articles/buffett/巴菲特推荐过的书籍.md,无,是,中,,,高
DOC-043,content/articles/buffett/巴菲特致所罗门股东信_1991.md,巴菲特致所罗门股东信 1991,4839,巴菲特,专题文章中文翻译/编辑整理,A,直接承载企业、资本配置、制度或风险核心命题。,管理层与企业文化|市场、风险与错误|长期复利与品格,主书核心正文素材,content/articles/buffett/巴菲特致所罗门股东信_1991.md,无,是,中,,,高
DOC-044,content/articles/buffett/伯克希尔_50_周年：过去、现在和未来.md,伯克希尔 50 周年：过去、现在和未来,22808,巴菲特,专题文章中文翻译/编辑整理,A,直接承载企业、资本配置、制度或风险核心命题。,伯克希尔制度|资本配置|市场、风险与错误,主书核心正文素材,content/articles/buffett/伯克希尔_50_周年：过去、现在和未来.md,无,是,中,,,高
DOC-045,content/articles/buffett/伯克希尔股东手册_1996.md,伯克希尔股东手册 1996,9815,巴菲特,专题文章中文翻译/编辑整理,A,直接承载企业、资本配置、制度或风险核心命题。,伯克希尔制度|资本配置|市场、风险与错误,主书核心正文素材,content/articles/buffett/伯克希尔股东手册_1996.md,无,是,中,,,高
DOC-046,content/articles/buffett/财富杂志：沃伦之思_2008.md,财富杂志：沃伦之思 2008,5135,巴菲特,专题文章中文翻译/编辑整理,B,主题相关且案例具体，适合章节案例或思想演变。,市场、风险与错误|伯克希尔制度|企业质量与护城河,案例/侧栏/延伸阅读,content/articles/buffett/财富杂志：沃伦之思_2008.md,无,是,中,,,高
DOC-047,content/articles/buffett/企业收藏家_1977.md,企业收藏家 1977,5030,巴菲特,专题文章中文翻译/编辑整理,B,主题相关且案例具体，适合章节案例或思想演变。,市场、风险与错误|资本配置|能力圈与集中投资,案例/侧栏/延伸阅读,content/articles/buffett/企业收藏家_1977.md,无,是,中,,,高
DOC-048,content/articles/buffett/我最看好的股票：人寿保险_1957.md,我最看好的股票：人寿保险 1957,1460,巴菲特,专题文章中文翻译/编辑整理,B,主题相关且案例具体，适合章节案例或思想演变。,保险与浮存金|市场、风险与错误|内在价值与安全边际,案例/侧栏/延伸阅读,content/articles/buffett/我最看好的股票：人寿保险_1957.md,无,是,中,,,高
DOC-049,content/articles/buffett/我最看好的股票：西部保险_1953.md,我最看好的股票：西部保险 1953,2354,巴菲特,专题文章中文翻译/编辑整理,B,主题相关且案例具体，适合章节案例或思想演变。,保险与浮存金|市场、风险与错误|资本配置,案例/侧栏/延伸阅读,content/articles/buffett/我最看好的股票：西部保险_1953.md,无,是,中,,,高
DOC-050,content/articles/buffett/我最看好的股票：油气资产管理公司_1957.md,我最看好的股票：油气资产管理公司 1957,2439,巴菲特,专题文章中文翻译/编辑整理,B,主题相关且案例具体，适合章节案例或思想演变。,市场、风险与错误|资本配置|长期复利与品格,案例/侧栏/延伸阅读,content/articles/buffett/我最看好的股票：油气资产管理公司_1957.md,无,是,中,,,高
DOC-051,content/articles/buffett/我最看好的股票：GEICO_保险_1951.md,我最看好的股票：GEICO 保险 1951,2466,巴菲特,专题文章中文翻译/编辑整理,A,直接承载企业、资本配置、制度或风险核心命题。,保险与浮存金|市场、风险与错误|资本配置,主书核心正文素材,content/articles/buffett/我最看好的股票：GEICO_保险_1951.md,无,是,中,,,高
DOC-052,content/articles/buffett/沃伦在担心什么_2003.md,沃伦在担心什么 2003,4754,巴菲特,专题文章中文翻译/编辑整理,B,主题相关且案例具体，适合章节案例或思想演变。,市场、风险与错误|保险与浮存金|伯克希尔制度,案例/侧栏/延伸阅读,content/articles/buffett/沃伦在担心什么_2003.md,无,是,中,,,高
DOC-053,content/articles/munger/查理芒格：伯克希尔的总设计师.md,查理芒格：伯克希尔的总设计师,859,芒格,专题文章中文翻译/编辑整理,B,人物或专题材料有结构价值，但需区分原话与编辑整理。,投资与资本配置|商业判断|学习、品格与人生,人物导读/案例,content/articles/munger/查理芒格：伯克希尔的总设计师.md,无,是,中,,,高
DOC-054,content/articles/munger/芒格：2003_年的金融大丑闻.md,芒格：2003 年的金融大丑闻,9627,芒格,专题文章中文翻译/编辑整理,D,与选定主版本正文完全重复。,商业判断|投资与资本配置|复杂系统与通用模型,不收入；仅保留版本映射,poor-charlies-almanack/poor-charlies-almanack-talk-eight.md,无,是,中,,,高
DOC-055,content/articles/other/「所有者收益」vs「自由现金流」.md,「所有者收益」vs「自由现金流」,25201,巴菲特相关,第三方文章/编辑资料,B,第三方材料能解释核心概念或案例，必须标明第三方身份。,资本配置|市场、风险与错误|所有者思维,背景说明/案例侧栏,content/articles/other/「所有者收益」vs「自由现金流」.md,无,是,中,,,高
DOC-056,content/articles/other/伯克希尔：集团企业的终极折让.md,伯克希尔：集团企业的终极折让,81518,巴菲特相关,第三方文章/编辑资料,B,第三方材料能解释核心概念或案例，必须标明第三方身份。,保险与浮存金|市场、风险与错误|伯克希尔制度,背景说明/案例侧栏,content/articles/other/伯克希尔：集团企业的终极折让.md,无,是,中,,,高
DOC-057,content/articles/other/伯克希尔哈撒韦时代.md,伯克希尔哈撒韦时代,5949,巴菲特相关,第三方文章/编辑资料,B,第三方材料能解释核心概念或案例，必须标明第三方身份。,资本配置|市场、风险与错误|伯克希尔制度,背景说明/案例侧栏,content/articles/other/伯克希尔哈撒韦时代.md,无,是,中,,,高
DOC-058,content/articles/other/伯克希尔投资历史.md,伯克希尔投资历史,41908,巴菲特相关,第三方文章/编辑资料,B,第三方材料能解释核心概念或案例，必须标明第三方身份。,市场、风险与错误|资本配置|保险与浮存金,背景说明/案例侧栏,content/articles/other/伯克希尔投资历史.md,无,是,中,,,高
DOC-059,content/articles/other/伯克希尔业务版图.md,伯克希尔业务版图,14077,巴菲特相关,第三方文章/编辑资料,B,第三方材料能解释核心概念或案例，必须标明第三方身份。,资本配置|市场、风险与错误|保险与浮存金,背景说明/案例侧栏,content/articles/other/伯克希尔业务版图.md,无,是,中,,,高
DOC-060,content/articles/other/伯克希尔与标普_500_指数.md,伯克希尔与标普 500 指数,19306,巴菲特相关,第三方文章/编辑资料,B,第三方材料能解释核心概念或案例，必须标明第三方身份。,市场、风险与错误|资本配置|伯克希尔制度,背景说明/案例侧栏,content/articles/other/伯克希尔与标普_500_指数.md,无,是,中,,,高
DOC-061,content/articles/other/财富杂志：恐龙.md,财富杂志：恐龙,10899,其他/背景人物,第三方文章/编辑资料,C,与双书主线关系间接，保留作背景或典藏。,商业判断|市场、风险与错误|投资与资本配置,背景资料/典藏层,content/articles/other/财富杂志：恐龙.md,无,是,中,,,高
DOC-062,content/articles/other/恩师格雷厄姆生平回顾.md,恩师格雷厄姆生平回顾,39122,巴菲特相关,第三方文章/编辑资料,B,第三方材料能解释核心概念或案例，必须标明第三方身份。,能力圈与集中投资|市场、风险与错误|资本配置,背景说明/案例侧栏,content/articles/other/恩师格雷厄姆生平回顾.md,无,是,中,,,高
DOC-063,content/articles/other/格雷厄姆谈股市_1976.md,格雷厄姆谈股市 1976,5970,巴菲特相关,第三方文章/编辑资料,B,第三方材料能解释核心概念或案例，必须标明第三方身份。,能力圈与集中投资|市场、风险与错误|保险与浮存金,背景说明/案例侧栏,content/articles/other/格雷厄姆谈股市_1976.md,无,是,中,,,高
DOC-064,content/articles/other/关于市场先生和人性的理解.md,关于市场先生和人性的理解,32821,巴菲特相关,第三方文章/编辑资料,C,与双书主线关系间接，保留作背景或典藏。,市场、风险与错误|内在价值与安全边际|长期复利与品格,背景资料/典藏层,content/articles/other/关于市场先生和人性的理解.md,无,是,中,,,高
DOC-065,content/articles/other/杰米·戴蒙_2008_年致股东信.md,杰米·戴蒙 2008 年致股东信,31742,其他/背景人物,第三方文章/编辑资料,C,与双书主线关系间接，保留作背景或典藏。,市场、风险与错误|商业判断|投资与资本配置,背景资料/典藏层,content/articles/other/杰米·戴蒙_2008_年致股东信.md,无,是,中,,,高
DOC-066,content/articles/other/康布斯：在普通股中寻找价值.md,康布斯：在普通股中寻找价值,46647,巴菲特相关,第三方文章/编辑资料,B,第三方材料能解释核心概念或案例，必须标明第三方身份。,市场、风险与错误|长期复利与品格|资本配置,背景说明/案例侧栏,content/articles/other/康布斯：在普通股中寻找价值.md,无,是,中,,,高
DOC-067,content/articles/other/考夫曼：Glenair_企业文化.md,考夫曼：Glenair 企业文化,26532,其他/背景人物,第三方文章/编辑资料,B,第三方材料能解释核心概念或案例，必须标明第三方身份。,复杂系统与通用模型|商业判断|激励与制度,背景说明/案例侧栏,content/articles/other/考夫曼：Glenair_企业文化.md,无,是,中,,,高
DOC-068,content/articles/other/卢米斯：回顾职业生涯_2005.md,卢米斯：回顾职业生涯 2005,8745,其他/背景人物,第三方文章/编辑资料,C,与双书主线关系间接，保留作背景或典藏。,商业判断|资本配置|长期复利与品格,背景资料/典藏层,content/articles/other/卢米斯：回顾职业生涯_2005.md,无,是,中,,,高
DOC-069,content/articles/other/卢米斯：我在财富杂志的_51_年.md,卢米斯：我在财富杂志的 51 年,23245,其他/背景人物,第三方文章/编辑资料,C,与双书主线关系间接，保留作背景或典藏。,商业判断|市场、风险与错误|投资与资本配置,背景资料/典藏层,content/articles/other/卢米斯：我在财富杂志的_51_年.md,无,是,中,,,高
DOC-070,content/articles/other/如何建立能力圈.md,如何建立能力圈,50375,巴菲特相关,第三方文章/编辑资料,B,第三方材料能解释核心概念或案例，必须标明第三方身份。,市场、风险与错误|能力圈与集中投资|保险与浮存金,背景说明/案例侧栏,content/articles/other/如何建立能力圈.md,无,是,中,,,高
DOC-071,content/articles/other/施洛斯：怀念恩师格雷厄姆_1976.md,施洛斯：怀念恩师格雷厄姆 1976,3157,巴菲特相关,第三方文章/编辑资料,B,第三方材料能解释核心概念或案例，必须标明第三方身份。,能力圈与集中投资|市场、风险与错误|保险与浮存金,背景说明/案例侧栏,content/articles/other/施洛斯：怀念恩师格雷厄姆_1976.md,无,是,中,,,高
DOC-072,content/articles/other/最资深的经理人桑迪威尔.md,最资深的经理人桑迪威尔,7667,其他/背景人物,第三方文章/编辑资料,C,与双书主线关系间接，保留作背景或典藏。,市场、风险与错误|保险与浮存金|商业判断,背景资料/典藏层,content/articles/other/最资深的经理人桑迪威尔.md,无,是,中,,,高
DOC-073,content/books/巴菲特之道-核心要点.md,巴菲特之道,518,巴菲特,图书要点/二手概括,C,二手书摘适合术语和延伸阅读，不作为人物思想直接证据。,所有者思维|内在价值与安全边际|市场、风险与错误,延伸书目/附录,content/books/巴菲特之道-核心要点.md,无,是,中,,,高
DOC-074,content/books/聪明的投资者-核心要点.md,聪明的投资者,639,其他/背景人物,图书要点/二手概括,C,二手书摘适合术语和延伸阅读，不作为人物思想直接证据。,投资与资本配置|内在价值与安全边际|市场、风险与错误,延伸书目/附录,content/books/聪明的投资者-核心要点.md,无,是,中,,,高
DOC-075,content/books/穷查理宝典-核心要点.md,穷查理宝典,790,巴菲特相关,图书要点/二手概括,C,二手书摘适合术语和延伸阅读，不作为人物思想直接证据。,长期复利与品格|能力圈与集中投资|内在价值与安全边际,延伸书目/附录,content/books/穷查理宝典-核心要点.md,无,是,中,,,高
DOC-076,content/books/投资最重要的事-核心要点.md,投资最重要的事,554,其他/背景人物,图书要点/二手概括,C,二手书摘适合术语和延伸阅读，不作为人物思想直接证据。,市场、风险与错误|投资与资本配置|逆向与决策工具,延伸书目/附录,content/books/投资最重要的事-核心要点.md,无,是,中,,,高
DOC-077,content/interviews/巴菲特：21_世纪经济领导者采访_2008.md,巴菲特：21 世纪经济领导者采访 2008,12724,巴菲特,访谈转录与中文整理,B,访谈适合补充案例、市场环境和人生主题，不宜整篇进入主书。,市场、风险与错误|长期复利与品格|资本配置,案例/侧栏/延伸阅读,content/interviews/巴菲特：21_世纪经济领导者采访_2008.md,无,抽检,低,,,高
DOC-078,content/interviews/巴菲特：查理·罗斯专访_2011.md,巴菲特：查理·罗斯专访 2011,22193,巴菲特,访谈转录与中文整理,B,访谈适合补充案例、市场环境和人生主题，不宜整篇进入主书。,市场、风险与错误|资本配置|长期复利与品格,案例/侧栏/延伸阅读,content/interviews/巴菲特：查理·罗斯专访_2011.md,无,抽检,低,,,高
DOC-079,content/interviews/巴菲特：查理罗斯专访_2007.md,巴菲特：查理罗斯专访 2007,46730,巴菲特,访谈转录与中文整理,B,访谈适合补充案例、市场环境和人生主题，不宜整篇进入主书。,市场、风险与错误|资本配置|伯克希尔制度,案例/侧栏/延伸阅读,content/interviews/巴菲特：查理罗斯专访_2007.md,无,抽检,低,,,高
DOC-080,content/interviews/巴菲特：慈善承诺倡议_2015.md,巴菲特：慈善承诺倡议 2015,30407,巴菲特,访谈转录与中文整理,B,访谈适合补充案例、市场环境和人生主题，不宜整篇进入主书。,长期复利与品格|市场、风险与错误|资本配置,案例/侧栏/延伸阅读,content/interviews/巴菲特：慈善承诺倡议_2015.md,无,抽检,低,,,高
DOC-081,content/interviews/巴菲特：对话_IVEY_商学院学生_2008.md,巴菲特：对话 IVEY 商学院学生 2008,4181,巴菲特,访谈转录与中文整理,B,访谈适合补充案例、市场环境和人生主题，不宜整篇进入主书。,市场、风险与错误|资本配置|内在价值与安全边际,案例/侧栏/延伸阅读,content/interviews/巴菲特：对话_IVEY_商学院学生_2008.md,无,抽检,低,,,高
DOC-082,content/interviews/巴菲特：对话_IVEY_商学院学生_2010.md,巴菲特：对话 IVEY 商学院学生 2010,5415,巴菲特,访谈转录与中文整理,B,访谈适合补充案例、市场环境和人生主题，不宜整篇进入主书。,资本配置|市场、风险与错误|企业质量与护城河,案例/侧栏/延伸阅读,content/interviews/巴菲特：对话_IVEY_商学院学生_2010.md,无,抽检,低,,,高
DOC-083,content/interviews/巴菲特：对话_IVEY_商学院学生_2012.md,巴菲特：对话 IVEY 商学院学生 2012,8589,巴菲特,访谈转录与中文整理,B,访谈适合补充案例、市场环境和人生主题，不宜整篇进入主书。,市场、风险与错误|长期复利与品格|企业质量与护城河,案例/侧栏/延伸阅读,content/interviews/巴菲特：对话_IVEY_商学院学生_2012.md,无,抽检,低,,,高
DOC-084,content/interviews/巴菲特：对话_IVEY_商学院学生_2014.md,巴菲特：对话 IVEY 商学院学生 2014,9596,巴菲特,访谈转录与中文整理,B,访谈适合补充案例、市场环境和人生主题，不宜整篇进入主书。,伯克希尔制度|市场、风险与错误|资本配置,案例/侧栏/延伸阅读,content/interviews/巴菲特：对话_IVEY_商学院学生_2014.md,无,抽检,低,,,高
DOC-085,content/interviews/巴菲特：对话_IVEY_商学院学生_2015.md,巴菲特：对话 IVEY 商学院学生 2015,7562,巴菲特,访谈转录与中文整理,B,访谈适合补充案例、市场环境和人生主题，不宜整篇进入主书。,市场、风险与错误|长期复利与品格|资本配置,案例/侧栏/延伸阅读,content/interviews/巴菲特：对话_IVEY_商学院学生_2015.md,无,抽检,低,,,高
DOC-086,content/interviews/巴菲特：对话奥奎尔俱乐部_2004.md,巴菲特：对话奥奎尔俱乐部 2004,19576,巴菲特,访谈转录与中文整理,B,访谈适合补充案例、市场环境和人生主题，不宜整篇进入主书。,市场、风险与错误|企业质量与护城河|伯克希尔制度,案例/侧栏/延伸阅读,content/interviews/巴菲特：对话奥奎尔俱乐部_2004.md,无,抽检,低,,,高
DOC-087,content/interviews/巴菲特：对话八所商学院学生_2011.md,巴菲特：对话八所商学院学生 2011,24327,巴菲特,访谈转录与中文整理,B,访谈适合补充案例、市场环境和人生主题，不宜整篇进入主书。,长期复利与品格|市场、风险与错误|企业质量与护城河,案例/侧栏/延伸阅读,content/interviews/巴菲特：对话八所商学院学生_2011.md,无,抽检,低,,,高
DOC-088,content/interviews/巴菲特：对话八所商学院学生_2013.md,巴菲特：对话八所商学院学生 2013,8138,巴菲特,访谈转录与中文整理,B,访谈适合补充案例、市场环境和人生主题，不宜整篇进入主书。,市场、风险与错误|企业质量与护城河|资本配置,案例/侧栏/延伸阅读,content/interviews/巴菲特：对话八所商学院学生_2013.md,无,抽检,低,,,高
DOC-089,content/interviews/巴菲特：对话八所商学院学生_2016.md,巴菲特：对话八所商学院学生 2016,4806,巴菲特,访谈转录与中文整理,B,访谈适合补充案例、市场环境和人生主题，不宜整篇进入主书。,市场、风险与错误|伯克希尔制度|保险与浮存金,案例/侧栏/延伸阅读,content/interviews/巴菲特：对话八所商学院学生_2016.md,无,抽检,低,,,高
DOC-090,content/interviews/巴菲特：对话范德比尔特大学学生_2005.md,巴菲特：对话范德比尔特大学学生 2005,6437,巴菲特,访谈转录与中文整理,B,访谈适合补充案例、市场环境和人生主题，不宜整篇进入主书。,市场、风险与错误|长期复利与品格|能力圈与集中投资,案例/侧栏/延伸阅读,content/interviews/巴菲特：对话范德比尔特大学学生_2005.md,无,抽检,低,,,高
DOC-091,content/interviews/巴菲特：对话哥大商学院学生_2009.md,巴菲特：对话哥大商学院学生,18630,巴菲特,访谈转录与中文整理,B,访谈适合补充案例、市场环境和人生主题，不宜整篇进入主书。,市场、风险与错误|长期复利与品格|资本配置,案例/侧栏/延伸阅读,content/interviews/巴菲特：对话哥大商学院学生_2009.md,无,抽检,低,,,高
DOC-092,content/interviews/巴菲特：对话堪萨斯大学学生_2005.md,巴菲特：对话堪萨斯大学学生 2005,5663,巴菲特,访谈转录与中文整理,B,访谈适合补充案例、市场环境和人生主题，不宜整篇进入主书。,市场、风险与错误|能力圈与集中投资|长期复利与品格,案例/侧栏/延伸阅读,content/interviews/巴菲特：对话堪萨斯大学学生_2005.md,无,抽检,低,,,高
DOC-093,content/interviews/巴菲特：对话六所商学院学生_2009.md,巴菲特：对话六所商学院学生 2009,7913,巴菲特,访谈转录与中文整理,B,访谈适合补充案例、市场环境和人生主题，不宜整篇进入主书。,市场、风险与错误|保险与浮存金|资本配置,案例/侧栏/延伸阅读,content/interviews/巴菲特：对话六所商学院学生_2009.md,无,抽检,低,,,高
DOC-094,content/interviews/巴菲特：对话内布拉斯加大学学生_2005.md,巴菲特：对话内布拉斯加大学学生 2005,10894,巴菲特,访谈转录与中文整理,B,访谈适合补充案例、市场环境和人生主题，不宜整篇进入主书。,市场、风险与错误|长期复利与品格|伯克希尔制度,案例/侧栏/延伸阅读,content/interviews/巴菲特：对话内布拉斯加大学学生_2005.md,无,抽检,低,,,高
DOC-095,content/interviews/巴菲特：对话内大商学院_2001.md,巴菲特：对话内大商学院 2001,4097,巴菲特,访谈转录与中文整理,B,访谈适合补充案例、市场环境和人生主题，不宜整篇进入主书。,长期复利与品格|伯克希尔制度|管理层与企业文化,案例/侧栏/延伸阅读,content/interviews/巴菲特：对话内大商学院_2001.md,无,抽检,低,,,高
DOC-096,content/interviews/巴菲特：对话瑞士洛桑国际管理学院_2008.md,巴菲特：对话瑞士洛桑国际管理学院,12925,巴菲特,访谈转录与中文整理,B,访谈适合补充案例、市场环境和人生主题，不宜整篇进入主书。,长期复利与品格|伯克希尔制度|市场、风险与错误,案例/侧栏/延伸阅读,content/interviews/巴菲特：对话瑞士洛桑国际管理学院_2008.md,无,抽检,低,,,高
DOC-097,content/interviews/巴菲特：对话商学院学生_2008.md,巴菲特：对话商学院学生 2008,7412,巴菲特,访谈转录与中文整理,B,访谈适合补充案例、市场环境和人生主题，不宜整篇进入主书。,市场、风险与错误|能力圈与集中投资|管理层与企业文化,案例/侧栏/延伸阅读,content/interviews/巴菲特：对话商学院学生_2008.md,无,抽检,低,,,高
DOC-098,content/interviews/巴菲特：对话田纳西大学学生_2003.md,巴菲特：对话田纳西大学学生 2003,6928,巴菲特,访谈转录与中文整理,B,访谈适合补充案例、市场环境和人生主题，不宜整篇进入主书。,市场、风险与错误|能力圈与集中投资|长期复利与品格,案例/侧栏/延伸阅读,content/interviews/巴菲特：对话田纳西大学学生_2003.md,无,抽检,低,,,高
DOC-099,content/interviews/巴菲特：对话沃顿商学院学生_2003.md,巴菲特：对话沃顿商学院学生 2003,7265,巴菲特,访谈转录与中文整理,B,访谈适合补充案例、市场环境和人生主题，不宜整篇进入主书。,市场、风险与错误|伯克希尔制度|长期复利与品格,案例/侧栏/延伸阅读,content/interviews/巴菲特：对话沃顿商学院学生_2003.md,无,抽检,低,,,高
DOC-100,content/interviews/巴菲特：对话沃顿商学院学生_2004.md,巴菲特：对话沃顿商学院学生 2004,10375,巴菲特,访谈转录与中文整理,B,访谈适合补充案例、市场环境和人生主题，不宜整篇进入主书。,市场、风险与错误|资本配置|保险与浮存金,案例/侧栏/延伸阅读,content/interviews/巴菲特：对话沃顿商学院学生_2004.md,无,抽检,低,,,高
DOC-101,content/interviews/巴菲特：对话佐治亚大学学生_2007.md,巴菲特：对话佐治亚大学学生 2007,17015,巴菲特,访谈转录与中文整理,B,访谈适合补充案例、市场环境和人生主题，不宜整篇进入主书。,市场、风险与错误|伯克希尔制度|资本配置,案例/侧栏/延伸阅读,content/interviews/巴菲特：对话佐治亚大学学生_2007.md,无,抽检,低,,,高
DOC-102,content/interviews/巴菲特：家族三代谈慈善_2013.md,巴菲特：家族三代谈慈善 2013,15251,巴菲特,访谈转录与中文整理,B,访谈适合补充案例、市场环境和人生主题，不宜整篇进入主书。,市场、风险与错误|长期复利与品格|管理层与企业文化,案例/侧栏/延伸阅读,content/interviews/巴菲特：家族三代谈慈善_2013.md,无,抽检,低,,,高
DOC-103,content/interviews/巴菲特：解析经济危机_2008.md,巴菲特：解析经济危机 2008,15970,巴菲特,访谈转录与中文整理,B,访谈适合补充案例、市场环境和人生主题，不宜整篇进入主书。,市场、风险与错误|伯克希尔制度|资本配置,案例/侧栏/延伸阅读,content/interviews/巴菲特：解析经济危机_2008.md,无,抽检,低,,,高
DOC-104,content/interviews/巴菲特：金融危机调查委员会专访_2010.md,巴菲特：金融危机调查委员会专访,55645,巴菲特,访谈转录与中文整理,B,访谈适合补充案例、市场环境和人生主题，不宜整篇进入主书。,市场、风险与错误|长期复利与品格|保险与浮存金,案例/侧栏/延伸阅读,content/interviews/巴菲特：金融危机调查委员会专访_2010.md,无,抽检,低,,,高
DOC-105,content/interviews/巴菲特：恐慌是会传染的，我们必须做点什么_2009.md,巴菲特：恐慌是会传染的，我们必须做点什么,43203,巴菲特,访谈转录与中文整理,B,访谈适合补充案例、市场环境和人生主题，不宜整篇进入主书。,市场、风险与错误|保险与浮存金|资本配置,案例/侧栏/延伸阅读,content/interviews/巴菲特：恐慌是会传染的，我们必须做点什么_2009.md,无,抽检,低,,,高
DOC-106,content/interviews/巴菲特：如何教孩子理财_2013.md,巴菲特：如何教孩子理财 2013,986,巴菲特,访谈转录与中文整理,B,访谈适合补充案例、市场环境和人生主题，不宜整篇进入主书。,长期复利与品格|市场、风险与错误,案例/侧栏/延伸阅读,content/interviews/巴菲特：如何教孩子理财_2013.md,无,抽检,低,,,高
DOC-107,content/interviews/巴菲特：谈可口可乐薪酬方案_2014.md,巴菲特：谈可口可乐薪酬方案,3748,巴菲特,访谈转录与中文整理,B,访谈适合补充案例、市场环境和人生主题，不宜整篇进入主书。,企业质量与护城河|市场、风险与错误|伯克希尔制度,案例/侧栏/延伸阅读,content/interviews/巴菲特：谈可口可乐薪酬方案_2014.md,无,抽检,低,,,高
DOC-108,content/interviews/巴菲特：跳着踢踏舞去上班_2012.md,巴菲特：跳着踢踏舞去上班 2012,23964,巴菲特,访谈转录与中文整理,B,访谈适合补充案例、市场环境和人生主题，不宜整篇进入主书。,市场、风险与错误|长期复利与品格|资本配置,案例/侧栏/延伸阅读,content/interviews/巴菲特：跳着踢踏舞去上班_2012.md,无,抽检,低,,,高
DOC-109,content/interviews/巴菲特：我为什么慷慨解囊_2006.md,巴菲特：我为什么慷慨解囊 2006,15073,巴菲特,访谈转录与中文整理,B,访谈适合补充案例、市场环境和人生主题，不宜整篇进入主书。,伯克希尔制度|长期复利与品格|市场、风险与错误,案例/侧栏/延伸阅读,content/interviews/巴菲特：我为什么慷慨解囊_2006.md,无,抽检,低,,,高
DOC-110,content/interviews/巴菲特：追忆唐基奥_2015.md,巴菲特：追忆唐基奥 2015,9523,巴菲特,访谈转录与中文整理,B,访谈适合补充案例、市场环境和人生主题，不宜整篇进入主书。,企业质量与护城河|市场、风险与错误|长期复利与品格,案例/侧栏/延伸阅读,content/interviews/巴菲特：追忆唐基奥_2015.md,无,抽检,低,,,高
DOC-111,content/interviews/巴菲特：CNBC_专访_2009.md,巴菲特：CNBC 专访 2009,6091,巴菲特,访谈转录与中文整理,B,访谈适合补充案例、市场环境和人生主题，不宜整篇进入主书。,市场、风险与错误|长期复利与品格|管理层与企业文化,案例/侧栏/延伸阅读,content/interviews/巴菲特：CNBC_专访_2009.md,无,抽检,低,,,高
DOC-112,content/interviews/巴菲特：CNBC_专访_2010.md,巴菲特：CNBC 专访 2010,3507,巴菲特,访谈转录与中文整理,B,访谈适合补充案例、市场环境和人生主题，不宜整篇进入主书。,市场、风险与错误|伯克希尔制度|资本配置,案例/侧栏/延伸阅读,content/interviews/巴菲特：CNBC_专访_2010.md,无,抽检,低,,,高
DOC-113,content/interviews/巴菲特：CNBC_专访_2011.md,巴菲特：CNBC 专访 2011,7305,巴菲特,访谈转录与中文整理,B,访谈适合补充案例、市场环境和人生主题，不宜整篇进入主书。,市场、风险与错误|保险与浮存金|伯克希尔制度,案例/侧栏/延伸阅读,content/interviews/巴菲特：CNBC_专访_2011.md,无,抽检,低,,,高
DOC-114,content/interviews/巴菲特：CNBC_专访_2014.md,巴菲特：CNBC 专访 2014,26949,巴菲特,访谈转录与中文整理,B,访谈适合补充案例、市场环境和人生主题，不宜整篇进入主书。,市场、风险与错误|资本配置|伯克希尔制度,案例/侧栏/延伸阅读,content/interviews/巴菲特：CNBC_专访_2014.md,无,抽检,低,,,高
DOC-115,content/interviews/巴菲特慈善捐赠专访_2006.md,巴菲特慈善捐赠专访 2006,60528,巴菲特,访谈转录与中文整理,B,访谈适合补充案例、市场环境和人生主题，不宜整篇进入主书。,市场、风险与错误|长期复利与品格|伯克希尔制度,案例/侧栏/延伸阅读,content/interviews/巴菲特慈善捐赠专访_2006.md,无,抽检,低,,,高
DOC-116,content/interviews/专访苏珊·巴菲特_2004.md,专访苏珊·巴菲特 2004,8009,巴菲特,访谈转录与中文整理,B,访谈适合补充案例、市场环境和人生主题，不宜整篇进入主书。,长期复利与品格|管理层与企业文化|伯克希尔制度,案例/侧栏/延伸阅读,content/interviews/专访苏珊·巴菲特_2004.md,无,抽检,低,,,高
DOC-117,content/letters/berkshire_1965-巴菲特致股东信.md,berkshire_1965-巴菲特致股东信,1136,巴菲特,巴菲特股东信中文翻译,C,完整年度信具有资料价值，但主书按主题抽取，全文进入典藏层。,市场、风险与错误|伯克希尔制度|资本配置,典藏层/按主题抽取,content/letters/berkshire_1965-巴菲特致股东信.md,无,否,低,,,高
DOC-118,content/letters/berkshire_1966-巴菲特致股东信.md,berkshire_1966-巴菲特致股东信,3038,巴菲特,巴菲特股东信中文翻译,C,完整年度信具有资料价值，但主书按主题抽取，全文进入典藏层。,市场、风险与错误|资本配置|伯克希尔制度,典藏层/按主题抽取,content/letters/berkshire_1966-巴菲特致股东信.md,无,否,低,,,高
DOC-119,content/letters/berkshire_1967-巴菲特致股东信.md,berkshire_1967-巴菲特致股东信,2316,巴菲特,巴菲特股东信中文翻译,C,完整年度信具有资料价值，但主书按主题抽取，全文进入典藏层。,市场、风险与错误|保险与浮存金|长期复利与品格,典藏层/按主题抽取,content/letters/berkshire_1967-巴菲特致股东信.md,无,否,低,,,高
DOC-120,content/letters/berkshire_1968-巴菲特致股东信.md,berkshire_1968-巴菲特致股东信,1319,巴菲特,巴菲特股东信中文翻译,C,完整年度信具有资料价值，但主书按主题抽取，全文进入典藏层。,保险与浮存金|资本配置|市场、风险与错误,典藏层/按主题抽取,content/letters/berkshire_1968-巴菲特致股东信.md,无,否,低,,,高
DOC-121,content/letters/berkshire_1969-巴菲特致股东信.md,berkshire_1969-巴菲特致股东信,1617,巴菲特,巴菲特股东信中文翻译,C,完整年度信具有资料价值，但主书按主题抽取，全文进入典藏层。,保险与浮存金|市场、风险与错误|资本配置,典藏层/按主题抽取,content/letters/berkshire_1969-巴菲特致股东信.md,无,否,低,,,高
DOC-122,content/letters/berkshire_1970-巴菲特致股东信.md,berkshire_1970-巴菲特致股东信,1980,巴菲特,巴菲特股东信中文翻译,C,完整年度信具有资料价值，但主书按主题抽取，全文进入典藏层。,保险与浮存金|伯克希尔制度|管理层与企业文化,典藏层/按主题抽取,content/letters/berkshire_1970-巴菲特致股东信.md,无,否,低,,,高
DOC-123,content/letters/berkshire_1971-巴菲特致股东信.md,berkshire_1971-巴菲特致股东信,3058,巴菲特,巴菲特股东信中文翻译,C,完整年度信具有资料价值，但主书按主题抽取，全文进入典藏层。,保险与浮存金|市场、风险与错误|资本配置,典藏层/按主题抽取,content/letters/berkshire_1971-巴菲特致股东信.md,无,否,低,,,高
DOC-124,content/letters/berkshire_1972-巴菲特致股东信.md,berkshire_1972-巴菲特致股东信,3606,巴菲特,巴菲特股东信中文翻译,C,完整年度信具有资料价值，但主书按主题抽取，全文进入典藏层。,保险与浮存金|市场、风险与错误|长期复利与品格,典藏层/按主题抽取,content/letters/berkshire_1972-巴菲特致股东信.md,无,否,低,,,高
DOC-125,content/letters/berkshire_1973-巴菲特致股东信.md,berkshire_1973-巴菲特致股东信,4336,巴菲特,巴菲特股东信中文翻译,C,完整年度信具有资料价值，但主书按主题抽取，全文进入典藏层。,保险与浮存金|市场、风险与错误|伯克希尔制度,典藏层/按主题抽取,content/letters/berkshire_1973-巴菲特致股东信.md,无,否,低,,,高
DOC-126,content/letters/berkshire_1974-巴菲特致股东信.md,berkshire_1974-巴菲特致股东信,4713,巴菲特,巴菲特股东信中文翻译,C,完整年度信具有资料价值，但主书按主题抽取，全文进入典藏层。,保险与浮存金|市场、风险与错误|长期复利与品格,典藏层/按主题抽取,content/letters/berkshire_1974-巴菲特致股东信.md,无,否,低,,,高
DOC-127,content/letters/berkshire_1975-巴菲特致股东信.md,berkshire_1975-巴菲特致股东信,5792,巴菲特,巴菲特股东信中文翻译,C,完整年度信具有资料价值，但主书按主题抽取，全文进入典藏层。,保险与浮存金|市场、风险与错误|资本配置,典藏层/按主题抽取,content/letters/berkshire_1975-巴菲特致股东信.md,无,否,低,,,高
DOC-128,content/letters/berkshire_1976-巴菲特致股东信.md,berkshire_1976-巴菲特致股东信,5148,巴菲特,巴菲特股东信中文翻译,C,完整年度信具有资料价值，但主书按主题抽取，全文进入典藏层。,保险与浮存金|市场、风险与错误|长期复利与品格,典藏层/按主题抽取,content/letters/berkshire_1976-巴菲特致股东信.md,无,否,低,,,高
DOC-129,content/letters/berkshire_1977-巴菲特致股东信.md,berkshire_1977-巴菲特致股东信,7737,巴菲特,巴菲特股东信中文翻译,A,包含巴菲特核心概念的成熟或转折性表达，是主书证据主干。,保险与浮存金|市场、风险与错误|资本配置,主书核心引文与案例,content/letters/berkshire_1977-巴菲特致股东信.md,无,否,低,,,高
DOC-130,content/letters/berkshire_1978-巴菲特致股东信.md,berkshire_1978-巴菲特致股东信,10717,巴菲特,巴菲特股东信中文翻译,C,完整年度信具有资料价值，但主书按主题抽取，全文进入典藏层。,保险与浮存金|市场、风险与错误|伯克希尔制度,典藏层/按主题抽取,content/letters/berkshire_1978-巴菲特致股东信.md,无,否,低,,,高
DOC-131,content/letters/berkshire_1979-巴菲特致股东信.md,berkshire_1979-巴菲特致股东信,14548,巴菲特,巴菲特股东信中文翻译,C,完整年度信具有资料价值，但主书按主题抽取，全文进入典藏层。,保险与浮存金|市场、风险与错误|伯克希尔制度,典藏层/按主题抽取,content/letters/berkshire_1979-巴菲特致股东信.md,无,否,低,,,高
DOC-132,content/letters/berkshire_1980-巴菲特致股东信.md,berkshire_1980-巴菲特致股东信,17168,巴菲特,巴菲特股东信中文翻译,C,完整年度信具有资料价值，但主书按主题抽取，全文进入典藏层。,保险与浮存金|市场、风险与错误|资本配置,典藏层/按主题抽取,content/letters/berkshire_1980-巴菲特致股东信.md,无,否,低,,,高
DOC-133,content/letters/berkshire_1981-巴菲特致股东信.md,berkshire_1981-巴菲特致股东信,14964,巴菲特,巴菲特股东信中文翻译,A,包含巴菲特核心概念的成熟或转折性表达，是主书证据主干。,保险与浮存金|市场、风险与错误|长期复利与品格,主书核心引文与案例,content/letters/berkshire_1981-巴菲特致股东信.md,无,否,低,,,高
DOC-134,content/letters/berkshire_1982-巴菲特致股东信.md,berkshire_1982-巴菲特致股东信,17585,巴菲特,巴菲特股东信中文翻译,C,完整年度信具有资料价值，但主书按主题抽取，全文进入典藏层。,保险与浮存金|市场、风险与错误|资本配置,典藏层/按主题抽取,content/letters/berkshire_1982-巴菲特致股东信.md,无,否,低,,,高
DOC-135,content/letters/berkshire_1983-巴菲特致股东信.md,berkshire_1983-巴菲特致股东信,24761,巴菲特,巴菲特股东信中文翻译,A,包含巴菲特核心概念的成熟或转折性表达，是主书证据主干。,市场、风险与错误|保险与浮存金|资本配置,主书核心引文与案例,content/letters/berkshire_1983-巴菲特致股东信.md,无,否,低,,,高
DOC-136,content/letters/berkshire_1984-巴菲特致股东信.md,berkshire_1984-巴菲特致股东信,26602,巴菲特,巴菲特股东信中文翻译,A,包含巴菲特核心概念的成熟或转折性表达，是主书证据主干。,市场、风险与错误|资本配置|保险与浮存金,主书核心引文与案例,content/letters/berkshire_1984-巴菲特致股东信.md,无,否,低,,,高
DOC-137,content/letters/berkshire_1985-巴菲特致股东信.md,berkshire_1985-巴菲特致股东信,27943,巴菲特,巴菲特股东信中文翻译,C,完整年度信具有资料价值，但主书按主题抽取，全文进入典藏层。,市场、风险与错误|保险与浮存金|资本配置,典藏层/按主题抽取,content/letters/berkshire_1985-巴菲特致股东信.md,无,否,低,,,高
DOC-138,content/letters/berkshire_1986-巴菲特致股东信.md,berkshire_1986-巴菲特致股东信,28552,巴菲特,巴菲特股东信中文翻译,C,完整年度信具有资料价值，但主书按主题抽取，全文进入典藏层。,市场、风险与错误|保险与浮存金|资本配置,典藏层/按主题抽取,content/letters/berkshire_1986-巴菲特致股东信.md,无,否,低,,,高
DOC-139,content/letters/berkshire_1987-巴菲特致股东信.md,berkshire_1987-巴菲特致股东信,26303,巴菲特,巴菲特股东信中文翻译,A,包含巴菲特核心概念的成熟或转折性表达，是主书证据主干。,市场、风险与错误|保险与浮存金|伯克希尔制度,主书核心引文与案例,content/letters/berkshire_1987-巴菲特致股东信.md,无,否,低,,,高
DOC-140,content/letters/berkshire_1988-巴菲特致股东信.md,berkshire_1988-巴菲特致股东信,24925,巴菲特,巴菲特股东信中文翻译,C,完整年度信具有资料价值，但主书按主题抽取，全文进入典藏层。,市场、风险与错误|伯克希尔制度|保险与浮存金,典藏层/按主题抽取,content/letters/berkshire_1988-巴菲特致股东信.md,无,否,低,,,高
DOC-141,content/letters/berkshire_1989-巴菲特致股东信.md,berkshire_1989-巴菲特致股东信,30654,巴菲特,巴菲特股东信中文翻译,A,包含巴菲特核心概念的成熟或转折性表达，是主书证据主干。,市场、风险与错误|保险与浮存金|伯克希尔制度,主书核心引文与案例,content/letters/berkshire_1989-巴菲特致股东信.md,无,否,低,,,高
DOC-142,content/letters/berkshire_1990-巴菲特致股东信.md,berkshire_1990-巴菲特致股东信,32944,巴菲特,巴菲特股东信中文翻译,C,完整年度信具有资料价值，但主书按主题抽取，全文进入典藏层。,市场、风险与错误|保险与浮存金|资本配置,典藏层/按主题抽取,content/letters/berkshire_1990-巴菲特致股东信.md,无,否,低,,,高
DOC-143,content/letters/berkshire_1991-巴菲特致股东信.md,berkshire_1991-巴菲特致股东信,21669,巴菲特,巴菲特股东信中文翻译,C,完整年度信具有资料价值，但主书按主题抽取，全文进入典藏层。,市场、风险与错误|伯克希尔制度|保险与浮存金,典藏层/按主题抽取,content/letters/berkshire_1991-巴菲特致股东信.md,无,否,低,,,高
DOC-144,content/letters/berkshire_1992-巴菲特致股东信.md,berkshire_1992-巴菲特致股东信,24829,巴菲特,巴菲特股东信中文翻译,A,包含巴菲特核心概念的成熟或转折性表达，是主书证据主干。,市场、风险与错误|保险与浮存金|伯克希尔制度,主书核心引文与案例,content/letters/berkshire_1992-巴菲特致股东信.md,无,否,低,,,高
DOC-145,content/letters/berkshire_1993-巴菲特致股东信.md,berkshire_1993-巴菲特致股东信,24269,巴菲特,巴菲特股东信中文翻译,C,完整年度信具有资料价值，但主书按主题抽取，全文进入典藏层。,市场、风险与错误|保险与浮存金|伯克希尔制度,典藏层/按主题抽取,content/letters/berkshire_1993-巴菲特致股东信.md,无,否,低,,,高
DOC-146,content/letters/berkshire_1994-巴菲特致股东信.md,berkshire_1994-巴菲特致股东信,22026,巴菲特,巴菲特股东信中文翻译,C,完整年度信具有资料价值，但主书按主题抽取，全文进入典藏层。,市场、风险与错误|伯克希尔制度|保险与浮存金,典藏层/按主题抽取,content/letters/berkshire_1994-巴菲特致股东信.md,无,否,低,,,高
DOC-147,content/letters/berkshire_1995-巴菲特致股东信.md,berkshire_1995-巴菲特致股东信,26743,巴菲特,巴菲特股东信中文翻译,C,完整年度信具有资料价值，但主书按主题抽取，全文进入典藏层。,保险与浮存金|市场、风险与错误|伯克希尔制度,典藏层/按主题抽取,content/letters/berkshire_1995-巴菲特致股东信.md,无,否,低,,,高
DOC-148,content/letters/berkshire_1996-巴菲特致股东信.md,berkshire_1996-巴菲特致股东信,26010,巴菲特,巴菲特股东信中文翻译,A,包含巴菲特核心概念的成熟或转折性表达，是主书证据主干。,保险与浮存金|伯克希尔制度|市场、风险与错误,主书核心引文与案例,content/letters/berkshire_1996-巴菲特致股东信.md,无,否,低,,,高
DOC-149,content/letters/berkshire_1997-巴菲特致股东信.md,berkshire_1997-巴菲特致股东信,26359,巴菲特,巴菲特股东信中文翻译,C,完整年度信具有资料价值，但主书按主题抽取，全文进入典藏层。,保险与浮存金|伯克希尔制度|市场、风险与错误,典藏层/按主题抽取,content/letters/berkshire_1997-巴菲特致股东信.md,无,否,低,,,高
DOC-150,content/letters/berkshire_1998-巴菲特致股东信.md,berkshire_1998-巴菲特致股东信,24837,巴菲特,巴菲特股东信中文翻译,C,完整年度信具有资料价值，但主书按主题抽取，全文进入典藏层。,保险与浮存金|市场、风险与错误|伯克希尔制度,典藏层/按主题抽取,content/letters/berkshire_1998-巴菲特致股东信.md,无,否,低,,,高
DOC-151,content/letters/berkshire_1999-巴菲特致股东信.md,berkshire_1999-巴菲特致股东信,26344,巴菲特,巴菲特股东信中文翻译,A,包含巴菲特核心概念的成熟或转折性表达，是主书证据主干。,保险与浮存金|伯克希尔制度|市场、风险与错误,主书核心引文与案例,content/letters/berkshire_1999-巴菲特致股东信.md,无,否,低,,,高
DOC-152,content/letters/berkshire_2000-巴菲特致股东信.md,berkshire_2000-巴菲特致股东信,29520,巴菲特,巴菲特股东信中文翻译,A,包含巴菲特核心概念的成熟或转折性表达，是主书证据主干。,保险与浮存金|伯克希尔制度|市场、风险与错误,主书核心引文与案例,content/letters/berkshire_2000-巴菲特致股东信.md,无,否,低,,,高
DOC-153,content/letters/berkshire_2001-巴菲特致股东信.md,berkshire_2001-巴菲特致股东信,28036,巴菲特,巴菲特股东信中文翻译,C,完整年度信具有资料价值，但主书按主题抽取，全文进入典藏层。,保险与浮存金|市场、风险与错误|伯克希尔制度,典藏层/按主题抽取,content/letters/berkshire_2001-巴菲特致股东信.md,无,否,低,,,高
DOC-154,content/letters/berkshire_2002-巴菲特致股东信.md,berkshire_2002-巴菲特致股东信,32174,巴菲特,巴菲特股东信中文翻译,C,完整年度信具有资料价值，但主书按主题抽取，全文进入典藏层。,市场、风险与错误|保险与浮存金|伯克希尔制度,典藏层/按主题抽取,content/letters/berkshire_2002-巴菲特致股东信.md,无,否,低,,,高
DOC-155,content/letters/berkshire_2003-巴菲特致股东信.md,berkshire_2003-巴菲特致股东信,32198,巴菲特,巴菲特股东信中文翻译,C,完整年度信具有资料价值，但主书按主题抽取，全文进入典藏层。,市场、风险与错误|伯克希尔制度|保险与浮存金,典藏层/按主题抽取,content/letters/berkshire_2003-巴菲特致股东信.md,无,否,低,,,高
DOC-156,content/letters/berkshire_2004-巴菲特致股东信.md,berkshire_2004-巴菲特致股东信,34277,巴菲特,巴菲特股东信中文翻译,C,完整年度信具有资料价值，但主书按主题抽取，全文进入典藏层。,市场、风险与错误|保险与浮存金|伯克希尔制度,典藏层/按主题抽取,content/letters/berkshire_2004-巴菲特致股东信.md,无,否,低,,,高
DOC-157,content/letters/berkshire_2005-巴菲特致股东信.md,berkshire_2005-巴菲特致股东信,28247,巴菲特,巴菲特股东信中文翻译,A,包含巴菲特核心概念的成熟或转折性表达，是主书证据主干。,市场、风险与错误|保险与浮存金|伯克希尔制度,主书核心引文与案例,content/letters/berkshire_2005-巴菲特致股东信.md,无,否,低,,,高
DOC-158,content/letters/berkshire_2006-巴菲特致股东信.md,berkshire_2006-巴菲特致股东信,23971,巴菲特,巴菲特股东信中文翻译,C,完整年度信具有资料价值，但主书按主题抽取，全文进入典藏层。,市场、风险与错误|保险与浮存金|伯克希尔制度,典藏层/按主题抽取,content/letters/berkshire_2006-巴菲特致股东信.md,无,否,低,,,高
DOC-159,content/letters/berkshire_2007-巴菲特致股东信.md,berkshire_2007-巴菲特致股东信,29019,巴菲特,巴菲特股东信中文翻译,A,包含巴菲特核心概念的成熟或转折性表达，是主书证据主干。,市场、风险与错误|保险与浮存金|伯克希尔制度,主书核心引文与案例,content/letters/berkshire_2007-巴菲特致股东信.md,无,否,低,,,高
DOC-160,content/letters/berkshire_2008-巴菲特致股东信.md,berkshire_2008-巴菲特致股东信,30297,巴菲特,巴菲特股东信中文翻译,C,完整年度信具有资料价值，但主书按主题抽取，全文进入典藏层。,市场、风险与错误|保险与浮存金|伯克希尔制度,典藏层/按主题抽取,content/letters/berkshire_2008-巴菲特致股东信.md,无,否,低,,,高
DOC-161,content/letters/berkshire_2009-巴菲特致股东信.md,berkshire_2009-巴菲特致股东信,26151,巴菲特,巴菲特股东信中文翻译,C,完整年度信具有资料价值，但主书按主题抽取，全文进入典藏层。,市场、风险与错误|伯克希尔制度|保险与浮存金,典藏层/按主题抽取,content/letters/berkshire_2009-巴菲特致股东信.md,无,否,低,,,高
DOC-162,content/letters/berkshire_2010-巴菲特致股东信.md,berkshire_2010-巴菲特致股东信,36124,巴菲特,巴菲特股东信中文翻译,C,完整年度信具有资料价值，但主书按主题抽取，全文进入典藏层。,市场、风险与错误|保险与浮存金|伯克希尔制度,典藏层/按主题抽取,content/letters/berkshire_2010-巴菲特致股东信.md,无,否,低,,,高
DOC-163,content/letters/berkshire_2011-巴菲特致股东信.md,berkshire_2011-巴菲特致股东信,31448,巴菲特,巴菲特股东信中文翻译,A,包含巴菲特核心概念的成熟或转折性表达，是主书证据主干。,市场、风险与错误|资本配置|保险与浮存金,主书核心引文与案例,content/letters/berkshire_2011-巴菲特致股东信.md,无,否,低,,,高
DOC-164,content/letters/berkshire_2012-巴菲特致股东信.md,berkshire_2012-巴菲特致股东信,31611,巴菲特,巴菲特股东信中文翻译,C,完整年度信具有资料价值，但主书按主题抽取，全文进入典藏层。,资本配置|市场、风险与错误|保险与浮存金,典藏层/按主题抽取,content/letters/berkshire_2012-巴菲特致股东信.md,无,否,低,,,高
DOC-165,content/letters/berkshire_2013-巴菲特致股东信.md,berkshire_2013-巴菲特致股东信,30400,巴菲特,巴菲特股东信中文翻译,C,完整年度信具有资料价值，但主书按主题抽取，全文进入典藏层。,保险与浮存金|市场、风险与错误|伯克希尔制度,典藏层/按主题抽取,content/letters/berkshire_2013-巴菲特致股东信.md,无,否,低,,,高
DOC-166,content/letters/berkshire_2014-巴菲特致股东信.md,berkshire_2014-巴菲特致股东信,28038,巴菲特,巴菲特股东信中文翻译,A,包含巴菲特核心概念的成熟或转折性表达，是主书证据主干。,保险与浮存金|市场、风险与错误|伯克希尔制度,主书核心引文与案例,content/letters/berkshire_2014-巴菲特致股东信.md,无,否,低,,,高
DOC-167,content/letters/berkshire_2015-巴菲特致股东信.md,berkshire_2015-巴菲特致股东信,37591,巴菲特,巴菲特股东信中文翻译,C,完整年度信具有资料价值，但主书按主题抽取，全文进入典藏层。,保险与浮存金|市场、风险与错误|伯克希尔制度,典藏层/按主题抽取,content/letters/berkshire_2015-巴菲特致股东信.md,无,否,低,,,高
DOC-168,content/letters/berkshire_2016-巴菲特致股东信.md,berkshire_2016-巴菲特致股东信,36966,巴菲特,巴菲特股东信中文翻译,A,包含巴菲特核心概念的成熟或转折性表达，是主书证据主干。,保险与浮存金|伯克希尔制度|资本配置,主书核心引文与案例,content/letters/berkshire_2016-巴菲特致股东信.md,无,否,低,,,高
DOC-169,content/letters/berkshire_2017-巴菲特致股东信.md,berkshire_2017-巴菲特致股东信,22118,巴菲特,巴菲特股东信中文翻译,C,完整年度信具有资料价值，但主书按主题抽取，全文进入典藏层。,伯克希尔制度|市场、风险与错误|资本配置,典藏层/按主题抽取,content/letters/berkshire_2017-巴菲特致股东信.md,无,否,低,,,高
DOC-170,content/letters/berkshire_2018-巴菲特致股东信.md,berkshire_2018-巴菲特致股东信,17450,巴菲特,巴菲特股东信中文翻译,C,完整年度信具有资料价值，但主书按主题抽取，全文进入典藏层。,伯克希尔制度|市场、风险与错误|保险与浮存金,典藏层/按主题抽取,content/letters/berkshire_2018-巴菲特致股东信.md,无,否,低,,,高
DOC-171,content/letters/berkshire_2019-巴菲特致股东信.md,berkshire_2019-巴菲特致股东信,17768,巴菲特,巴菲特股东信中文翻译,C,完整年度信具有资料价值，但主书按主题抽取，全文进入典藏层。,伯克希尔制度|市场、风险与错误|资本配置,典藏层/按主题抽取,content/letters/berkshire_2019-巴菲特致股东信.md,无,否,低,,,高
DOC-172,content/letters/berkshire_2020-巴菲特致股东信.md,berkshire_2020-巴菲特致股东信,17192,巴菲特,巴菲特股东信中文翻译,C,完整年度信具有资料价值，但主书按主题抽取，全文进入典藏层。,伯克希尔制度|资本配置|市场、风险与错误,典藏层/按主题抽取,content/letters/berkshire_2020-巴菲特致股东信.md,无,否,低,,,高
DOC-173,content/letters/berkshire_2021-巴菲特致股东信.md,berkshire_2021-巴菲特致股东信,11346,巴菲特,巴菲特股东信中文翻译,C,完整年度信具有资料价值，但主书按主题抽取，全文进入典藏层。,伯克希尔制度|资本配置|市场、风险与错误,典藏层/按主题抽取,content/letters/berkshire_2021-巴菲特致股东信.md,无,否,低,,,高
DOC-174,content/letters/berkshire_2022-巴菲特致股东信.md,berkshire_2022-巴菲特致股东信,9063,巴菲特,巴菲特股东信中文翻译,A,包含巴菲特核心概念的成熟或转折性表达，是主书证据主干。,伯克希尔制度|市场、风险与错误|资本配置,主书核心引文与案例,content/letters/berkshire_2022-巴菲特致股东信.md,无,否,低,,,高
DOC-175,content/letters/berkshire_2023-巴菲特致股东信.md,berkshire_2023-巴菲特致股东信,13986,巴菲特,巴菲特股东信中文翻译,A,包含巴菲特核心概念的成熟或转折性表达，是主书证据主干。,伯克希尔制度|资本配置|市场、风险与错误,主书核心引文与案例,content/letters/berkshire_2023-巴菲特致股东信.md,无,否,低,,,高
DOC-176,content/letters/berkshire_2024-巴菲特致股东信.md,berkshire_2024-巴菲特致股东信,13009,巴菲特,巴菲特股东信中文翻译,A,包含巴菲特核心概念的成熟或转折性表达，是主书证据主干。,伯克希尔制度|市场、风险与错误|保险与浮存金,主书核心引文与案例,content/letters/berkshire_2024-巴菲特致股东信.md,无,否,低,,,高
DOC-177,content/letters/berkshire_2025-巴菲特致股东信.md,berkshire_2025-巴菲特致股东信,7793,巴菲特,巴菲特股东信中文翻译,C,完整年度信具有资料价值，但主书按主题抽取，全文进入典藏层。,伯克希尔制度|长期复利与品格|市场、风险与错误,典藏层/按主题抽取,content/letters/berkshire_2025-巴菲特致股东信.md,无,否,低,,,高
DOC-178,content/models/accounting-as-language-its-limits.md,会计作为商业语言及其局限,7148,芒格,通用模型与编辑扩展,B,主题与芒格核心体系直接相关，但稿件身份是模型扩展，需与原始表达分栏。,投资与资本配置|商业判断|激励与制度,机制解释/侧栏/图表素材,content/models/accounting-as-language-its-limits.md,无,是,中,1,芒格在内部原始演讲、问答或访谈中明确提出或反复使用；不等于相关学科概念由芒格原创。,高
DOC-179,content/models/action-reaction.md,作用力与反作用力,6065,芒格,通用模型与编辑扩展,D,现有内部材料缺少芒格直接使用证据，且对主线贡献有限。,复杂系统与通用模型|商业判断|激励与制度,通用模型典藏/不进入主书,content/models/action-reaction.md,无,是,高,4,通用学科模型；现有内部材料尚未建立芒格直接使用证据。,中
DOC-180,content/models/adaptation-path-dependence.md,适应性与路径依赖,7013,芒格,通用模型与编辑扩展,D,现有内部材料缺少芒格直接使用证据，且对主线贡献有限。,复杂系统与通用模型|商业判断|知识格栅与多元模型,通用模型典藏/不进入主书,content/models/adaptation-path-dependence.md,无,是,高,4,通用学科模型；现有内部材料尚未建立芒格直接使用证据。,中
DOC-181,content/models/adaptation.md,适应性,7407,芒格,通用模型与编辑扩展,D,现有内部材料缺少芒格直接使用证据，且对主线贡献有限。,商业判断|复杂系统与通用模型|投资与资本配置,通用模型典藏/不进入主书,content/models/adaptation.md,无,是,高,4,通用学科模型；现有内部材料尚未建立芒格直接使用证据。,中
DOC-182,content/models/adaptive-radiation.md,适应性辐射,5060,芒格,通用模型与编辑扩展,D,现有内部材料缺少芒格直接使用证据，且对主线贡献有限。,商业判断|复杂系统与通用模型|知识格栅与多元模型,通用模型典藏/不进入主书,content/models/adaptive-radiation.md,无,是,高,4,通用学科模型；现有内部材料尚未建立芒格直接使用证据。,中
DOC-183,content/models/adversarial-system.md,对抗制与辩证过程,8293,芒格,通用模型与编辑扩展,D,现有内部材料缺少芒格直接使用证据，且对主线贡献有限。,投资与资本配置|人类误判心理学|激励与制度,通用模型典藏/不进入主书,content/models/adversarial-system.md,无,是,高,4,通用学科模型；现有内部材料尚未建立芒格直接使用证据。,中
DOC-184,content/models/adverse-selection.md,逆向选择,8095,芒格,通用模型与编辑扩展,C,与芒格体系兼容但属于后人扩展，主书只在必要处少量使用。,逆向与决策工具|商业判断|投资与资本配置,附录模型库/延伸阅读,content/models/adverse-selection.md,无,是,高,3,后人扩展但与芒格体系兼容；使用时必须标注为编辑扩展。,中
DOC-185,content/models/agency-costs.md,代理成本,7558,芒格,通用模型与编辑扩展,C,与芒格体系兼容但属于后人扩展，主书只在必要处少量使用。,激励与制度|商业判断|投资与资本配置,附录模型库/延伸阅读,content/models/agency-costs.md,无,是,高,3,后人扩展但与芒格体系兼容；使用时必须标注为编辑扩展。,中
DOC-186,content/models/anchoring-bias.md,锚定偏差,7146,芒格,通用模型与编辑扩展,C,与芒格体系兼容但属于后人扩展，主书只在必要处少量使用。,人类误判心理学|投资与资本配置|理性训练与避免愚蠢,附录模型库/延伸阅读,content/models/anchoring-bias.md,无,是,高,3,后人扩展但与芒格体系兼容；使用时必须标注为编辑扩展。,中
DOC-187,content/models/antifragile-design.md,反脆弱设计,6837,芒格,通用模型与编辑扩展,D,现有内部材料缺少芒格直接使用证据，且对主线贡献有限。,复杂系统与通用模型|投资与资本配置|商业判断,通用模型典藏/不进入主书,content/models/antifragile-design.md,无,是,高,4,通用学科模型；现有内部材料尚未建立芒格直接使用证据。,中
DOC-188,content/models/arithmetic-expected-value.md,算术期望值,5967,芒格,通用模型与编辑扩展,C,与芒格体系兼容但属于后人扩展，主书只在必要处少量使用。,概率与数量思维|投资与资本配置|学习、品格与人生,附录模型库/延伸阅读,content/models/arithmetic-expected-value.md,无,是,高,3,后人扩展但与芒格体系兼容；使用时必须标注为编辑扩展。,中
DOC-189,content/models/asymmetric-information.md,信息不对称,6837,芒格,通用模型与编辑扩展,C,与芒格体系兼容但属于后人扩展，主书只在必要处少量使用。,投资与资本配置|商业判断|逆向与决策工具,附录模型库/延伸阅读,content/models/asymmetric-information.md,无,是,高,3,后人扩展但与芒格体系兼容；使用时必须标注为编辑扩展。,中
DOC-190,content/models/asymmetry-convexity.md,不对称性与凸性,6480,芒格,通用模型与编辑扩展,C,与芒格体系兼容但属于后人扩展，主书只在必要处少量使用。,投资与资本配置|商业判断|概率与数量思维,附录模型库/延伸阅读,content/models/asymmetry-convexity.md,无,是,高,3,后人扩展但与芒格体系兼容；使用时必须标注为编辑扩展。,中
DOC-191,content/models/audit-independent-verification.md,审计与独立验证,8343,芒格,通用模型与编辑扩展,C,与芒格体系兼容但属于后人扩展，主书只在必要处少量使用。,激励与制度|商业判断|理性训练与避免愚蠢,附录模型库/延伸阅读,content/models/audit-independent-verification.md,无,是,高,3,后人扩展但与芒格体系兼容；使用时必须标注为编辑扩展。,中
DOC-192,content/models/authority-misinfluence-tendency.md,权威错误影响倾向,8701,芒格,通用模型与编辑扩展,C,与芒格体系兼容但属于后人扩展，主书只在必要处少量使用。,人类误判心理学|理性训练与避免愚蠢|复杂系统与通用模型,附录模型库/延伸阅读,content/models/authority-misinfluence-tendency.md,无,是,高,3,后人扩展但与芒格体系兼容；使用时必须标注为编辑扩展。,中
DOC-193,content/models/autocatalysis.md,自我催化模型,6527,芒格,通用模型与编辑扩展,D,现有内部材料缺少芒格直接使用证据，且对主线贡献有限。,商业判断|复杂系统与通用模型|知识格栅与多元模型,通用模型典藏/不进入主书,content/models/autocatalysis.md,无,是,高,4,通用学科模型；现有内部材料尚未建立芒格直接使用证据。,中
DOC-194,content/models/automation-checklists.md,自动化与检查清单,6721,芒格,通用模型与编辑扩展,D,现有内部材料缺少芒格直接使用证据，且对主线贡献有限。,逆向与决策工具|复杂系统与通用模型|人类误判心理学,通用模型典藏/不进入主书,content/models/automation-checklists.md,无,是,高,4,通用学科模型；现有内部材料尚未建立芒格直接使用证据。,中
DOC-195,content/models/availability-misweighing-tendency.md,错误衡量易得性倾向,7306,芒格,通用模型与编辑扩展,C,与芒格体系兼容但属于后人扩展，主书只在必要处少量使用。,人类误判心理学|复杂系统与通用模型|概率与数量思维,附录模型库/延伸阅读,content/models/availability-misweighing-tendency.md,无,是,高,3,后人扩展但与芒格体系兼容；使用时必须标注为编辑扩展。,中
DOC-196,content/models/avoiding-ideology.md,避免意识形态偏见,8967,芒格,通用模型与编辑扩展,B,可从芒格原则直接推导，适合作为编者解释，不标为芒格原创。,理性训练与避免愚蠢|投资与资本配置|人类误判心理学,编者解释/检查清单,content/models/avoiding-ideology.md,无,是,中,2,可从芒格反复使用的原则直接推导；当前模型名称或流程含编辑归纳。,高
DOC-197,content/models/avoiding-stupidity-over-seeking-brilliance.md,避蠢优于求智,6729,芒格,通用模型与编辑扩展,B,主题与芒格核心体系直接相关，但稿件身份是模型扩展，需与原始表达分栏。,投资与资本配置|理性训练与避免愚蠢|人类误判心理学,机制解释/侧栏/图表素材,content/models/avoiding-stupidity-over-seeking-brilliance.md,无,是,中,1,芒格在内部原始演讲、问答或访谈中明确提出或反复使用；不等于相关学科概念由芒格原创。,高
DOC-198,content/models/basic-arithmetic-order-of-magnitude-estimation.md,基本算术与数量级估算,6272,芒格,通用模型与编辑扩展,B,主题与芒格核心体系直接相关，但稿件身份是模型扩展，需与原始表达分栏。,概率与数量思维|商业判断|投资与资本配置,机制解释/侧栏/图表素材,content/models/basic-arithmetic-order-of-magnitude-estimation.md,无,是,中,1,芒格在内部原始演讲、问答或访谈中明确提出或反复使用；不等于相关学科概念由芒格原创。,高
DOC-199,content/models/basic-game-theory.md,博弈论基础,6712,芒格,通用模型与编辑扩展,C,与芒格体系兼容但属于后人扩展，主书只在必要处少量使用。,商业判断|学习、品格与人生|理性训练与避免愚蠢,附录模型库/延伸阅读,content/models/basic-game-theory.md,无,是,高,3,后人扩展但与芒格体系兼容；使用时必须标注为编辑扩展。,中
DOC-200,content/models/basics-of-contract-law.md,合同法基本原则,6331,芒格,通用模型与编辑扩展,D,现有内部材料缺少芒格直接使用证据，且对主线贡献有限。,商业判断|激励与制度|知识格栅与多元模型,通用模型典藏/不进入主书,content/models/basics-of-contract-law.md,无,是,高,4,通用学科模型；现有内部材料尚未建立芒格直接使用证据。,中
DOC-201,content/models/bayes-theorem.md,贝叶斯定理,6512,芒格,通用模型与编辑扩展,D,现有内部材料缺少芒格直接使用证据，且对主线贡献有限。,概率与数量思维|商业判断|投资与资本配置,通用模型典藏/不进入主书,content/models/bayes-theorem.md,无,是,高,4,通用学科模型；现有内部材料尚未建立芒格直接使用证据。,中
DOC-202,content/models/bayesian-updating.md,贝叶斯更新,7337,芒格,通用模型与编辑扩展,C,与芒格体系兼容但属于后人扩展，主书只在必要处少量使用。,概率与数量思维|商业判断|人类误判心理学,附录模型库/延伸阅读,content/models/bayesian-updating.md,无,是,高,3,后人扩展但与芒格体系兼容；使用时必须标注为编辑扩展。,中
DOC-203,content/models/bet-seldom-bet-big.md,少下注下大注,7929,芒格,通用模型与编辑扩展,B,主题与芒格核心体系直接相关，但稿件身份是模型扩展，需与原始表达分栏。,投资与资本配置|人类误判心理学|商业判断,机制解释/侧栏/图表素材,content/models/bet-seldom-bet-big.md,无,是,中,1,芒格在内部原始演讲、问答或访谈中明确提出或反复使用；不等于相关学科概念由芒格原创。,高
DOC-204,content/models/biological-redundancy.md,生物冗余设计,5625,芒格,通用模型与编辑扩展,D,现有内部材料缺少芒格直接使用证据，且对主线贡献有限。,复杂系统与通用模型|投资与资本配置|商业判断,通用模型典藏/不进入主书,content/models/biological-redundancy.md,无,是,高,4,通用学科模型；现有内部材料尚未建立芒格直接使用证据。,中
DOC-205,content/models/bottleneck-effect-founder-effect.md,瓶颈效应与创始人效应,5580,芒格,通用模型与编辑扩展,C,与芒格体系兼容但属于后人扩展，主书只在必要处少量使用。,商业判断|复杂系统与通用模型|概率与数量思维,附录模型库/延伸阅读,content/models/bottleneck-effect-founder-effect.md,无,是,高,3,后人扩展但与芒格体系兼容；使用时必须标注为编辑扩展。,中
DOC-206,content/models/brand-power.md,品牌认同,7589,芒格,通用模型与编辑扩展,B,可从芒格原则直接推导，适合作为编者解释，不标为芒格原创。,商业判断|人类误判心理学|复杂系统与通用模型,编者解释/检查清单,content/models/brand-power.md,无,是,中,2,可从芒格反复使用的原则直接推导；当前模型名称或流程含编辑归纳。,高
DOC-207,content/models/breakpoints.md,断裂点,7007,芒格,通用模型与编辑扩展,C,与芒格体系兼容但属于后人扩展，主书只在必要处少量使用。,复杂系统与通用模型|商业判断|投资与资本配置,附录模型库/延伸阅读,content/models/breakpoints.md,无,是,高,3,后人扩展但与芒格体系兼容；使用时必须标注为编辑扩展。,中
DOC-208,content/models/burden-of-proof.md,举证责任与证据标准,8084,芒格,通用模型与编辑扩展,B,可从芒格原则直接推导，适合作为编者解释，不标为芒格原创。,投资与资本配置|人类误判心理学|商业判断,编者解释/检查清单,content/models/burden-of-proof.md,无,是,中,2,可从芒格反复使用的原则直接推导；当前模型名称或流程含编辑归纳。,高
DOC-209,content/models/cash-flow-vs-earnings.md,现金流量vs利润,8379,芒格,通用模型与编辑扩展,B,主题与芒格核心体系直接相关，但稿件身份是模型扩展，需与原始表达分栏。,投资与资本配置|商业判断|激励与制度,机制解释/侧栏/图表素材,content/models/cash-flow-vs-earnings.md,无,是,中,1,芒格在内部原始演讲、问答或访谈中明确提出或反复使用；不等于相关学科概念由芒格原创。,高
DOC-210,content/models/catalysts.md,催化剂,6253,芒格,通用模型与编辑扩展,C,与芒格体系兼容但属于后人扩展，主书只在必要处少量使用。,商业判断|激励与制度|知识格栅与多元模型,附录模型库/延伸阅读,content/models/catalysts.md,无,是,高,3,后人扩展但与芒格体系兼容；使用时必须标注为编辑扩展。,中
DOC-211,content/models/checklist-method.md,检查清单方法,7312,芒格,通用模型与编辑扩展,B,主题与芒格核心体系直接相关，但稿件身份是模型扩展，需与原始表达分栏。,人类误判心理学|逆向与决策工具|投资与资本配置,机制解释/侧栏/图表素材,content/models/checklist-method.md,无,是,中,1,芒格在内部原始演讲、问答或访谈中明确提出或反复使用；不等于相关学科概念由芒格原创。,高
DOC-212,content/models/circle-of-competence-management-level.md,能力圈（管理层面）,4966,芒格,通用模型与编辑扩展,B,主题与芒格核心体系直接相关，但稿件身份是模型扩展，需与原始表达分栏。,逆向与决策工具|商业判断|投资与资本配置,机制解释/侧栏/图表素材,content/models/circle-of-competence-management-level.md,无,是,中,1,芒格在内部原始演讲、问答或访谈中明确提出或反复使用；不等于相关学科概念由芒格原创。,高
DOC-213,content/models/circle-of-competence-metacognitive-level.md,能力圈（元认知层面）,6053,芒格,通用模型与编辑扩展,B,主题与芒格核心体系直接相关，但稿件身份是模型扩展，需与原始表达分栏。,逆向与决策工具|投资与资本配置|人类误判心理学,机制解释/侧栏/图表素材,content/models/circle-of-competence-metacognitive-level.md,无,是,中,1,芒格在内部原始演讲、问答或访谈中明确提出或反复使用；不等于相关学科概念由芒格原创。,高
DOC-214,content/models/circle-of-competence.md,能力圈,11471,芒格,通用模型与编辑扩展,B,主题与芒格核心体系直接相关，但稿件身份是模型扩展，需与原始表达分栏。,逆向与决策工具|商业判断|投资与资本配置,机制解释/侧栏/图表素材,content/munger-archive/mental-models/circle-of-competence.md,无,是,中,1,芒格在内部原始演讲、问答或访谈中明确提出或反复使用；不等于相关学科概念由芒格原创。,高
DOC-215,content/models/co-evolution.md,协同进化,7138,芒格,通用模型与编辑扩展,D,现有内部材料缺少芒格直接使用证据，且对主线贡献有限。,复杂系统与通用模型|商业判断|激励与制度,通用模型典藏/不进入主书,content/models/co-evolution.md,无,是,高,4,通用学科模型；现有内部材料尚未建立芒格直接使用证据。,中
DOC-216,content/models/comparative-advantage.md,比较优势,6339,芒格,通用模型与编辑扩展,C,与芒格体系兼容但属于后人扩展，主书只在必要处少量使用。,逆向与决策工具|投资与资本配置|知识格栅与多元模型,附录模型库/延伸阅读,content/models/comparative-advantage.md,无,是,高,3,后人扩展但与芒格体系兼容；使用时必须标注为编辑扩展。,中
DOC-217,content/models/competitive-destruction.md,竞争性毁灭,7233,芒格,通用模型与编辑扩展,C,与芒格体系兼容但属于后人扩展，主书只在必要处少量使用。,商业判断|人类误判心理学|激励与制度,附录模型库/延伸阅读,content/models/competitive-destruction.md,无,是,高,3,后人扩展但与芒格体系兼容；使用时必须标注为编辑扩展。,中
DOC-218,content/models/complex-adaptive-systems.md,复杂适应系统,8057,芒格,通用模型与编辑扩展,D,现有内部材料缺少芒格直接使用证据，且对主线贡献有限。,复杂系统与通用模型|知识格栅与多元模型|投资与资本配置,通用模型典藏/不进入主书,content/models/complex-adaptive-systems.md,无,是,高,4,通用学科模型；现有内部材料尚未建立芒格直接使用证据。,中
DOC-219,content/models/complex-systems.md,复杂系统,9219,芒格,通用模型与编辑扩展,D,现有内部材料缺少芒格直接使用证据，且对主线贡献有限。,复杂系统与通用模型|知识格栅与多元模型|商业判断,通用模型典藏/不进入主书,content/models/complex-systems.md,无,是,高,4,通用学科模型；现有内部材料尚未建立芒格直接使用证据。,中
DOC-220,content/models/compound-interest.md,复利效应,6159,芒格,通用模型与编辑扩展,B,主题与芒格核心体系直接相关，但稿件身份是模型扩展，需与原始表达分栏。,概率与数量思维|投资与资本配置|商业判断,机制解释/侧栏/图表素材,content/models/compound-interest.md,无,是,中,1,芒格在内部原始演讲、问答或访谈中明确提出或反复使用；不等于相关学科概念由芒格原创。,高
DOC-221,content/models/concentration-less-is-more.md,集中持仓,6870,芒格,通用模型与编辑扩展,B,主题与芒格核心体系直接相关，但稿件身份是模型扩展，需与原始表达分栏。,投资与资本配置|商业判断|逆向与决策工具,机制解释/侧栏/图表素材,content/models/concentration-less-is-more.md,无,是,中,1,芒格在内部原始演讲、问答或访谈中明确提出或反复使用；不等于相关学科概念由芒格原创。,高
DOC-222,content/models/conditional-probability-base-rates.md,条件概率与基础比率,9070,芒格,通用模型与编辑扩展,D,现有内部材料缺少芒格直接使用证据，且对主线贡献有限。,概率与数量思维|投资与资本配置|商业判断,通用模型典藏/不进入主书,content/models/conditional-probability-base-rates.md,无,是,高,4,通用学科模型；现有内部材料尚未建立芒格直接使用证据。,中
DOC-223,content/models/confidence-calibration.md,置信度校准,6700,芒格,通用模型与编辑扩展,C,与芒格体系兼容但属于后人扩展，主书只在必要处少量使用。,概率与数量思维|投资与资本配置|复杂系统与通用模型,附录模型库/延伸阅读,content/models/confidence-calibration.md,无,是,高,3,后人扩展但与芒格体系兼容；使用时必须标注为编辑扩展。,中
DOC-224,content/models/consequentialism-vs-deontology.md,后果主义vs义务论,5648,芒格,通用模型与编辑扩展,D,现有内部材料缺少芒格直接使用证据，且对主线贡献有限。,激励与制度|学习、品格与人生|逆向与决策工具,通用模型典藏/不进入主书,content/models/consequentialism-vs-deontology.md,无,是,高,4,通用学科模型；现有内部材料尚未建立芒格直接使用证据。,中
DOC-225,content/models/conservation-of-energy.md,能量守恒,7309,芒格,通用模型与编辑扩展,D,现有内部材料缺少芒格直接使用证据，且对主线贡献有限。,复杂系统与通用模型|投资与资本配置|商业判断,通用模型典藏/不进入主书,content/models/conservation-of-energy.md,无,是,高,4,通用学科模型；现有内部材料尚未建立芒格直接使用证据。,中
DOC-226,content/models/contrast-misreaction-tendency.md,对比错误反应倾向,8483,芒格,通用模型与编辑扩展,B,主题与芒格核心体系直接相关，但稿件身份是模型扩展，需与原始表达分栏。,人类误判心理学|复杂系统与通用模型|商业判断,机制解释/侧栏/图表素材,content/models/contrast-misreaction-tendency.md,无,是,中,1,芒格在内部原始演讲、问答或访谈中明确提出或反复使用；不等于相关学科概念由芒格原创。,高
DOC-227,content/models/convergent-evolution.md,趋同进化,5529,芒格,通用模型与编辑扩展,D,现有内部材料缺少芒格直接使用证据，且对主线贡献有限。,复杂系统与通用模型|商业判断|理性训练与避免愚蠢,通用模型典藏/不进入主书,content/models/convergent-evolution.md,无,是,高,4,通用学科模型；现有内部材料尚未建立芒格直接使用证据。,中
DOC-228,content/models/corporate-culture-as-asset.md,企业文化作为资产,7144,芒格,通用模型与编辑扩展,B,可从芒格原则直接推导，适合作为编者解释，不标为芒格原创。,商业判断|激励与制度|复杂系统与通用模型,编者解释/检查清单,content/models/corporate-culture-as-asset.md,无,是,中,2,可从芒格反复使用的原则直接推导；当前模型名称或流程含编辑归纳。,高
DOC-229,content/models/correlation-is-not-causation.md,相关不等于因果,9282,芒格,通用模型与编辑扩展,C,与芒格体系兼容但属于后人扩展，主书只在必要处少量使用。,商业判断|概率与数量思维|人类误判心理学,附录模型库/延伸阅读,content/models/correlation-is-not-causation.md,无,是,高,3,后人扩展但与芒格体系兼容；使用时必须标注为编辑扩展。,中
DOC-230,content/models/critical-mass-phase-transitions-in-systems.md,临界质量与相变,7385,芒格,通用模型与编辑扩展,D,现有内部材料缺少芒格直接使用证据，且对主线贡献有限。,复杂系统与通用模型|商业判断|激励与制度,通用模型典藏/不进入主书,content/models/critical-mass-phase-transitions-in-systems.md,无,是,高,4,通用学科模型；现有内部材料尚未建立芒格直接使用证据。,中
DOC-231,content/models/critical-mass.md,临界质量,6136,芒格,通用模型与编辑扩展,C,与芒格体系兼容但属于后人扩展，主书只在必要处少量使用。,复杂系统与通用模型|商业判断|知识格栅与多元模型,附录模型库/延伸阅读,content/models/critical-mass.md,无,是,高,3,后人扩展但与芒格体系兼容；使用时必须标注为编辑扩展。,中
DOC-232,content/models/curiosity-tendency.md,好奇心倾向,636,芒格,通用模型与编辑扩展,B,主题与芒格核心体系直接相关，但稿件身份是模型扩展，需与原始表达分栏。,人类误判心理学|知识格栅与多元模型|学习、品格与人生,机制解释/侧栏/图表素材,content/models/curiosity-tendency.md,无,是,中,1,芒格在内部原始演讲、问答或访谈中明确提出或反复使用；不等于相关学科概念由芒格原创。,高
DOC-233,content/models/darwinian-objectivity.md,达尔文式客观态度,7216,芒格,通用模型与编辑扩展,B,可从芒格原则直接推导，适合作为编者解释，不标为芒格原创。,理性训练与避免愚蠢|人类误判心理学|复杂系统与通用模型,编者解释/检查清单,content/models/darwinian-objectivity.md,无,是,中,2,可从芒格反复使用的原则直接推导；当前模型名称或流程含编辑归纳。,高
DOC-234,content/models/decision-tree-theory.md,决策树理论,7005,芒格,通用模型与编辑扩展,C,与芒格体系兼容但属于后人扩展，主书只在必要处少量使用。,概率与数量思维|逆向与决策工具|投资与资本配置,附录模型库/延伸阅读,content/models/decision-tree-theory.md,无,是,高,3,后人扩展但与芒格体系兼容；使用时必须标注为编辑扩展。,中
DOC-235,content/models/deferred-revenue-revenue-recognition.md,递延收入与收入确认,7516,芒格,通用模型与编辑扩展,D,现有内部材料缺少芒格直接使用证据，且对主线贡献有限。,商业判断|投资与资本配置|复杂系统与通用模型,通用模型典藏/不进入主书,content/models/deferred-revenue-revenue-recognition.md,无,是,高,4,通用学科模型；现有内部材料尚未建立芒格直接使用证据。,中
DOC-236,content/models/delay-effects.md,延迟效应,6866,芒格,通用模型与编辑扩展,C,与芒格体系兼容但属于后人扩展，主书只在必要处少量使用。,商业判断|投资与资本配置|复杂系统与通用模型,附录模型库/延伸阅读,content/models/delay-effects.md,无,是,高,3,后人扩展但与芒格体系兼容；使用时必须标注为编辑扩展。,中
DOC-237,content/models/depreciation-amortization.md,折旧与摊销,6437,芒格,通用模型与编辑扩展,C,与芒格体系兼容但属于后人扩展，主书只在必要处少量使用。,商业判断|投资与资本配置|学习、品格与人生,附录模型库/延伸阅读,content/models/depreciation-amortization.md,无,是,高,3,后人扩展但与芒格体系兼容；使用时必须标注为编辑扩展。,中
DOC-238,content/models/deprival-superreaction-tendency.md,被剥夺超级反应倾向,9041,芒格,通用模型与编辑扩展,B,主题与芒格核心体系直接相关，但稿件身份是模型扩展，需与原始表达分栏。,人类误判心理学|理性训练与避免愚蠢|商业判断,机制解释/侧栏/图表素材,content/models/deprival-superreaction-tendency.md,无,是,中,1,芒格在内部原始演讲、问答或访谈中明确提出或反复使用；不等于相关学科概念由芒格原创。,高
DOC-239,content/models/design-for-maintainability.md,可维护性设计,5830,芒格,通用模型与编辑扩展,D,现有内部材料缺少芒格直接使用证据，且对主线贡献有限。,商业判断|复杂系统与通用模型|投资与资本配置,通用模型典藏/不进入主书,content/models/design-for-maintainability.md,无,是,高,4,通用学科模型；现有内部材料尚未建立芒格直接使用证据。,中
DOC-240,content/models/discounted-cash-flow.md,现金流贴现法,7226,芒格,通用模型与编辑扩展,B,可从芒格原则直接推导，适合作为编者解释，不标为芒格原创。,投资与资本配置|商业判断|知识格栅与多元模型,编者解释/检查清单,content/models/discounted-cash-flow.md,无,是,中,2,可从芒格反复使用的原则直接推导；当前模型名称或流程含编辑归纳。,高
DOC-241,content/models/disliking-hating-tendency.md,讨厌与憎恨倾向,7542,芒格,通用模型与编辑扩展,B,主题与芒格核心体系直接相关，但稿件身份是模型扩展，需与原始表达分栏。,人类误判心理学|商业判断|投资与资本配置,机制解释/侧栏/图表素材,content/models/disliking-hating-tendency.md,无,是,中,1,芒格在内部原始演讲、问答或访谈中明确提出或反复使用；不等于相关学科概念由芒格原创。,高
DOC-242,content/models/disruptive-innovation.md,破坏性创新,7584,芒格,通用模型与编辑扩展,D,现有内部材料缺少芒格直接使用证据，且对主线贡献有限。,商业判断|理性训练与避免愚蠢|激励与制度,通用模型典藏/不进入主书,content/models/disruptive-innovation.md,无,是,高,4,通用学科模型；现有内部材料尚未建立芒格直接使用证据。,中
DOC-243,content/models/double-entry-bookkeeping.md,复式记账法,6629,芒格,通用模型与编辑扩展,C,与芒格体系兼容但属于后人扩展，主书只在必要处少量使用。,商业判断|投资与资本配置|复杂系统与通用模型,附录模型库/延伸阅读,content/models/double-entry-bookkeeping.md,无,是,高,3,后人扩展但与芒格体系兼容；使用时必须标注为编辑扩展。,中
DOC-244,content/models/doubt-avoidance-tendency.md,避免怀疑倾向,7252,芒格,通用模型与编辑扩展,B,主题与芒格核心体系直接相关，但稿件身份是模型扩展，需与原始表达分栏。,人类误判心理学|复杂系统与通用模型|商业判断,机制解释/侧栏/图表素材,content/models/doubt-avoidance-tendency.md,无,是,中,1,芒格在内部原始演讲、问答或访谈中明确提出或反复使用；不等于相关学科概念由芒格原创。,高
DOC-245,content/models/drug-misinfluence-tendency.md,化学物质错误影响倾向,7234,芒格,通用模型与编辑扩展,B,主题与芒格核心体系直接相关，但稿件身份是模型扩展，需与原始表达分栏。,人类误判心理学|复杂系统与通用模型|理性训练与避免愚蠢,机制解释/侧栏/图表素材,content/models/drug-misinfluence-tendency.md,无,是,中,1,芒格在内部原始演讲、问答或访谈中明确提出或反复使用；不等于相关学科概念由芒格原创。,高
DOC-246,content/models/economies-of-scale.md,规模优势,7237,芒格,通用模型与编辑扩展,B,主题与芒格核心体系直接相关，但稿件身份是模型扩展，需与原始表达分栏。,商业判断|复杂系统与通用模型|投资与资本配置,机制解释/侧栏/图表素材,content/models/economies-of-scale.md,无,是,中,1,芒格在内部原始演讲、问答或访谈中明确提出或反复使用；不等于相关学科概念由芒格原创。,高
DOC-247,content/models/ecosystem-thinking.md,生态系统思维,7383,芒格,通用模型与编辑扩展,D,现有内部材料缺少芒格直接使用证据，且对主线贡献有限。,复杂系统与通用模型|商业判断|投资与资本配置,通用模型典藏/不进入主书,content/models/ecosystem-thinking.md,无,是,高,4,通用学科模型；现有内部材料尚未建立芒格直接使用证据。,中
DOC-248,content/models/emergence.md,涌现性,7612,芒格,通用模型与编辑扩展,C,与芒格体系兼容但属于后人扩展，主书只在必要处少量使用。,复杂系统与通用模型|人类误判心理学|商业判断,附录模型库/延伸阅读,content/models/emergence.md,无,是,高,3,后人扩展但与芒格体系兼容；使用时必须标注为编辑扩展。,中
DOC-249,content/models/empiricism.md,经验主义,6228,芒格,通用模型与编辑扩展,C,与芒格体系兼容但属于后人扩展，主书只在必要处少量使用。,知识格栅与多元模型|投资与资本配置|人类误判心理学,附录模型库/延伸阅读,content/models/empiricism.md,无,是,高,3,后人扩展但与芒格体系兼容；使用时必须标注为编辑扩展。,中
DOC-250,content/models/engineering-margin-of-safety.md,安全边际（工程源头）,6773,芒格,通用模型与编辑扩展,C,与芒格体系兼容但属于后人扩展，主书只在必要处少量使用。,投资与资本配置|复杂系统与通用模型|商业判断,附录模型库/延伸阅读,content/models/engineering-margin-of-safety.md,无,是,高,3,后人扩展但与芒格体系兼容；使用时必须标注为编辑扩展。,中
DOC-251,content/models/enlightenment-rationalism.md,启蒙运动的理性传统,6314,芒格,通用模型与编辑扩展,D,现有内部材料缺少芒格直接使用证据，且对主线贡献有限。,理性训练与避免愚蠢|投资与资本配置|人类误判心理学,通用模型典藏/不进入主书,content/models/enlightenment-rationalism.md,无,是,高,4,通用学科模型；现有内部材料尚未建立芒格直接使用证据。,中
DOC-252,content/models/entropy.md,熵,8086,芒格,通用模型与编辑扩展,D,现有内部材料缺少芒格直接使用证据，且对主线贡献有限。,复杂系统与通用模型|商业判断|学习、品格与人生,通用模型典藏/不进入主书,content/models/entropy.md,无,是,高,4,通用学科模型；现有内部材料尚未建立芒格直接使用证据。,中
DOC-253,content/models/envy-jealousy-tendency.md,艳羡与妒忌倾向,7328,芒格,通用模型与编辑扩展,B,主题与芒格核心体系直接相关，但稿件身份是模型扩展，需与原始表达分栏。,人类误判心理学|激励与制度|复杂系统与通用模型,机制解释/侧栏/图表素材,content/models/envy-jealousy-tendency.md,无,是,中,1,芒格在内部原始演讲、问答或访谈中明确提出或反复使用；不等于相关学科概念由芒格原创。,高
DOC-254,content/models/epigenetics.md,表观遗传学,6196,芒格,通用模型与编辑扩展,D,现有内部材料缺少芒格直接使用证据，且对主线贡献有限。,商业判断|激励与制度|复杂系统与通用模型,通用模型典藏/不进入主书,content/models/epigenetics.md,无,是,高,4,通用学科模型；现有内部材料尚未建立芒格直接使用证据。,中
DOC-255,content/models/equilibrium-and-far-from-equilibrium.md,均衡与远离均衡态,5426,芒格,通用模型与编辑扩展,D,现有内部材料缺少芒格直接使用证据，且对主线贡献有限。,商业判断|复杂系统与通用模型|投资与资本配置,通用模型典藏/不进入主书,content/models/equilibrium-and-far-from-equilibrium.md,无,是,高,4,通用学科模型；现有内部材料尚未建立芒格直接使用证据。,中
DOC-256,content/models/evolutionary-arms-race.md,进化军备竞赛,7198,芒格,通用模型与编辑扩展,D,现有内部材料缺少芒格直接使用证据，且对主线贡献有限。,商业判断|复杂系统与通用模型|投资与资本配置,通用模型典藏/不进入主书,content/models/evolutionary-arms-race.md,无,是,高,4,通用学科模型；现有内部材料尚未建立芒格直接使用证据。,中
DOC-257,content/models/evolutionary-epistemology.md,进化认识论,7066,芒格,通用模型与编辑扩展,D,现有内部材料缺少芒格直接使用证据，且对主线贡献有限。,复杂系统与通用模型|商业判断|投资与资本配置,通用模型典藏/不进入主书,content/models/evolutionary-epistemology.md,无,是,高,4,通用学科模型；现有内部材料尚未建立芒格直接使用证据。,中
DOC-258,content/models/excessive-self-regard-tendency.md,自视过高的倾向,9024,芒格,通用模型与编辑扩展,B,主题与芒格核心体系直接相关，但稿件身份是模型扩展，需与原始表达分栏。,人类误判心理学|理性训练与避免愚蠢|复杂系统与通用模型,机制解释/侧栏/图表素材,content/models/excessive-self-regard-tendency.md,无,是,中,1,芒格在内部原始演讲、问答或访谈中明确提出或反复使用；不等于相关学科概念由芒格原创。,高
DOC-259,content/models/exponential-growth.md,指数增长与种群动力学,7362,芒格,通用模型与编辑扩展,D,现有内部材料缺少芒格直接使用证据，且对主线贡献有限。,商业判断|概率与数量思维|复杂系统与通用模型,通用模型典藏/不进入主书,content/models/exponential-growth.md,无,是,高,4,通用学科模型；现有内部材料尚未建立芒格直接使用证据。,中
DOC-260,content/models/externalities.md,外部性,8078,芒格,通用模型与编辑扩展,C,与芒格体系兼容但属于后人扩展，主书只在必要处少量使用。,商业判断|复杂系统与通用模型|激励与制度,附录模型库/延伸阅读,content/models/externalities.md,无,是,高,3,后人扩展但与芒格体系兼容；使用时必须标注为编辑扩展。,中
DOC-261,content/models/extinction-irreversibility.md,灭绝与不可逆性,7269,芒格,通用模型与编辑扩展,D,现有内部材料缺少芒格直接使用证据，且对主线贡献有限。,复杂系统与通用模型|投资与资本配置|概率与数量思维,通用模型典藏/不进入主书,content/models/extinction-irreversibility.md,无,是,高,4,通用学科模型；现有内部材料尚未建立芒格直接使用证据。,中
DOC-262,content/models/failure-mode-analysis.md,故障模式分析,6148,芒格,通用模型与编辑扩展,B,可从芒格原则直接推导，适合作为编者解释，不标为芒格原创。,复杂系统与通用模型|商业判断|概率与数量思维,编者解释/检查清单,content/models/failure-mode-analysis.md,无,是,中,2,可从芒格反复使用的原则直接推导；当前模型名称或流程含编辑归纳。,高
DOC-263,content/models/falsifiability-criterion.md,可证伪性标准,6889,芒格,通用模型与编辑扩展,B,可从芒格原则直接推导，适合作为编者解释，不标为芒格原创。,投资与资本配置|商业判断|人类误判心理学,编者解释/检查清单,content/models/falsifiability-criterion.md,无,是,中,2,可从芒格反复使用的原则直接推导；当前模型名称或流程含编辑归纳。,高
DOC-264,content/models/falsification.md,否证思维,7348,芒格,通用模型与编辑扩展,B,可从芒格原则直接推导，适合作为编者解释，不标为芒格原创。,逆向与决策工具|投资与资本配置|商业判断,编者解释/检查清单,content/models/falsification.md,无,是,中,2,可从芒格反复使用的原则直接推导；当前模型名称或流程含编辑归纳。,高
DOC-265,content/models/fault-tolerance.md,容错设计与优雅降级,6529,芒格,通用模型与编辑扩展,D,现有内部材料缺少芒格直接使用证据，且对主线贡献有限。,复杂系统与通用模型|投资与资本配置|商业判断,通用模型典藏/不进入主书,content/models/fault-tolerance.md,无,是,高,4,通用学科模型；现有内部材料尚未建立芒格直接使用证据。,中
DOC-266,content/models/feedback-loops.md,反馈环,9911,芒格,通用模型与编辑扩展,C,与芒格体系兼容但属于后人扩展，主书只在必要处少量使用。,复杂系统与通用模型|人类误判心理学|商业判断,附录模型库/延伸阅读,content/models/feedback-loops.md,无,是,高,3,后人扩展但与芒格体系兼容；使用时必须标注为编辑扩展。,中
DOC-267,content/models/feynman-technique.md,费曼技巧,7317,芒格,通用模型与编辑扩展,D,现有内部材料缺少芒格直接使用证据，且对主线贡献有限。,商业判断|复杂系统与通用模型|逆向与决策工具,通用模型典藏/不进入主书,content/models/feynman-technique.md,无,是,高,4,通用学科模型；现有内部材料尚未建立芒格直接使用证据。,中
DOC-268,content/models/fiduciary-duty.md,信托责任,7832,芒格,通用模型与编辑扩展,D,现有内部材料缺少芒格直接使用证据，且对主线贡献有限。,激励与制度|商业判断|投资与资本配置,通用模型典藏/不进入主书,content/models/fiduciary-duty.md,无,是,高,4,通用学科模型；现有内部材料尚未建立芒格直接使用证据。,中
DOC-269,content/models/first-principles-thinking.md,第一性原理思维,6619,芒格,通用模型与编辑扩展,C,与芒格体系兼容但属于后人扩展，主书只在必要处少量使用。,商业判断|复杂系统与通用模型|投资与资本配置,附录模型库/延伸阅读,content/models/first-principles-thinking.md,无,是,高,3,后人扩展但与芒格体系兼容；使用时必须标注为编辑扩展。,中
DOC-270,content/models/five-ws-principle.md,五何原则,4836,芒格,通用模型与编辑扩展,D,现有内部材料缺少芒格直接使用证据，且对主线贡献有限。,复杂系统与通用模型|人类误判心理学|商业判断,通用模型典藏/不进入主书,content/models/five-ws-principle.md,无,是,高,4,通用学科模型；现有内部材料尚未建立芒格直接使用证据。,中
DOC-271,content/models/flywheel-effect.md,飞轮效应,7733,芒格,通用模型与编辑扩展,C,与芒格体系兼容但属于后人扩展，主书只在必要处少量使用。,商业判断|复杂系统与通用模型|投资与资本配置,附录模型库/延伸阅读,content/models/flywheel-effect.md,无,是,高,3,后人扩展但与芒格体系兼容；使用时必须标注为编辑扩展。,中
DOC-272,content/models/fragility-antifragility.md,脆弱性与反脆弱性,7441,芒格,通用模型与编辑扩展,C,与芒格体系兼容但属于后人扩展，主书只在必要处少量使用。,复杂系统与通用模型|投资与资本配置|商业判断,附录模型库/延伸阅读,content/models/fragility-antifragility.md,无,是,高,3,后人扩展但与芒格体系兼容；使用时必须标注为编辑扩展。,中
DOC-273,content/models/franklins-self-improvement-system.md,富兰克林的自我修炼,7708,芒格,通用模型与编辑扩展,D,现有内部材料缺少芒格直接使用证据，且对主线贡献有限。,复杂系统与通用模型|学习、品格与人生|概率与数量思维,通用模型典藏/不进入主书,content/models/franklins-self-improvement-system.md,无,是,高,4,通用学科模型；现有内部材料尚未建立芒格直接使用证据。,中
DOC-274,content/models/goodwill-impairment.md,商誉及其减值,6911,芒格,通用模型与编辑扩展,C,与芒格体系兼容但属于后人扩展，主书只在必要处少量使用。,商业判断|投资与资本配置|复杂系统与通用模型,附录模型库/延伸阅读,content/models/goodwill-impairment.md,无,是,高,3,后人扩展但与芒格体系兼容；使用时必须标注为编辑扩展。,中
DOC-275,content/models/half-life.md,半衰期,6008,芒格,通用模型与编辑扩展,D,现有内部材料缺少芒格直接使用证据，且对主线贡献有限。,商业判断|复杂系统与通用模型|学习、品格与人生,通用模型典藏/不进入主书,content/models/half-life.md,无,是,高,4,通用学科模型；现有内部材料尚未建立芒格直接使用证据。,中
DOC-276,content/models/hanlons-razor.md,汉隆剃刀,6168,芒格,通用模型与编辑扩展,C,与芒格体系兼容但属于后人扩展，主书只在必要处少量使用。,理性训练与避免愚蠢|商业判断|激励与制度,附录模型库/延伸阅读,content/models/hanlons-razor.md,无,是,高,3,后人扩展但与芒格体系兼容；使用时必须标注为编辑扩展。,中
DOC-277,content/models/herding-behavior.md,羊群行为,8109,芒格,通用模型与编辑扩展,C,与芒格体系兼容但属于后人扩展，主书只在必要处少量使用。,投资与资本配置|人类误判心理学|理性训练与避免愚蠢,附录模型库/延伸阅读,content/models/herding-behavior.md,无,是,高,3,后人扩展但与芒格体系兼容；使用时必须标注为编辑扩展。,中
DOC-278,content/models/historical-contingency-path-dependence.md,历史偶然性与路径依赖,5442,芒格,通用模型与编辑扩展,D,现有内部材料缺少芒格直接使用证据，且对主线贡献有限。,复杂系统与通用模型|投资与资本配置|商业判断,通用模型典藏/不进入主书,content/models/historical-contingency-path-dependence.md,无,是,高,4,通用学科模型；现有内部材料尚未建立芒格直接使用证据。,中
DOC-279,content/models/immune-system-antifragility.md,免疫系统与抗脆弱性,5354,芒格,通用模型与编辑扩展,D,现有内部材料缺少芒格直接使用证据，且对主线贡献有限。,复杂系统与通用模型|学习、品格与人生|投资与资本配置,通用模型典藏/不进入主书,content/models/immune-system-antifragility.md,无,是,高,4,通用学科模型；现有内部材料尚未建立芒格直接使用证据。,中
DOC-280,content/models/incentive-structure-agency-problem.md,激励结构与代理问题,7448,芒格,通用模型与编辑扩展,B,可从芒格原则直接推导，适合作为编者解释，不标为芒格原创。,激励与制度|商业判断|人类误判心理学,编者解释/检查清单,content/models/incentive-structure-agency-problem.md,无,是,中,2,可从芒格反复使用的原则直接推导；当前模型名称或流程含编辑归纳。,高
DOC-281,content/models/incentive-structure-design.md,激励结构设计,8503,芒格,通用模型与编辑扩展,B,可从芒格原则直接推导，适合作为编者解释，不标为芒格原创。,激励与制度|商业判断|复杂系统与通用模型,编者解释/检查清单,content/models/incentive-structure-design.md,无,是,中,2,可从芒格反复使用的原则直接推导；当前模型名称或流程含编辑归纳。,高
DOC-282,content/models/incentives-economic-view.md,激励机制,8001,芒格,通用模型与编辑扩展,B,可从芒格原则直接推导，适合作为编者解释，不标为芒格原创。,激励与制度|商业判断|人类误判心理学,编者解释/检查清单,content/models/incentives-economic-view.md,无,是,中,2,可从芒格反复使用的原则直接推导；当前模型名称或流程含编辑归纳。,高
DOC-283,content/models/inconsistency-avoidance-tendency.md,避免不一致性倾向,8025,芒格,通用模型与编辑扩展,B,主题与芒格核心体系直接相关，但稿件身份是模型扩展，需与原始表达分栏。,人类误判心理学|商业判断|投资与资本配置,机制解释/侧栏/图表素材,content/models/inconsistency-avoidance-tendency.md,无,是,中,1,芒格在内部原始演讲、问答或访谈中明确提出或反复使用；不等于相关学科概念由芒格原创。,高
DOC-284,content/models/independence.md,独立思考,5442,芒格,通用模型与编辑扩展,B,可从芒格原则直接推导，适合作为编者解释，不标为芒格原创。,理性训练与避免愚蠢|投资与资本配置|人类误判心理学,编者解释/检查清单,content/models/independence.md,无,是,中,2,可从芒格反复使用的原则直接推导；当前模型名称或流程含编辑归纳。,高
DOC-285,content/models/influence-from-mere-association-tendency.md,受简单联想影响的倾向,10977,芒格,通用模型与编辑扩展,B,主题与芒格核心体系直接相关，但稿件身份是模型扩展，需与原始表达分栏。,人类误判心理学|商业判断|复杂系统与通用模型,机制解释/侧栏/图表素材,content/models/influence-from-mere-association-tendency.md,无,是,中,1,芒格在内部原始演讲、问答或访谈中明确提出或反复使用；不等于相关学科概念由芒格原创。,高
DOC-286,content/models/intellectual-humility.md,知识谦逊,5164,芒格,通用模型与编辑扩展,B,可从芒格原则直接推导，适合作为编者解释，不标为芒格原创。,理性训练与避免愚蠢|人类误判心理学|投资与资本配置,编者解释/检查清单,content/models/intellectual-humility.md,无,是,中,2,可从芒格反复使用的原则直接推导；当前模型名称或流程含编辑归纳。,高
DOC-287,content/models/intellectual-property-law.md,知识产权法,5684,芒格,通用模型与编辑扩展,D,现有内部材料缺少芒格直接使用证据，且对主线贡献有限。,商业判断|激励与制度|投资与资本配置,通用模型典藏/不进入主书,content/models/intellectual-property-law.md,无,是,高,4,通用学科模型；现有内部材料尚未建立芒格直接使用证据。,中
DOC-288,content/models/intellectual-property-moats.md,知识产权与护城河,8219,芒格,通用模型与编辑扩展,C,与芒格体系兼容但属于后人扩展，主书只在必要处少量使用。,商业判断|人类误判心理学|复杂系统与通用模型,附录模型库/延伸阅读,content/models/intellectual-property-moats.md,无,是,高,3,后人扩展但与芒格体系兼容；使用时必须标注为编辑扩展。,中
DOC-289,content/models/intrinsic-value.md,内在价值,7994,芒格,通用模型与编辑扩展,B,主题与芒格核心体系直接相关，但稿件身份是模型扩展，需与原始表达分栏。,投资与资本配置|商业判断|逆向与决策工具,机制解释/侧栏/图表素材,content/models/intrinsic-value.md,无,是,中,1,芒格在内部原始演讲、问答或访谈中明确提出或反复使用；不等于相关学科概念由芒格原创。,高
DOC-290,content/models/inventory-valuation-methods.md,存货计价方法,6390,芒格,通用模型与编辑扩展,C,与芒格体系兼容但属于后人扩展，主书只在必要处少量使用。,商业判断|投资与资本配置|复杂系统与通用模型,附录模型库/延伸阅读,content/models/inventory-valuation-methods.md,无,是,高,3,后人扩展但与芒格体系兼容；使用时必须标注为编辑扩展。,中
DOC-291,content/models/inversion.md,逆向思维,8910,芒格,通用模型与编辑扩展,B,主题与芒格核心体系直接相关，但稿件身份是模型扩展，需与原始表达分栏。,逆向与决策工具|商业判断|投资与资本配置,机制解释/侧栏/图表素材,content/munger-archive/mental-models/inversion.md,无,是,中,1,芒格在内部原始演讲、问答或访谈中明确提出或反复使用；不等于相关学科概念由芒格原创。,高
DOC-292,content/models/iteration-prototyping.md,迭代与原型,7630,芒格,通用模型与编辑扩展,D,现有内部材料缺少芒格直接使用证据，且对主线贡献有限。,学习、品格与人生|复杂系统与通用模型|投资与资本配置,通用模型典藏/不进入主书,content/models/iteration-prototyping.md,无,是,高,4,通用学科模型；现有内部材料尚未建立芒格直接使用证据。,中
DOC-293,content/models/kantian-fairness-tendency.md,康德式公平倾向,8887,芒格,通用模型与编辑扩展,B,主题与芒格核心体系直接相关，但稿件身份是模型扩展，需与原始表达分栏。,激励与制度|人类误判心理学|理性训练与避免愚蠢,机制解释/侧栏/图表素材,content/models/kantian-fairness-tendency.md,无,是,中,1,芒格在内部原始演讲、问答或访谈中明确提出或反复使用；不等于相关学科概念由芒格原创。,高
DOC-294,content/models/latticework-of-mental-models.md,多元思维模型框架,11592,芒格,通用模型与编辑扩展,B,主题与芒格核心体系直接相关，但稿件身份是模型扩展，需与原始表达分栏。,知识格栅与多元模型|人类误判心理学|复杂系统与通用模型,机制解释/侧栏/图表素材,content/models/latticework-of-mental-models.md,无,是,中,1,芒格在内部原始演讲、问答或访谈中明确提出或反复使用；不等于相关学科概念由芒格原创。,高
DOC-295,content/models/law-of-large-numbers.md,大数定律,6955,芒格,通用模型与编辑扩展,D,现有内部材料缺少芒格直接使用证据，且对主线贡献有限。,概率与数量思维|投资与资本配置|人类误判心理学,通用模型典藏/不进入主书,content/models/law-of-large-numbers.md,无,是,高,4,通用学科模型；现有内部材料尚未建立芒格直接使用证据。,中
DOC-296,content/models/lessons-of-history.md,以史为鉴,7922,芒格,通用模型与编辑扩展,B,可从芒格原则直接推导，适合作为编者解释，不标为芒格原创。,学习、品格与人生|人类误判心理学|概率与数量思维,编者解释/检查清单,content/models/lessons-of-history.md,无,是,中,2,可从芒格反复使用的原则直接推导；当前模型名称或流程含编辑归纳。,高
DOC-297,content/models/lifelong-learning.md,终身学习,5883,芒格,通用模型与编辑扩展,B,可从芒格原则直接推导，适合作为编者解释，不标为芒格原创。,学习、品格与人生|知识格栅与多元模型|商业判断,编者解释/检查清单,content/models/lifelong-learning.md,无,是,中,2,可从芒格反复使用的原则直接推导；当前模型名称或流程含编辑归纳。,高
DOC-298,content/models/liking-loving-tendency.md,喜欢与热爱倾向,9542,芒格,通用模型与编辑扩展,B,主题与芒格核心体系直接相关，但稿件身份是模型扩展，需与原始表达分栏。,人类误判心理学|商业判断|投资与资本配置,机制解释/侧栏/图表素材,content/models/liking-loving-tendency.md,无,是,中,1,芒格在内部原始演讲、问答或访谈中明确提出或反复使用；不等于相关学科概念由芒格原创。,高
DOC-299,content/models/limits-of-extrapolation-nonlinearity.md,趋势外推的局限,9042,芒格,通用模型与编辑扩展,C,与芒格体系兼容但属于后人扩展，主书只在必要处少量使用。,复杂系统与通用模型|商业判断|知识格栅与多元模型,附录模型库/延伸阅读,content/models/limits-of-extrapolation-nonlinearity.md,无,是,高,3,后人扩展但与芒格体系兼容；使用时必须标注为编辑扩展。,中
DOC-300,content/models/lindy-effect.md,林迪效应,6536,芒格,通用模型与编辑扩展,C,与芒格体系兼容但属于后人扩展，主书只在必要处少量使用。,商业判断|概率与数量思维|投资与资本配置,附录模型库/延伸阅读,content/models/lindy-effect.md,无,是,高,3,后人扩展但与芒格体系兼容；使用时必须标注为编辑扩展。,中
DOC-301,content/models/lollapalooza-tendency.md,Lollapalooza倾向,13433,芒格,通用模型与编辑扩展,B,主题与芒格核心体系直接相关，但稿件身份是模型扩展，需与原始表达分栏。,人类误判心理学|理性训练与避免愚蠢|复杂系统与通用模型,机制解释/侧栏/图表素材,content/models/lollapalooza-tendency.md,无,是,中,1,芒格在内部原始演讲、问答或访谈中明确提出或反复使用；不等于相关学科概念由芒格原创。,高
DOC-302,content/models/man-with-a-hammer-syndrome.md,铁锤人倾向,8141,芒格,通用模型与编辑扩展,B,主题与芒格核心体系直接相关，但稿件身份是模型扩展，需与原始表达分栏。,知识格栅与多元模型|人类误判心理学|复杂系统与通用模型,机制解释/侧栏/图表素材,content/models/man-with-a-hammer-syndrome.md,无,是,中,1,芒格在内部原始演讲、问答或访谈中明确提出或反复使用；不等于相关学科概念由芒格原创。,高
DOC-303,content/models/map-is-not-the-territory.md,地图不是疆域,6301,芒格,通用模型与编辑扩展,B,可从芒格原则直接推导，适合作为编者解释，不标为芒格原创。,知识格栅与多元模型|复杂系统与通用模型|商业判断,编者解释/检查清单,content/models/map-is-not-the-territory.md,无,是,中,2,可从芒格反复使用的原则直接推导；当前模型名称或流程含编辑归纳。,高
DOC-304,content/models/margin-of-safety.md,安全边际,8408,芒格,通用模型与编辑扩展,B,主题与芒格核心体系直接相关，但稿件身份是模型扩展，需与原始表达分栏。,投资与资本配置|人类误判心理学|商业判断,机制解释/侧栏/图表素材,content/munger-archive/mental-models/margin-of-safety.md,无,是,中,1,芒格在内部原始演讲、问答或访谈中明确提出或反复使用；不等于相关学科概念由芒格原创。,高
DOC-305,content/models/marginal-analysis.md,边际分析,6441,芒格,通用模型与编辑扩展,C,与芒格体系兼容但属于后人扩展，主书只在必要处少量使用。,商业判断|投资与资本配置|逆向与决策工具,附录模型库/延伸阅读,content/models/marginal-analysis.md,无,是,高,3,后人扩展但与芒格体系兼容；使用时必须标注为编辑扩展。,中
DOC-306,content/models/marginal-cost-marginal-revenue.md,边际成本与边际收益,6322,芒格,通用模型与编辑扩展,C,与芒格体系兼容但属于后人扩展，主书只在必要处少量使用。,商业判断|理性训练与避免愚蠢|投资与资本配置,附录模型库/延伸阅读,content/models/marginal-cost-marginal-revenue.md,无,是,高,3,后人扩展但与芒格体系兼容；使用时必须标注为编辑扩展。,中
DOC-307,content/models/marginal-utility.md,边际效用,7005,芒格,通用模型与编辑扩展,C,与芒格体系兼容但属于后人扩展，主书只在必要处少量使用。,商业判断|复杂系统与通用模型|学习、品格与人生,附录模型库/延伸阅读,content/models/marginal-utility.md,无,是,高,3,后人扩展但与芒格体系兼容；使用时必须标注为编辑扩展。,中
DOC-308,content/models/mental-accounting.md,心理账户,8374,芒格,通用模型与编辑扩展,C,与芒格体系兼容但属于后人扩展，主书只在必要处少量使用。,人类误判心理学|商业判断|投资与资本配置,附录模型库/延伸阅读,content/models/mental-accounting.md,无,是,高,3,后人扩展但与芒格体系兼容；使用时必须标注为编辑扩展。,中
DOC-309,content/models/moat.md,护城河（Moat）,9563,芒格,通用模型与编辑扩展,B,主题与芒格核心体系直接相关，但稿件身份是模型扩展，需与原始表达分栏。,商业判断|人类误判心理学|投资与资本配置,机制解释/侧栏/图表素材,content/models/moat.md,无,是,中,1,芒格在内部原始演讲、问答或访谈中明确提出或反复使用；不等于相关学科概念由芒格原创。,高
DOC-310,content/models/modern-darwinian-synthesis.md,进化论,6371,芒格,通用模型与编辑扩展,D,现有内部材料缺少芒格直接使用证据，且对主线贡献有限。,商业判断|复杂系统与通用模型|投资与资本配置,通用模型典藏/不进入主书,content/models/modern-darwinian-synthesis.md,无,是,高,4,通用学科模型；现有内部材料尚未建立芒格直接使用证据。,中
DOC-311,content/models/momentum.md,动量与惯性,7301,芒格,通用模型与编辑扩展,D,现有内部材料缺少芒格直接使用证据，且对主线贡献有限。,商业判断|复杂系统与通用模型|知识格栅与多元模型,通用模型典藏/不进入主书,content/models/momentum.md,无,是,高,4,通用学科模型；现有内部材料尚未建立芒格直接使用证据。,中
DOC-312,content/models/monopoly-oligopoly.md,垄断与寡头,7819,芒格,通用模型与编辑扩展,C,与芒格体系兼容但属于后人扩展，主书只在必要处少量使用。,商业判断|投资与资本配置|复杂系统与通用模型,附录模型库/延伸阅读,content/models/monopoly-oligopoly.md,无,是,高,3,后人扩展但与芒格体系兼容；使用时必须标注为编辑扩展。,中
DOC-313,content/models/moral-hazard-legal-view.md,道德风险法学视角,8425,芒格,通用模型与编辑扩展,C,与芒格体系兼容但属于后人扩展，主书只在必要处少量使用。,激励与制度|商业判断|投资与资本配置,附录模型库/延伸阅读,content/models/moral-hazard-legal-view.md,无,是,高,3,后人扩展但与芒格体系兼容；使用时必须标注为编辑扩展。,中
DOC-314,content/models/moral-hazard.md,道德风险,7451,芒格,通用模型与编辑扩展,B,可从芒格原则直接推导，适合作为编者解释，不标为芒格原创。,激励与制度|商业判断|复杂系统与通用模型,编者解释/检查清单,content/models/moral-hazard.md,无,是,中,2,可从芒格反复使用的原则直接推导；当前模型名称或流程含编辑归纳。,高
DOC-315,content/models/mr-market.md,市场先生,7061,芒格,通用模型与编辑扩展,B,主题与芒格核心体系直接相关，但稿件身份是模型扩展，需与原始表达分栏。,投资与资本配置|人类误判心理学|商业判断,机制解释/侧栏/图表素材,content/models/mr-market.md,无,是,中,1,芒格在内部原始演讲、问答或访谈中明确提出或反复使用；不等于相关学科概念由芒格原创。,高
DOC-316,content/models/multidisciplinary-approach.md,跨学科思维,8143,芒格,通用模型与编辑扩展,B,主题与芒格核心体系直接相关，但稿件身份是模型扩展，需与原始表达分栏。,知识格栅与多元模型|复杂系统与通用模型|商业判断,机制解释/侧栏/图表素材,content/models/multidisciplinary-approach.md,无,是,中,1,芒格在内部原始演讲、问答或访谈中明确提出或反复使用；不等于相关学科概念由芒格原创。,高
DOC-317,content/models/multiplicative-systems.md,乘法系统思维,6810,芒格,通用模型与编辑扩展,D,现有内部材料缺少芒格直接使用证据，且对主线贡献有限。,复杂系统与通用模型|商业判断|投资与资本配置,通用模型典藏/不进入主书,content/models/multiplicative-systems.md,无,是,高,4,通用学科模型；现有内部材料尚未建立芒格直接使用证据。,中
DOC-318,content/models/narrative-fallacy.md,叙事谬误,8227,芒格,通用模型与编辑扩展,C,与芒格体系兼容但属于后人扩展，主书只在必要处少量使用。,复杂系统与通用模型|人类误判心理学|商业判断,附录模型库/延伸阅读,content/models/narrative-fallacy.md,无,是,高,3,后人扩展但与芒格体系兼容；使用时必须标注为编辑扩展。,中
DOC-319,content/models/natural-selection-survival-of-the-fittest.md,自然选择与适者生存,7443,芒格,通用模型与编辑扩展,D,现有内部材料缺少芒格直接使用证据，且对主线贡献有限。,复杂系统与通用模型|商业判断|投资与资本配置,通用模型典藏/不进入主书,content/models/natural-selection-survival-of-the-fittest.md,无,是,高,4,通用学科模型；现有内部材料尚未建立芒格直接使用证据。,中
DOC-320,content/models/negligence-vs-strict-liability.md,过失与严格责任,6749,芒格,通用模型与编辑扩展,D,现有内部材料缺少芒格直接使用证据，且对主线贡献有限。,商业判断|激励与制度|投资与资本配置,通用模型典藏/不进入主书,content/models/negligence-vs-strict-liability.md,无,是,高,4,通用学科模型；现有内部材料尚未建立芒格直接使用证据。,中
DOC-321,content/models/network-effects.md,网络效应,6992,芒格,通用模型与编辑扩展,B,可从芒格原则直接推导，适合作为编者解释，不标为芒格原创。,复杂系统与通用模型|商业判断|人类误判心理学,编者解释/检查清单,content/models/network-effects.md,无,是,中,2,可从芒格反复使用的原则直接推导；当前模型名称或流程含编辑归纳。,高
DOC-322,content/models/network-theory.md,网络理论,8758,芒格,通用模型与编辑扩展,D,现有内部材料缺少芒格直接使用证据，且对主线贡献有限。,复杂系统与通用模型|商业判断|知识格栅与多元模型,通用模型典藏/不进入主书,content/models/network-theory.md,无,是,高,4,通用学科模型；现有内部材料尚未建立芒格直接使用证据。,中
DOC-323,content/models/niche-differentiation.md,利基分化,6469,芒格,通用模型与编辑扩展,D,现有内部材料缺少芒格直接使用证据，且对主线贡献有限。,商业判断|复杂系统与通用模型|理性训练与避免愚蠢,通用模型典藏/不进入主书,content/models/niche-differentiation.md,无,是,高,4,通用学科模型；现有内部材料尚未建立芒格直接使用证据。,中
DOC-324,content/models/nonlinear-consequences.md,非线性后果,7387,芒格,通用模型与编辑扩展,D,现有内部材料缺少芒格直接使用证据，且对主线贡献有限。,复杂系统与通用模型|投资与资本配置|概率与数量思维,通用模型典藏/不进入主书,content/models/nonlinear-consequences.md,无,是,高,4,通用学科模型；现有内部材料尚未建立芒格直接使用证据。,中
DOC-325,content/models/normal-accidents.md,正常事故,6526,芒格,通用模型与编辑扩展,C,与芒格体系兼容但属于后人扩展，主书只在必要处少量使用。,复杂系统与通用模型|商业判断|知识格栅与多元模型,附录模型库/延伸阅读,content/models/normal-accidents.md,无,是,高,3,后人扩展但与芒格体系兼容；使用时必须标注为编辑扩展。,中
DOC-326,content/models/normal-non-normal-distributions.md,正态与非正态分布,7117,芒格,通用模型与编辑扩展,D,现有内部材料缺少芒格直接使用证据，且对主线贡献有限。,概率与数量思维|知识格栅与多元模型|复杂系统与通用模型,通用模型典藏/不进入主书,content/models/normal-non-normal-distributions.md,无,是,高,4,通用学科模型；现有内部材料尚未建立芒格直接使用证据。,中
DOC-327,content/models/occams-razor.md,奥卡姆剃刀,8270,芒格,通用模型与编辑扩展,C,与芒格体系兼容但属于后人扩展，主书只在必要处少量使用。,复杂系统与通用模型|商业判断|投资与资本配置,附录模型库/延伸阅读,content/models/occams-razor.md,无,是,高,3,后人扩展但与芒格体系兼容；使用时必须标注为编辑扩展。,中
DOC-328,content/models/off-balance-sheet-contingent-liabilities.md,表外负债与或有负债,7439,芒格,通用模型与编辑扩展,C,与芒格体系兼容但属于后人扩展，主书只在必要处少量使用。,商业判断|投资与资本配置|复杂系统与通用模型,附录模型库/延伸阅读,content/models/off-balance-sheet-contingent-liabilities.md,无,是,高,3,后人扩展但与芒格体系兼容；使用时必须标注为编辑扩展。,中
DOC-329,content/models/opportunity-cost-in-accounting.md,机会成本会计视角,6773,芒格,通用模型与编辑扩展,C,与芒格体系兼容但属于后人扩展，主书只在必要处少量使用。,投资与资本配置|逆向与决策工具|商业判断,附录模型库/延伸阅读,content/models/opportunity-cost-in-accounting.md,无,是,高,3,后人扩展但与芒格体系兼容；使用时必须标注为编辑扩展。,中
DOC-330,content/models/opportunity-cost.md,机会成本,8797,芒格,通用模型与编辑扩展,B,主题与芒格核心体系直接相关，但稿件身份是模型扩展，需与原始表达分栏。,逆向与决策工具|投资与资本配置|学习、品格与人生,机制解释/侧栏/图表素材,content/munger-archive/mental-models/opportunity-cost.md,无,是,中,1,芒格在内部原始演讲、问答或访谈中明确提出或反复使用；不等于相关学科概念由芒格原创。,高
DOC-331,content/models/overoptimism-tendency.md,过度乐观倾向,8102,芒格,通用模型与编辑扩展,B,主题与芒格核心体系直接相关，但稿件身份是模型扩展，需与原始表达分栏。,概率与数量思维|人类误判心理学|商业判断,机制解释/侧栏/图表素材,content/models/overoptimism-tendency.md,无,是,中,1,芒格在内部原始演讲、问答或访谈中明确提出或反复使用；不等于相关学科概念由芒格原创。,高
DOC-332,content/models/parasitism-mutualism.md,寄生与共生,7429,芒格,通用模型与编辑扩展,D,现有内部材料缺少芒格直接使用证据，且对主线贡献有限。,商业判断|学习、品格与人生|复杂系统与通用模型,通用模型典藏/不进入主书,content/models/parasitism-mutualism.md,无,是,高,4,通用学科模型；现有内部材料尚未建立芒格直接使用证据。,中
DOC-333,content/models/pari-mutuel-system.md,彩池投注系统,7951,芒格,通用模型与编辑扩展,B,主题与芒格核心体系直接相关，但稿件身份是模型扩展，需与原始表达分栏。,投资与资本配置|人类误判心理学|商业判断,机制解释/侧栏/图表素材,content/models/pari-mutuel-system.md,无,是,中,1,芒格在内部原始演讲、问答或访谈中明确提出或反复使用；不等于相关学科概念由芒格原创。,高
DOC-334,content/models/patents-trademarks-franchises.md,专利权、商标权与特许经营权,6141,芒格,通用模型与编辑扩展,D,现有内部材料缺少芒格直接使用证据，且对主线贡献有限。,商业判断|投资与资本配置|人类误判心理学,通用模型典藏/不进入主书,content/models/patents-trademarks-franchises.md,无,是,高,4,通用学科模型；现有内部材料尚未建立芒格直接使用证据。,中
DOC-335,content/models/path-dependence-lock-in.md,路径依赖与锁定,8160,芒格,通用模型与编辑扩展,C,与芒格体系兼容但属于后人扩展，主书只在必要处少量使用。,商业判断|复杂系统与通用模型|投资与资本配置,附录模型库/延伸阅读,content/models/path-dependence-lock-in.md,无,是,高,3,后人扩展但与芒格体系兼容；使用时必须标注为编辑扩展。,中
DOC-336,content/models/patience-discipline.md,耐心与纪律,5918,芒格,通用模型与编辑扩展,B,可从芒格原则直接推导，适合作为编者解释，不标为芒格原创。,投资与资本配置|学习、品格与人生|人类误判心理学,编者解释/检查清单,content/models/patience-discipline.md,无,是,中,2,可从芒格反复使用的原则直接推导；当前模型名称或流程含编辑归纳。,高
DOC-337,content/models/permutations-and-combinations.md,排列组合原理,5857,芒格,通用模型与编辑扩展,D,现有内部材料缺少芒格直接使用证据，且对主线贡献有限。,概率与数量思维|理性训练与避免愚蠢|商业判断,通用模型典藏/不进入主书,content/models/permutations-and-combinations.md,无,是,高,4,通用学科模型；现有内部材料尚未建立芒格直接使用证据。,中
DOC-338,content/models/phase-transitions.md,相变与临界现象,8043,芒格,通用模型与编辑扩展,D,现有内部材料缺少芒格直接使用证据，且对主线贡献有限。,复杂系统与通用模型|商业判断|知识格栅与多元模型,通用模型典藏/不进入主书,content/models/phase-transitions.md,无,是,高,4,通用学科模型；现有内部材料尚未建立芒格直接使用证据。,中
DOC-339,content/models/physics-envy.md,物理学妒忌,5739,芒格,通用模型与编辑扩展,D,现有内部材料缺少芒格直接使用证据，且对主线贡献有限。,复杂系统与通用模型|知识格栅与多元模型|人类误判心理学,通用模型典藏/不进入主书,content/models/physics-envy.md,无,是,高,4,通用学科模型；现有内部材料尚未建立芒格直接使用证据。,中
DOC-340,content/models/pluralistic-ignorance.md,多数无知与从众谬误,5961,芒格,通用模型与编辑扩展,D,现有内部材料缺少芒格直接使用证据，且对主线贡献有限。,理性训练与避免愚蠢|投资与资本配置|人类误判心理学,通用模型典藏/不进入主书,content/models/pluralistic-ignorance.md,无,是,高,4,通用学科模型；现有内部材料尚未建立芒格直接使用证据。,中
DOC-341,content/models/power-laws.md,幂律分布,7477,芒格,通用模型与编辑扩展,C,与芒格体系兼容但属于后人扩展，主书只在必要处少量使用。,投资与资本配置|复杂系统与通用模型|商业判断,附录模型库/延伸阅读,content/models/power-laws.md,无,是,高,3,后人扩展但与芒格体系兼容；使用时必须标注为编辑扩展。,中
DOC-342,content/models/pragmatism.md,实用主义,6671,芒格,通用模型与编辑扩展,C,与芒格体系兼容但属于后人扩展，主书只在必要处少量使用。,知识格栅与多元模型|投资与资本配置|学习、品格与人生,附录模型库/延伸阅读,content/models/pragmatism.md,无,是,高,3,后人扩展但与芒格体系兼容；使用时必须标注为编辑扩展。,中
DOC-343,content/models/precedent.md,先例原则,8034,芒格,通用模型与编辑扩展,D,现有内部材料缺少芒格直接使用证据，且对主线贡献有限。,商业判断|投资与资本配置|学习、品格与人生,通用模型典藏/不进入主书,content/models/precedent.md,无,是,高,4,通用学科模型；现有内部材料尚未建立芒格直接使用证据。,中
DOC-344,content/models/premortems.md,极端情景模拟,7018,芒格,通用模型与编辑扩展,B,可从芒格原则直接推导，适合作为编者解释，不标为芒格原创。,商业判断|投资与资本配置|人类误判心理学,编者解释/检查清单,content/models/premortems.md,无,是,中,2,可从芒格反复使用的原则直接推导；当前模型名称或流程含编辑归纳。,高
DOC-345,content/models/price-discrimination.md,价格歧视,6369,芒格,通用模型与编辑扩展,C,与芒格体系兼容但属于后人扩展，主书只在必要处少量使用。,商业判断|激励与制度|投资与资本配置,附录模型库/延伸阅读,content/models/price-discrimination.md,无,是,高,3,后人扩展但与芒格体系兼容；使用时必须标注为编辑扩展。,中
DOC-346,content/models/price-elasticity.md,价格弹性与定价权,8315,芒格,通用模型与编辑扩展,B,可从芒格原则直接推导，适合作为编者解释，不标为芒格原创。,商业判断|人类误判心理学|投资与资本配置,编者解释/检查清单,content/models/price-elasticity.md,无,是,中,2,可从芒格反复使用的原则直接推导；当前模型名称或流程含编辑归纳。,高
DOC-347,content/models/principal-agent-solutions.md,委托代理问题的管理解法,7517,芒格,通用模型与编辑扩展,B,可从芒格原则直接推导，适合作为编者解释，不标为芒格原创。,激励与制度|商业判断|理性训练与避免愚蠢,编者解释/检查清单,content/models/principal-agent-solutions.md,无,是,中,2,可从芒格反复使用的原则直接推导；当前模型名称或流程含编辑归纳。,高
DOC-348,content/models/principle-of-least-energy.md,最小能量原理,5983,芒格,通用模型与编辑扩展,D,现有内部材料缺少芒格直接使用证据，且对主线贡献有限。,复杂系统与通用模型|商业判断|人类误判心理学,通用模型典藏/不进入主书,content/models/principle-of-least-energy.md,无,是,高,4,通用学科模型；现有内部材料尚未建立芒格直接使用证据。,中
DOC-349,content/models/prisoners-dilemma.md,囚徒困境,7244,芒格,通用模型与编辑扩展,C,与芒格体系兼容但属于后人扩展，主书只在必要处少量使用。,学习、品格与人生|商业判断|激励与制度,附录模型库/延伸阅读,content/models/prisoners-dilemma.md,无,是,高,3,后人扩展但与芒格体系兼容；使用时必须标注为编辑扩展。,中
DOC-350,content/models/probabilistic-thinking-expected-value.md,概率思维与期望值,9093,芒格,通用模型与编辑扩展,B,主题与芒格核心体系直接相关，但稿件身份是模型扩展，需与原始表达分栏。,概率与数量思维|投资与资本配置|复杂系统与通用模型,机制解释/侧栏/图表素材,content/models/probabilistic-thinking-expected-value.md,无,是,中,1,芒格在内部原始演讲、问答或访谈中明确提出或反复使用；不等于相关学科概念由芒格原创。,高
DOC-351,content/models/psychology-of-human-misjudgment.md,人类误判心理学,3099,芒格,通用模型与编辑扩展,B,主题与芒格核心体系直接相关，但稿件身份是模型扩展，需与原始表达分栏。,人类误判心理学|激励与制度|理性训练与避免愚蠢,机制解释/侧栏/图表素材,poor-charlies-almanack/poor-charlies-almanack-talk-eleven.md,无,是,中,1,芒格在内部原始演讲、问答或访谈中明确提出或反复使用；不等于相关学科概念由芒格原创。,高
DOC-352,content/models/punctuated-equilibrium.md,间断均衡,5146,芒格,通用模型与编辑扩展,D,现有内部材料缺少芒格直接使用证据，且对主线贡献有限。,商业判断|复杂系统与通用模型|学习、品格与人生,通用模型典藏/不进入主书,content/models/punctuated-equilibrium.md,无,是,高,4,通用学科模型；现有内部材料尚未建立芒格直接使用证据。,中
DOC-353,content/models/quality-control.md,质量控制,7607,芒格,通用模型与编辑扩展,C,与芒格体系兼容但属于后人扩展，主书只在必要处少量使用。,概率与数量思维|投资与资本配置|商业判断,附录模型库/延伸阅读,content/models/quality-control.md,无,是,高,3,后人扩展但与芒格体系兼容；使用时必须标注为编辑扩展。,中
DOC-354,content/models/reason-respecting-tendency.md,重视理由倾向,8537,芒格,通用模型与编辑扩展,B,主题与芒格核心体系直接相关，但稿件身份是模型扩展，需与原始表达分栏。,人类误判心理学|复杂系统与通用模型|理性训练与避免愚蠢,机制解释/侧栏/图表素材,content/models/reason-respecting-tendency.md,无,是,中,1,芒格在内部原始演讲、问答或访谈中明确提出或反复使用；不等于相关学科概念由芒格原创。,高
DOC-355,content/models/reciprocation-tendency.md,回馈倾向,7428,芒格,通用模型与编辑扩展,B,主题与芒格核心体系直接相关，但稿件身份是模型扩展，需与原始表达分栏。,人类误判心理学|商业判断|学习、品格与人生,机制解释/侧栏/图表素材,content/models/reciprocation-tendency.md,无,是,中,1,芒格在内部原始演讲、问答或访谈中明确提出或反复使用；不等于相关学科概念由芒格原创。,高
DOC-356,content/models/red-queen-effect.md,红皇后效应,6516,芒格,通用模型与编辑扩展,D,现有内部材料缺少芒格直接使用证据，且对主线贡献有限。,商业判断|复杂系统与通用模型|投资与资本配置,通用模型典藏/不进入主书,content/models/red-queen-effect.md,无,是,高,4,通用学科模型；现有内部材料尚未建立芒格直接使用证据。,中
DOC-357,content/models/redundancy.md,冗余备份系统,6348,芒格,通用模型与编辑扩展,C,与芒格体系兼容但属于后人扩展，主书只在必要处少量使用。,复杂系统与通用模型|投资与资本配置|理性训练与避免愚蠢,附录模型库/延伸阅读,content/models/redundancy.md,无,是,高,3,后人扩展但与芒格体系兼容；使用时必须标注为编辑扩展。,中
DOC-358,content/models/regression-to-the-mean.md,回归均值,9616,芒格,通用模型与编辑扩展,C,与芒格体系兼容但属于后人扩展，主书只在必要处少量使用。,概率与数量思维|商业判断|投资与资本配置,附录模型库/延伸阅读,content/models/regression-to-the-mean.md,无,是,高,3,后人扩展但与芒格体系兼容；使用时必须标注为编辑扩展。,中
DOC-359,content/models/regulation-as-moat.md,监管作为护城河,7278,芒格,通用模型与编辑扩展,C,与芒格体系兼容但属于后人扩展，主书只在必要处少量使用。,激励与制度|商业判断|投资与资本配置,附录模型库/延伸阅读,content/models/regulation-as-moat.md,无,是,高,3,后人扩展但与芒格体系兼容；使用时必须标注为编辑扩展。,中
DOC-360,content/models/regulatory-capture.md,监管俘获,6831,芒格,通用模型与编辑扩展,C,与芒格体系兼容但属于后人扩展，主书只在必要处少量使用。,激励与制度|商业判断|复杂系统与通用模型,附录模型库/延伸阅读,content/models/regulatory-capture.md,无,是,高,3,后人扩展但与芒格体系兼容；使用时必须标注为编辑扩展。,中
DOC-361,content/models/rent-seeking-legal-view.md,寻租行为法学视角,7379,芒格,通用模型与编辑扩展,D,现有内部材料缺少芒格直接使用证据，且对主线贡献有限。,激励与制度|商业判断|投资与资本配置,通用模型典藏/不进入主书,content/models/rent-seeking-legal-view.md,无,是,高,4,通用学科模型；现有内部材料尚未建立芒格直接使用证据。,中
DOC-362,content/models/rent-seeking.md,寻租行为,6705,芒格,通用模型与编辑扩展,C,与芒格体系兼容但属于后人扩展，主书只在必要处少量使用。,激励与制度|商业判断|复杂系统与通用模型,附录模型库/延伸阅读,content/models/rent-seeking.md,无,是,高,3,后人扩展但与芒格体系兼容；使用时必须标注为编辑扩展。,中
DOC-363,content/models/repeat-what-works.md,重复有效的行为,5630,芒格,通用模型与编辑扩展,B,可从芒格原则直接推导，适合作为编者解释，不标为芒格原创。,商业判断|复杂系统与通用模型|逆向与决策工具,编者解释/检查清单,content/models/repeat-what-works.md,无,是,中,2,可从芒格反复使用的原则直接推导；当前模型名称或流程含编辑归纳。,高
DOC-364,content/models/resonance.md,共振,5967,芒格,通用模型与编辑扩展,D,现有内部材料缺少芒格直接使用证据，且对主线贡献有限。,复杂系统与通用模型|人类误判心理学|商业判断,通用模型典藏/不进入主书,content/models/resonance.md,无,是,高,4,通用学科模型；现有内部材料尚未建立芒格直接使用证据。,中
DOC-365,content/models/reversibility-irreversibility.md,可逆性与不可逆性,7371,芒格,通用模型与编辑扩展,D,现有内部材料缺少芒格直接使用证据，且对主线贡献有限。,投资与资本配置|复杂系统与通用模型|激励与制度,通用模型典藏/不进入主书,content/models/reversibility-irreversibility.md,无,是,高,4,通用学科模型；现有内部材料尚未建立芒格直接使用证据。,中
DOC-366,content/models/reward-and-punishment-superresponse-tendency.md,奖励和惩罚超级反应倾向,7998,芒格,通用模型与编辑扩展,B,主题与芒格核心体系直接相关，但稿件身份是模型扩展，需与原始表达分栏。,激励与制度|人类误判心理学|复杂系统与通用模型,机制解释/侧栏/图表素材,content/models/reward-and-punishment-superresponse-tendency.md,无,是,中,1,芒格在内部原始演讲、问答或访谈中明确提出或反复使用；不等于相关学科概念由芒格原创。,高
DOC-367,content/models/rise-and-fall-of-empires.md,帝国兴衰周期,6008,芒格,通用模型与编辑扩展,D,现有内部材料缺少芒格直接使用证据，且对主线贡献有限。,商业判断|复杂系统与通用模型|激励与制度,通用模型典藏/不进入主书,content/models/rise-and-fall-of-empires.md,无,是,高,4,通用学科模型；现有内部材料尚未建立芒格直接使用证据。,中
DOC-368,content/models/risk-first.md,风险优先,5021,芒格,通用模型与编辑扩展,B,可从芒格原则直接推导，适合作为编者解释，不标为芒格原创。,投资与资本配置|概率与数量思维|商业判断,编者解释/检查清单,content/models/risk-first.md,无,是,中,2,可从芒格反复使用的原则直接推导；当前模型名称或流程含编辑归纳。,高
DOC-369,content/models/sample-size-statistical-significance.md,样本量与统计显著性,8096,芒格,通用模型与编辑扩展,D,现有内部材料缺少芒格直接使用证据，且对主线贡献有限。,概率与数量思维|投资与资本配置|人类误判心理学,通用模型典藏/不进入主书,content/models/sample-size-statistical-significance.md,无,是,高,4,通用学科模型；现有内部材料尚未建立芒格直接使用证据。,中
DOC-370,content/models/scale-effects-management-perspective.md,规模效应管理视角,6956,芒格,通用模型与编辑扩展,B,可从芒格原则直接推导，适合作为编者解释，不标为芒格原创。,商业判断|复杂系统与通用模型|激励与制度,编者解释/检查清单,content/models/scale-effects-management-perspective.md,无,是,中,2,可从芒格反复使用的原则直接推导；当前模型名称或流程含编辑归纳。,高
DOC-371,content/models/scaling-effects-diseconomies-in-engineering.md,规模效应与反效应,7012,芒格,通用模型与编辑扩展,D,现有内部材料缺少芒格直接使用证据，且对主线贡献有限。,商业判断|复杂系统与通用模型|投资与资本配置,通用模型典藏/不进入主书,content/models/scaling-effects-diseconomies-in-engineering.md,无,是,高,4,通用学科模型；现有内部材料尚未建立芒格直接使用证据。,中
DOC-372,content/models/seamless-web-of-deserved-trust.md,值得信赖的无缝网络,6824,芒格,通用模型与编辑扩展,B,可从芒格原则直接推导，适合作为编者解释，不标为芒格原创。,激励与制度|复杂系统与通用模型|商业判断,编者解释/检查清单,content/models/seamless-web-of-deserved-trust.md,无,是,中,2,可从芒格反复使用的原则直接推导；当前模型名称或流程含编辑归纳。,高
DOC-373,content/models/search-costs.md,搜寻成本,5341,芒格,通用模型与编辑扩展,C,与芒格体系兼容但属于后人扩展，主书只在必要处少量使用。,商业判断|投资与资本配置|逆向与决策工具,附录模型库/延伸阅读,content/models/search-costs.md,无,是,高,3,后人扩展但与芒格体系兼容；使用时必须标注为编辑扩展。,中
DOC-374,content/models/second-order-thinking.md,二阶效应,7050,芒格,通用模型与编辑扩展,B,可从芒格原则直接推导，适合作为编者解释，不标为芒格原创。,逆向与决策工具|复杂系统与通用模型|投资与资本配置,编者解释/检查清单,content/models/second-order-thinking.md,无,是,中,2,可从芒格反复使用的原则直接推导；当前模型名称或流程含编辑归纳。,高
DOC-375,content/models/self-organized-criticality.md,自组织临界性,8237,芒格,通用模型与编辑扩展,D,现有内部材料缺少芒格直接使用证据，且对主线贡献有限。,复杂系统与通用模型|商业判断|投资与资本配置,通用模型典藏/不进入主书,content/models/self-organized-criticality.md,无,是,高,4,通用学科模型；现有内部材料尚未建立芒格直接使用证据。,中
DOC-376,content/models/senescence-misinfluence-tendency.md,衰老错误影响倾向,6177,芒格,通用模型与编辑扩展,B,主题与芒格核心体系直接相关，但稿件身份是模型扩展，需与原始表达分栏。,学习、品格与人生|人类误判心理学|知识格栅与多元模型,机制解释/侧栏/图表素材,content/models/senescence-misinfluence-tendency.md,无,是,中,1,芒格在内部原始演讲、问答或访谈中明确提出或反复使用；不等于相关学科概念由芒格原创。,高
DOC-377,content/models/separation-of-powers.md,权力分立与制衡,8398,芒格,通用模型与编辑扩展,D,现有内部材料缺少芒格直接使用证据，且对主线贡献有限。,激励与制度|理性训练与避免愚蠢|投资与资本配置,通用模型典藏/不进入主书,content/models/separation-of-powers.md,无,是,高,4,通用学科模型；现有内部材料尚未建立芒格直接使用证据。,中
DOC-378,content/models/signaling-theory.md,信号理论,6353,芒格,通用模型与编辑扩展,C,与芒格体系兼容但属于后人扩展，主书只在必要处少量使用。,商业判断|激励与制度|投资与资本配置,附录模型库/延伸阅读,content/models/signaling-theory.md,无,是,高,3,后人扩展但与芒格体系兼容；使用时必须标注为编辑扩展。,中
DOC-379,content/models/simple-pain-avoiding-psychological-denial.md,避免痛苦的心理否认,9519,芒格,通用模型与编辑扩展,B,主题与芒格核心体系直接相关，但稿件身份是模型扩展，需与原始表达分栏。,人类误判心理学|商业判断|复杂系统与通用模型,机制解释/侧栏/图表素材,content/models/simple-pain-avoiding-psychological-denial.md,无,是,中,1,芒格在内部原始演讲、问答或访谈中明确提出或反复使用；不等于相关学科概念由芒格原创。,高
DOC-380,content/models/simplicity-in-business.md,简单化在商业中的应用,6364,芒格,通用模型与编辑扩展,B,可从芒格原则直接推导，适合作为编者解释，不标为芒格原创。,商业判断|复杂系统与通用模型|投资与资本配置,编者解释/检查清单,content/models/simplicity-in-business.md,无,是,中,2,可从芒格反复使用的原则直接推导；当前模型名称或流程含编辑归纳。,高
DOC-381,content/models/single-point-of-failure.md,单点故障,5312,芒格,通用模型与编辑扩展,C,与芒格体系兼容但属于后人扩展，主书只在必要处少量使用。,复杂系统与通用模型|商业判断|投资与资本配置,附录模型库/延伸阅读,content/models/single-point-of-failure.md,无,是,高,3,后人扩展但与芒格体系兼容；使用时必须标注为编辑扩展。,中
DOC-382,content/models/sit-on-your-ass-investing.md,坐等投资法,8492,芒格,通用模型与编辑扩展,B,主题与芒格核心体系直接相关，但稿件身份是模型扩展，需与原始表达分栏。,投资与资本配置|商业判断|概率与数量思维,机制解释/侧栏/图表素材,content/models/sit-on-your-ass-investing.md,无,是,中,1,芒格在内部原始演讲、问答或访谈中明确提出或反复使用；不等于相关学科概念由芒格原创。,高
DOC-383,content/models/social-proof-tendency.md,社会认同倾向,8462,芒格,通用模型与编辑扩展,B,主题与芒格核心体系直接相关，但稿件身份是模型扩展，需与原始表达分栏。,人类误判心理学|理性训练与避免愚蠢|商业判断,机制解释/侧栏/图表素材,content/models/social-proof-tendency.md,无,是,中,1,芒格在内部原始演讲、问答或访谈中明确提出或反复使用；不等于相关学科概念由芒格原创。,高
DOC-384,content/models/socratic-method.md,苏格拉底式追问,6030,芒格,通用模型与编辑扩展,D,现有内部材料缺少芒格直接使用证据，且对主线贡献有限。,投资与资本配置|商业判断|理性训练与避免愚蠢,通用模型典藏/不进入主书,content/models/socratic-method.md,无,是,高,4,通用学科模型；现有内部材料尚未建立芒格直接使用证据。,中
DOC-385,content/models/stoicism.md,斯多葛主义,7510,芒格,通用模型与编辑扩展,D,现有内部材料缺少芒格直接使用证据，且对主线贡献有限。,投资与资本配置|人类误判心理学|学习、品格与人生,通用模型典藏/不进入主书,content/models/stoicism.md,无,是,高,4,通用学科模型；现有内部材料尚未建立芒格直接使用证据。,中
DOC-386,content/models/stress-influence-tendency.md,压力影响倾向,8000,芒格,通用模型与编辑扩展,B,主题与芒格核心体系直接相关，但稿件身份是模型扩展，需与原始表达分栏。,人类误判心理学|复杂系统与通用模型|理性训练与避免愚蠢,机制解释/侧栏/图表素材,content/models/stress-influence-tendency.md,无,是,中,1,芒格在内部原始演讲、问答或访谈中明确提出或反复使用；不等于相关学科概念由芒格原创。,高
DOC-387,content/models/sunk-cost-economic-perspective.md,沉没成本（经济视角）,7592,芒格,通用模型与编辑扩展,C,与芒格体系兼容但属于后人扩展，主书只在必要处少量使用。,人类误判心理学|商业判断|投资与资本配置,附录模型库/延伸阅读,content/models/sunk-cost-economic-perspective.md,无,是,高,3,后人扩展但与芒格体系兼容；使用时必须标注为编辑扩展。,中
DOC-388,content/models/sunk-cost-fallacy.md,沉没成本谬误,7571,芒格,通用模型与编辑扩展,B,可从芒格原则直接推导，适合作为编者解释，不标为芒格原创。,人类误判心理学|投资与资本配置|商业判断,编者解释/检查清单,content/models/sunk-cost-fallacy.md,无,是,中,2,可从芒格反复使用的原则直接推导；当前模型名称或流程含编辑归纳。,高
DOC-389,content/models/sunk-cost-vs-marginal-cost.md,沉没成本vs边际成本,8041,芒格,通用模型与编辑扩展,C,与芒格体系兼容但属于后人扩展，主书只在必要处少量使用。,投资与资本配置|商业判断|人类误判心理学,附录模型库/延伸阅读,content/models/sunk-cost-vs-marginal-cost.md,无,是,高,3,后人扩展但与芒格体系兼容；使用时必须标注为编辑扩展。,中
DOC-390,content/models/superposition-and-emergence.md,叠加原理与涌现,6151,芒格,通用模型与编辑扩展,D,现有内部材料缺少芒格直接使用证据，且对主线贡献有限。,复杂系统与通用模型|人类误判心理学|理性训练与避免愚蠢,通用模型典藏/不进入主书,content/models/superposition-and-emergence.md,无,是,高,4,通用学科模型；现有内部材料尚未建立芒格直接使用证据。,中
DOC-391,content/models/supply-and-demand.md,供给与需求,6726,芒格,通用模型与编辑扩展,C,与芒格体系兼容但属于后人扩展，主书只在必要处少量使用。,知识格栅与多元模型|商业判断|投资与资本配置,附录模型库/延伸阅读,content/models/supply-and-demand.md,无,是,高,3,后人扩展但与芒格体系兼容；使用时必须标注为编辑扩展。,中
DOC-392,content/models/surfing-model.md,冲浪模型,7762,芒格,通用模型与编辑扩展,B,可从芒格原则直接推导，适合作为编者解释，不标为芒格原创。,知识格栅与多元模型|商业判断|复杂系统与通用模型,编者解释/检查清单,content/models/surfing-model.md,无,是,中,2,可从芒格反复使用的原则直接推导；当前模型名称或流程含编辑归纳。,高
DOC-393,content/models/survivorship-bias-historical-perspective.md,生存者偏差（历史视角）,5974,芒格,通用模型与编辑扩展,D,现有内部材料缺少芒格直接使用证据，且对主线贡献有限。,人类误判心理学|学习、品格与人生|商业判断,通用模型典藏/不进入主书,content/models/survivorship-bias-historical-perspective.md,无,是,高,4,通用学科模型；现有内部材料尚未建立芒格直接使用证据。,中
DOC-394,content/models/survivorship-bias.md,幸存者偏差,7124,芒格,通用模型与编辑扩展,C,与芒格体系兼容但属于后人扩展，主书只在必要处少量使用。,人类误判心理学|概率与数量思维|商业判断,附录模型库/延伸阅读,content/models/survivorship-bias.md,无,是,高,3,后人扩展但与芒格体系兼容；使用时必须标注为编辑扩展。,中
DOC-395,content/models/switching-costs.md,转换成本,7609,芒格,通用模型与编辑扩展,C,与芒格体系兼容但属于后人扩展，主书只在必要处少量使用。,商业判断|复杂系统与通用模型|人类误判心理学,附录模型库/延伸阅读,content/models/switching-costs.md,无,是,高,3,后人扩展但与芒格体系兼容；使用时必须标注为编辑扩展。,中
DOC-396,content/models/systems-thinking.md,系统思维,8528,芒格,通用模型与编辑扩展,C,与芒格体系兼容但属于后人扩展，主书只在必要处少量使用。,复杂系统与通用模型|知识格栅与多元模型|商业判断,附录模型库/延伸阅读,content/models/systems-thinking.md,无,是,高,3,后人扩展但与芒格体系兼容；使用时必须标注为编辑扩展。,中
DOC-397,content/models/technology-help-vs-destroy.md,技术对企业的利弊,8154,芒格,通用模型与编辑扩展,B,可从芒格原则直接推导，适合作为编者解释，不标为芒格原创。,商业判断|投资与资本配置|激励与制度,编者解释/检查清单,content/models/technology-help-vs-destroy.md,无,是,中,2,可从芒格反复使用的原则直接推导；当前模型名称或流程含编辑归纳。,高
DOC-398,content/models/theory-of-constraints.md,瓶颈理论,7448,芒格,通用模型与编辑扩展,C,与芒格体系兼容但属于后人扩展，主书只在必要处少量使用。,商业判断|复杂系统与通用模型|投资与资本配置,附录模型库/延伸阅读,content/models/theory-of-constraints.md,无,是,高,3,后人扩展但与芒格体系兼容；使用时必须标注为编辑扩展。,中
DOC-399,content/models/thought-experiments.md,思想实验,6104,芒格,通用模型与编辑扩展,D,现有内部材料缺少芒格直接使用证据，且对主线贡献有限。,商业判断|复杂系统与通用模型|投资与资本配置,通用模型典藏/不进入主书,content/models/thought-experiments.md,无,是,高,4,通用学科模型；现有内部材料尚未建立芒格直接使用证据。,中
DOC-400,content/models/tight-coupling-loose-coupling.md,紧耦合与松耦合,5773,芒格,通用模型与编辑扩展,D,现有内部材料缺少芒格直接使用证据，且对主线贡献有限。,复杂系统与通用模型|商业判断|投资与资本配置,通用模型典藏/不进入主书,content/models/tight-coupling-loose-coupling.md,无,是,高,4,通用学科模型；现有内部材料尚未建立芒格直接使用证据。,中
DOC-401,content/models/tipping-moment.md,倾覆力矩,4142,芒格,通用模型与编辑扩展,D,现有内部材料缺少芒格直接使用证据，且对主线贡献有限。,复杂系统与通用模型|投资与资本配置|知识格栅与多元模型,通用模型典藏/不进入主书,content/models/tipping-moment.md,无,是,高,4,通用学科模型；现有内部材料尚未建立芒格直接使用证据。,中
DOC-402,content/models/too-hard-pile.md,太难堆,6745,芒格,通用模型与编辑扩展,B,主题与芒格核心体系直接相关，但稿件身份是模型扩展，需与原始表达分栏。,逆向与决策工具|投资与资本配置|复杂系统与通用模型,机制解释/侧栏/图表素材,content/models/too-hard-pile.md,无,是,中,1,芒格在内部原始演讲、问答或访谈中明确提出或反复使用；不等于相关学科概念由芒格原创。,高
DOC-403,content/models/trade-off-analysis.md,权衡分析,6464,芒格,通用模型与编辑扩展,C,与芒格体系兼容但属于后人扩展，主书只在必要处少量使用。,投资与资本配置|复杂系统与通用模型|商业判断,附录模型库/延伸阅读,content/models/trade-off-analysis.md,无,是,高,3,后人扩展但与芒格体系兼容；使用时必须标注为编辑扩展。,中
DOC-404,content/models/tragedy-of-the-commons.md,公地悲剧,6345,芒格,通用模型与编辑扩展,D,现有内部材料缺少芒格直接使用证据，且对主线贡献有限。,激励与制度|商业判断|理性训练与避免愚蠢,通用模型典藏/不进入主书,content/models/tragedy-of-the-commons.md,无,是,高,4,通用学科模型；现有内部材料尚未建立芒格直接使用证据。,中
DOC-405,content/models/transaction-costs.md,交易成本,7400,芒格,通用模型与编辑扩展,C,与芒格体系兼容但属于后人扩展，主书只在必要处少量使用。,商业判断|激励与制度|投资与资本配置,附录模型库/延伸阅读,content/models/transaction-costs.md,无,是,高,3,后人扩展但与芒格体系兼容；使用时必须标注为编辑扩展。,中
DOC-406,content/models/twaddle-tendency.md,废话倾向,6679,芒格,通用模型与编辑扩展,B,主题与芒格核心体系直接相关，但稿件身份是模型扩展，需与原始表达分栏。,人类误判心理学|复杂系统与通用模型|知识格栅与多元模型,机制解释/侧栏/图表素材,content/models/twaddle-tendency.md,无,是,中,1,芒格在内部原始演讲、问答或访谈中明确提出或反复使用；不等于相关学科概念由芒格原创。,高
DOC-407,content/models/two-track-analysis.md,双轨分析,8062,芒格,通用模型与编辑扩展,B,主题与芒格核心体系直接相关，但稿件身份是模型扩展，需与原始表达分栏。,人类误判心理学|理性训练与避免愚蠢|商业判断,机制解释/侧栏/图表素材,content/munger-archive/mental-models/two-track-analysis.md,无,是,中,1,芒格在内部原始演讲、问答或访谈中明确提出或反复使用；不等于相关学科概念由芒格原创。,高
DOC-408,content/models/use-it-or-lose-it-tendency.md,不用就忘倾向,7073,芒格,通用模型与编辑扩展,B,主题与芒格核心体系直接相关，但稿件身份是模型扩展，需与原始表达分栏。,学习、品格与人生|人类误判心理学|知识格栅与多元模型,机制解释/侧栏/图表素材,content/models/use-it-or-lose-it-tendency.md,无,是,中,1,芒格在内部原始演讲、问答或访谈中明确提出或反复使用；不等于相关学科概念由芒格原创。,高
DOC-409,content/models/viscosity-friction.md,粘滞性与摩擦力,6378,芒格,通用模型与编辑扩展,D,现有内部材料缺少芒格直接使用证据，且对主线贡献有限。,商业判断|复杂系统与通用模型|投资与资本配置,通用模型典藏/不进入主书,content/models/viscosity-friction.md,无,是,高,4,通用学科模型；现有内部材料尚未建立芒格直接使用证据。,中
DOC-410,content/munger-archive/about.md,关于,866,芒格,人物档案/编辑整理,D,网站入口或索引页，独立思想内容有限。,商业判断|投资与资本配置,内部导航参考,content/munger-archive/about.md,无,是,中,,,高
DOC-411,content/munger-archive/architecture.md,建筑,1238,芒格,人物档案/编辑整理,B,人物、公司和生活背景有助于建立精神坐标，但不是人物原作。,学习、品格与人生|人类误判心理学|商业判断,人物导读/时间线/侧栏,content/munger-archive/architecture.md,无,是,中,,,高
DOC-412,content/munger-archive/books.md,书籍,6754,芒格,人物档案/编辑整理,B,人物、公司和生活背景有助于建立精神坐标，但不是人物原作。,复杂系统与通用模型|人类误判心理学|知识格栅与多元模型,人物导读/时间线/侧栏,content/munger-archive/books.md,无,是,中,,,高
DOC-413,content/munger-archive/companies.md,公司,1472,芒格,人物档案/编辑整理,B,人物、公司和生活背景有助于建立精神坐标，但不是人物原作。,商业判断|投资与资本配置,人物导读/时间线/侧栏,content/munger-archive/companies.md,无,是,中,,,高
DOC-414,content/munger-archive/daily-journal.md,每日期刊,4809,芒格,人物档案/编辑整理,B,人物、公司和生活背景有助于建立精神坐标，但不是人物原作。,商业判断,人物导读/时间线/侧栏,content/munger-archive/daily-journal.md,无,是,中,,,高
DOC-415,content/munger-archive/family.md,家庭,809,芒格,人物档案/编辑整理,B,人物、公司和生活背景有助于建立精神坐标，但不是人物原作。,学习、品格与人生|复杂系统与通用模型,人物导读/时间线/侧栏,content/munger-archive/family.md,无,是,中,,,高
DOC-416,content/munger-archive/home.md,首页,3546,芒格,人物档案/编辑整理,D,网站入口或索引页，独立思想内容有限。,知识格栅与多元模型|人类误判心理学|投资与资本配置,内部导航参考,content/munger-archive/home.md,无,是,中,,,高
DOC-417,content/munger-archive/investing-philosophy.md,投资哲学,1551,芒格,人物档案/编辑整理,B,人物、公司和生活背景有助于建立精神坐标，但不是人物原作。,投资与资本配置|商业判断|知识格栅与多元模型,人物导读/时间线/侧栏,content/munger-archive/investing-philosophy.md,无,是,中,,,高
DOC-418,content/munger-archive/life.md,生平,1299,芒格,人物档案/编辑整理,B,人物、公司和生活背景有助于建立精神坐标，但不是人物原作。,学习、品格与人生|投资与资本配置|概率与数量思维,人物导读/时间线/侧栏,content/munger-archive/life.md,无,是,中,,,高
DOC-419,content/munger-archive/mental-models.md,思维模型,3545,芒格,人物档案/编辑整理,D,网站入口或索引页，独立思想内容有限。,人类误判心理学|知识格栅与多元模型|学习、品格与人生,内部导航参考,content/munger-archive/mental-models.md,无,是,中,,,高
DOC-420,content/munger-archive/mental-models/authority-misinfluence.md,22 权威错误影响倾向,817,芒格,芒格思想档案摘要,B,短篇档案可作为芒格使用某模型的证据锚点，需与扩展稿分开。,人类误判心理学|理性训练与避免愚蠢|学习、品格与人生,证据锚点/侧栏,content/munger-archive/mental-models/authority-misinfluence.md,无,否,中,,,高
DOC-421,content/munger-archive/mental-models/availability-misweighing.md,18 易得性错误权衡倾向,835,芒格,芒格思想档案摘要,B,短篇档案可作为芒格使用某模型的证据锚点，需与扩展稿分开。,人类误判心理学|逆向与决策工具|概率与数量思维,证据锚点/侧栏,content/munger-archive/mental-models/availability-misweighing.md,无,否,中,,,高
DOC-422,content/munger-archive/mental-models/circle-of-competence.md,能力圈,494,芒格,芒格思想档案摘要,B,短篇档案可作为芒格使用某模型的证据锚点，需与扩展稿分开。,逆向与决策工具|投资与资本配置|知识格栅与多元模型,证据锚点/侧栏,content/munger-archive/mental-models/circle-of-competence.md,content/models/circle-of-competence.md,否,中,,,高
DOC-423,content/munger-archive/mental-models/contrast-misreaction.md,16 对比错误反应倾向,829,芒格,芒格思想档案摘要,B,短篇档案可作为芒格使用某模型的证据锚点，需与扩展稿分开。,人类误判心理学|复杂系统与通用模型,证据锚点/侧栏,content/munger-archive/mental-models/contrast-misreaction.md,无,否,中,,,高
DOC-424,content/munger-archive/mental-models/curiosity.md,06 好奇心倾向,797,芒格,芒格思想档案摘要,B,短篇档案可作为芒格使用某模型的证据锚点，需与扩展稿分开。,人类误判心理学|学习、品格与人生|复杂系统与通用模型,证据锚点/侧栏,content/munger-archive/mental-models/curiosity.md,无,否,中,,,高
DOC-425,content/munger-archive/mental-models/deprival-superreaction.md,14 被剥夺超级反应倾向,874,芒格,芒格思想档案摘要,B,短篇档案可作为芒格使用某模型的证据锚点，需与扩展稿分开。,人类误判心理学|理性训练与避免愚蠢|激励与制度,证据锚点/侧栏,content/munger-archive/mental-models/deprival-superreaction.md,无,否,中,,,高
DOC-426,content/munger-archive/mental-models/disliking-hating.md,03 厌恶/憎恨倾向,780,芒格,芒格思想档案摘要,B,短篇档案可作为芒格使用某模型的证据锚点，需与扩展稿分开。,人类误判心理学,证据锚点/侧栏,content/munger-archive/mental-models/disliking-hating.md,无,否,中,,,高
DOC-427,content/munger-archive/mental-models/doubt-avoidance.md,04 避免怀疑倾向,764,芒格,芒格思想档案摘要,B,短篇档案可作为芒格使用某模型的证据锚点，需与扩展稿分开。,人类误判心理学|学习、品格与人生|复杂系统与通用模型,证据锚点/侧栏,content/munger-archive/mental-models/doubt-avoidance.md,无,否,中,,,高
DOC-428,content/munger-archive/mental-models/drug-misinfluence.md,20 药物错误影响倾向,795,芒格,芒格思想档案摘要,B,短篇档案可作为芒格使用某模型的证据锚点，需与扩展稿分开。,人类误判心理学,证据锚点/侧栏,content/munger-archive/mental-models/drug-misinfluence.md,无,否,中,,,高
DOC-429,content/munger-archive/mental-models/envy-jealousy.md,08 嫉妒/妒忌倾向,826,芒格,芒格思想档案摘要,B,短篇档案可作为芒格使用某模型的证据锚点，需与扩展稿分开。,人类误判心理学|理性训练与避免愚蠢|学习、品格与人生,证据锚点/侧栏,content/munger-archive/mental-models/envy-jealousy.md,无,否,中,,,高
DOC-430,content/munger-archive/mental-models/excessive-self-regard.md,12 过度自我评价倾向,896,芒格,芒格思想档案摘要,B,短篇档案可作为芒格使用某模型的证据锚点，需与扩展稿分开。,人类误判心理学|理性训练与避免愚蠢|概率与数量思维,证据锚点/侧栏,content/munger-archive/mental-models/excessive-self-regard.md,无,否,中,,,高
DOC-431,content/munger-archive/mental-models/incentive-superresponse.md,01 奖惩超级反应倾向,700,芒格,芒格思想档案摘要,B,短篇档案可作为芒格使用某模型的证据锚点，需与扩展稿分开。,激励与制度|人类误判心理学|理性训练与避免愚蠢,证据锚点/侧栏,content/munger-archive/mental-models/incentive-superresponse.md,无,否,中,,,高
DOC-432,content/munger-archive/mental-models/inconsistency-avoidance.md,05 避免不一致倾向,813,芒格,芒格思想档案摘要,B,短篇档案可作为芒格使用某模型的证据锚点，需与扩展稿分开。,人类误判心理学,证据锚点/侧栏,content/munger-archive/mental-models/inconsistency-avoidance.md,无,否,中,,,高
DOC-433,content/munger-archive/mental-models/inversion.md,逆向思维,1020,芒格,芒格思想档案摘要,B,短篇档案可作为芒格使用某模型的证据锚点，需与扩展稿分开。,逆向与决策工具|人类误判心理学|理性训练与避免愚蠢,证据锚点/侧栏,content/munger-archive/mental-models/inversion.md,content/models/inversion.md,否,中,,,高
DOC-434,content/munger-archive/mental-models/kantian-fairness.md,07 康德式公平倾向,791,芒格,芒格思想档案摘要,B,短篇档案可作为芒格使用某模型的证据锚点，需与扩展稿分开。,激励与制度|人类误判心理学|学习、品格与人生,证据锚点/侧栏,content/munger-archive/mental-models/kantian-fairness.md,无,否,中,,,高
DOC-435,content/munger-archive/mental-models/latticework-of-mental-models.md,思维格栅,1384,芒格,芒格思想档案摘要,B,短篇档案可作为芒格使用某模型的证据锚点，需与扩展稿分开。,知识格栅与多元模型|人类误判心理学|复杂系统与通用模型,证据锚点/侧栏,content/munger-archive/mental-models/latticework-of-mental-models.md,无,否,中,,,高
DOC-436,content/munger-archive/mental-models/liking-loving.md,02 喜爱/热爱倾向,778,芒格,芒格思想档案摘要,B,短篇档案可作为芒格使用某模型的证据锚点，需与扩展稿分开。,人类误判心理学|学习、品格与人生|激励与制度,证据锚点/侧栏,content/munger-archive/mental-models/liking-loving.md,无,否,中,,,高
DOC-437,content/munger-archive/mental-models/lollapalooza.md,25 叠加效应倾向,851,芒格,芒格思想档案摘要,B,短篇档案可作为芒格使用某模型的证据锚点，需与扩展稿分开。,人类误判心理学|激励与制度,证据锚点/侧栏,content/munger-archive/mental-models/lollapalooza.md,无,否,中,,,高
DOC-438,content/munger-archive/mental-models/man-with-a-hammer.md,手里拿着锤子的人,670,芒格,芒格思想档案摘要,B,短篇档案可作为芒格使用某模型的证据锚点，需与扩展稿分开。,知识格栅与多元模型|人类误判心理学|激励与制度,证据锚点/侧栏,content/munger-archive/mental-models/man-with-a-hammer.md,无,否,中,,,高
DOC-439,content/munger-archive/mental-models/margin-of-safety.md,安全边际,980,芒格,芒格思想档案摘要,B,短篇档案可作为芒格使用某模型的证据锚点，需与扩展稿分开。,人类误判心理学|投资与资本配置|复杂系统与通用模型,证据锚点/侧栏,content/munger-archive/mental-models/margin-of-safety.md,content/models/margin-of-safety.md,否,中,,,高
DOC-440,content/munger-archive/mental-models/mere-association.md,10 单纯联想影响倾向,848,芒格,芒格思想档案摘要,B,短篇档案可作为芒格使用某模型的证据锚点，需与扩展稿分开。,人类误判心理学,证据锚点/侧栏,content/munger-archive/mental-models/mere-association.md,无,否,中,,,高
DOC-441,content/munger-archive/mental-models/moats-and-durable-advantage.md,护城河,651,芒格,芒格思想档案摘要,B,短篇档案可作为芒格使用某模型的证据锚点，需与扩展稿分开。,商业判断|知识格栅与多元模型|投资与资本配置,证据锚点/侧栏,content/munger-archive/mental-models/moats-and-durable-advantage.md,无,否,中,,,高
DOC-442,content/munger-archive/mental-models/opportunity-cost.md,机会成本,975,芒格,芒格思想档案摘要,B,短篇档案可作为芒格使用某模型的证据锚点，需与扩展稿分开。,逆向与决策工具|人类误判心理学|理性训练与避免愚蠢,证据锚点/侧栏,content/munger-archive/mental-models/opportunity-cost.md,content/models/opportunity-cost.md,否,中,,,高
DOC-443,content/munger-archive/mental-models/overoptimism.md,13 过度乐观倾向,802,芒格,芒格思想档案摘要,B,短篇档案可作为芒格使用某模型的证据锚点，需与扩展稿分开。,概率与数量思维|人类误判心理学,证据锚点/侧栏,content/munger-archive/mental-models/overoptimism.md,无,否,中,,,高
DOC-444,content/munger-archive/mental-models/psychological-denial.md,11 心理否认倾向,837,芒格,芒格思想档案摘要,B,短篇档案可作为芒格使用某模型的证据锚点，需与扩展稿分开。,人类误判心理学|商业判断|投资与资本配置,证据锚点/侧栏,content/munger-archive/mental-models/psychological-denial.md,无,否,中,,,高
DOC-445,content/munger-archive/mental-models/psychology-of-human-misjudgment.md,人类误判心理学 - 概览,3609,芒格,芒格思想档案摘要,B,短篇档案可作为芒格使用某模型的证据锚点，需与扩展稿分开。,人类误判心理学|激励与制度|理性训练与避免愚蠢,证据锚点/侧栏,content/munger-archive/mental-models/psychology-of-human-misjudgment.md,无,否,中,,,高
DOC-446,content/munger-archive/mental-models/reason-respecting.md,24 重视理由倾向,824,芒格,芒格思想档案摘要,B,短篇档案可作为芒格使用某模型的证据锚点，需与扩展稿分开。,人类误判心理学|学习、品格与人生,证据锚点/侧栏,content/munger-archive/mental-models/reason-respecting.md,无,否,中,,,高
DOC-447,content/munger-archive/mental-models/reciprocation.md,09 互惠倾向,844,芒格,芒格思想档案摘要,B,短篇档案可作为芒格使用某模型的证据锚点，需与扩展稿分开。,人类误判心理学|学习、品格与人生,证据锚点/侧栏,content/munger-archive/mental-models/reciprocation.md,无,否,中,,,高
DOC-448,content/munger-archive/mental-models/senescence-misinfluence.md,21 衰老错误影响倾向,791,芒格,芒格思想档案摘要,B,短篇档案可作为芒格使用某模型的证据锚点，需与扩展稿分开。,人类误判心理学|学习、品格与人生|知识格栅与多元模型,证据锚点/侧栏,content/munger-archive/mental-models/senescence-misinfluence.md,无,否,中,,,高
DOC-449,content/munger-archive/mental-models/sit-on-your-ass-investing.md,坐等不动投资,988,芒格,芒格思想档案摘要,B,短篇档案可作为芒格使用某模型的证据锚点，需与扩展稿分开。,人类误判心理学|商业判断|投资与资本配置,证据锚点/侧栏,content/munger-archive/mental-models/sit-on-your-ass-investing.md,无,否,中,,,高
DOC-450,content/munger-archive/mental-models/social-proof.md,15 社会认同倾向,866,芒格,芒格思想档案摘要,B,短篇档案可作为芒格使用某模型的证据锚点，需与扩展稿分开。,人类误判心理学|理性训练与避免愚蠢|商业判断,证据锚点/侧栏,content/munger-archive/mental-models/social-proof.md,无,否,中,,,高
DOC-451,content/munger-archive/mental-models/stress-influence.md,17 压力影响倾向,838,芒格,芒格思想档案摘要,B,短篇档案可作为芒格使用某模型的证据锚点，需与扩展稿分开。,人类误判心理学|投资与资本配置,证据锚点/侧栏,content/munger-archive/mental-models/stress-influence.md,无,否,中,,,高
DOC-452,content/munger-archive/mental-models/twaddle.md,23 废话倾向,809,芒格,芒格思想档案摘要,B,短篇档案可作为芒格使用某模型的证据锚点，需与扩展稿分开。,人类误判心理学|商业判断|学习、品格与人生,证据锚点/侧栏,content/munger-archive/mental-models/twaddle.md,无,否,中,,,高
DOC-453,content/munger-archive/mental-models/two-track-analysis.md,双轨分析,1015,芒格,芒格思想档案摘要,B,短篇档案可作为芒格使用某模型的证据锚点，需与扩展稿分开。,人类误判心理学|理性训练与避免愚蠢|激励与制度,证据锚点/侧栏,content/munger-archive/mental-models/two-track-analysis.md,content/models/two-track-analysis.md,否,中,,,高
DOC-454,content/munger-archive/mental-models/use-it-or-lose-it.md,19 用进废退倾向,788,芒格,芒格思想档案摘要,B,短篇档案可作为芒格使用某模型的证据锚点，需与扩展稿分开。,人类误判心理学|知识格栅与多元模型|学习、品格与人生,证据锚点/侧栏,content/munger-archive/mental-models/use-it-or-lose-it.md,无,否,中,,,高
DOC-455,content/munger-archive/philanthropy.md,慈善,999,芒格,人物档案/编辑整理,B,人物、公司和生活背景有助于建立精神坐标，但不是人物原作。,学习、品格与人生|投资与资本配置,人物导读/时间线/侧栏,content/munger-archive/philanthropy.md,无,是,中,,,高
DOC-456,content/munger-archive/quotes.md,语录,15268,芒格,人物档案/编辑整理,D,网站入口或索引页，独立思想内容有限。,学习、品格与人生|投资与资本配置|人类误判心理学,内部导航参考,content/munger-archive/quotes.md,无,是,中,,,高
DOC-457,content/munger-archive/quotes/quotes-avoiding-stupidity.md,芒格论避免愚蠢,10117,芒格,语录索引与二次编排,C,语录适合索引和检索，缺少上下文时不作为主书论证主体。,理性训练与避免愚蠢|投资与资本配置|商业判断,语录索引/附录,content/munger-archive/quotes/quotes-avoiding-stupidity.md,无,否,中,,,高
DOC-458,content/munger-archive/quotes/quotes-banking.md,芒格论银行业,1660,芒格,语录索引与二次编排,C,语录适合索引和检索，缺少上下文时不作为主书论证主体。,投资与资本配置|概率与数量思维|激励与制度,语录索引/附录,content/munger-archive/quotes/quotes-banking.md,无,否,中,,,高
DOC-459,content/munger-archive/quotes/quotes-character.md,芒格论品格,6128,芒格,语录索引与二次编排,C,语录适合索引和检索，缺少上下文时不作为主书论证主体。,学习、品格与人生|投资与资本配置|人类误判心理学,语录索引/附录,content/munger-archive/quotes/quotes-character.md,无,否,中,,,高
DOC-460,content/munger-archive/quotes/quotes-circle-of-competence.md,芒格论能力圈,2831,芒格,语录索引与二次编排,C,语录适合索引和检索，缺少上下文时不作为主书论证主体。,逆向与决策工具|投资与资本配置,语录索引/附录,content/munger-archive/quotes/quotes-circle-of-competence.md,无,否,中,,,高
DOC-461,content/munger-archive/quotes/quotes-concentration.md,芒格论集中,1422,芒格,语录索引与二次编排,C,语录适合索引和检索，缺少上下文时不作为主书论证主体。,投资与资本配置,语录索引/附录,content/munger-archive/quotes/quotes-concentration.md,无,否,中,,,高
DOC-462,content/munger-archive/quotes/quotes-cooperation.md,芒格论合作,603,芒格,语录索引与二次编排,C,语录适合索引和检索，缺少上下文时不作为主书论证主体。,学习、品格与人生,语录索引/附录,content/munger-archive/quotes/quotes-cooperation.md,无,否,中,,,高
DOC-463,content/munger-archive/quotes/quotes-costco.md,芒格论好市多,586,芒格,语录索引与二次编排,C,语录适合索引和检索，缺少上下文时不作为主书论证主体。,商业判断,语录索引/附录,content/munger-archive/quotes/quotes-costco.md,无,否,中,,,高
DOC-464,content/munger-archive/quotes/quotes-crypto.md,芒格论加密货币,1581,芒格,语录索引与二次编排,C,语录适合索引和检索，缺少上下文时不作为主书论证主体。,背景资料,语录索引/附录,content/munger-archive/quotes/quotes-crypto.md,无,否,中,,,高
DOC-465,content/munger-archive/quotes/quotes-decision-making.md,芒格论决策,1363,芒格,语录索引与二次编排,C,语录适合索引和检索，缺少上下文时不作为主书论证主体。,理性训练与避免愚蠢|逆向与决策工具,语录索引/附录,content/munger-archive/quotes/quotes-decision-making.md,无,否,中,,,高
DOC-466,content/munger-archive/quotes/quotes-envy.md,芒格论嫉妒,1179,芒格,语录索引与二次编排,C,语录适合索引和检索，缺少上下文时不作为主书论证主体。,人类误判心理学|投资与资本配置|理性训练与避免愚蠢,语录索引/附录,content/munger-archive/quotes/quotes-envy.md,无,否,中,,,高
DOC-467,content/munger-archive/quotes/quotes-ethics.md,芒格论道德伦理,4240,芒格,语录索引与二次编排,C,语录适合索引和检索，缺少上下文时不作为主书论证主体。,投资与资本配置|理性训练与避免愚蠢,语录索引/附录,content/munger-archive/quotes/quotes-ethics.md,无,否,中,,,高
DOC-468,content/munger-archive/quotes/quotes-fairness.md,芒格论公平,1002,芒格,语录索引与二次编排,C,语录适合索引和检索，缺少上下文时不作为主书论证主体。,激励与制度|复杂系统与通用模型,语录索引/附录,content/munger-archive/quotes/quotes-fairness.md,无,否,中,,,高
DOC-469,content/munger-archive/quotes/quotes-happiness.md,芒格论幸福,2570,芒格,语录索引与二次编排,C,语录适合索引和检索，缺少上下文时不作为主书论证主体。,学习、品格与人生|激励与制度|投资与资本配置,语录索引/附录,content/munger-archive/quotes/quotes-happiness.md,无,否,中,,,高
DOC-470,content/munger-archive/quotes/quotes-humility.md,芒格论谦逊,2205,芒格,语录索引与二次编排,C,语录适合索引和检索，缺少上下文时不作为主书论证主体。,理性训练与避免愚蠢|人类误判心理学|投资与资本配置,语录索引/附录,content/munger-archive/quotes/quotes-humility.md,无,否,中,,,高
DOC-471,content/munger-archive/quotes/quotes-incentives.md,芒格论激励,3648,芒格,语录索引与二次编排,C,语录适合索引和检索，缺少上下文时不作为主书论证主体。,激励与制度|人类误判心理学|投资与资本配置,语录索引/附录,content/munger-archive/quotes/quotes-incentives.md,无,否,中,,,高
DOC-472,content/munger-archive/quotes/quotes-independence.md,芒格论独立,6782,芒格,语录索引与二次编排,C,语录适合索引和检索，缺少上下文时不作为主书论证主体。,理性训练与避免愚蠢|投资与资本配置|商业判断,语录索引/附录,content/munger-archive/quotes/quotes-independence.md,无,否,中,,,高
DOC-473,content/munger-archive/quotes/quotes-inversion.md,芒格谈逆向思考,730,芒格,语录索引与二次编排,C,语录适合索引和检索，缺少上下文时不作为主书论证主体。,逆向与决策工具|人类误判心理学,语录索引/附录,content/munger-archive/quotes/quotes-inversion.md,无,否,中,,,高
DOC-474,content/munger-archive/quotes/quotes-learning.md,芒格谈学习,7391,芒格,语录索引与二次编排,C,语录适合索引和检索，缺少上下文时不作为主书论证主体。,学习、品格与人生|知识格栅与多元模型|投资与资本配置,语录索引/附录,content/munger-archive/quotes/quotes-learning.md,无,否,中,,,高
DOC-475,content/munger-archive/quotes/quotes-money.md,芒格谈金钱与费用,3663,芒格,语录索引与二次编排,C,语录适合索引和检索，缺少上下文时不作为主书论证主体。,商业判断|投资与资本配置|理性训练与避免愚蠢,语录索引/附录,content/munger-archive/quotes/quotes-money.md,无,否,中,,,高
DOC-476,content/munger-archive/quotes/quotes-opportunity.md,芒格论机遇,3949,芒格,语录索引与二次编排,C,语录适合索引和检索，缺少上下文时不作为主书论证主体。,投资与资本配置|逆向与决策工具|学习、品格与人生,语录索引/附录,content/munger-archive/quotes/quotes-opportunity.md,无,否,中,,,高
DOC-477,content/munger-archive/quotes/quotes-partnership.md,芒格论合伙,1954,芒格,语录索引与二次编排,C,语录适合索引和检索，缺少上下文时不作为主书论证主体。,投资与资本配置|商业判断|学习、品格与人生,语录索引/附录,content/munger-archive/quotes/quotes-partnership.md,无,否,中,,,高
DOC-478,content/munger-archive/quotes/quotes-patience.md,芒格论耐心,3058,芒格,语录索引与二次编排,C,语录适合索引和检索，缺少上下文时不作为主书论证主体。,投资与资本配置|学习、品格与人生|商业判断,语录索引/附录,content/munger-archive/quotes/quotes-patience.md,无,否,中,,,高
DOC-479,content/munger-archive/quotes/quotes-quality.md,芒格论质量与护城河,5207,芒格,语录索引与二次编排,C,语录适合索引和检索，缺少上下文时不作为主书论证主体。,商业判断|投资与资本配置|复杂系统与通用模型,语录索引/附录,content/munger-archive/quotes/quotes-quality.md,无,否,中,,,高
DOC-480,content/munger-archive/quotes/quotes-reading.md,芒格论阅读,1026,芒格,语录索引与二次编排,C,语录适合索引和检索，缺少上下文时不作为主书论证主体。,学习、品格与人生,语录索引/附录,content/munger-archive/quotes/quotes-reading.md,无,否,中,,,高
DOC-481,content/munger-archive/quotes/quotes-simplicity.md,芒格论简单,2082,芒格,语录索引与二次编排,C,语录适合索引和检索，缺少上下文时不作为主书论证主体。,知识格栅与多元模型|投资与资本配置,语录索引/附录,content/munger-archive/quotes/quotes-simplicity.md,无,否,中,,,高
DOC-482,content/munger-archive/quotes/quotes-temperament.md,芒格论性情,8826,芒格,语录索引与二次编排,C,语录适合索引和检索，缺少上下文时不作为主书论证主体。,学习、品格与人生|投资与资本配置|理性训练与避免愚蠢,语录索引/附录,content/munger-archive/quotes/quotes-temperament.md,无,否,中,,,高
DOC-483,content/munger-archive/quotes/quotes-wit.md,芒格论风趣,5766,芒格,语录索引与二次编排,C,语录适合索引和检索，缺少上下文时不作为主书论证主体。,投资与资本配置|理性训练与避免愚蠢|人类误判心理学,语录索引/附录,content/munger-archive/quotes/quotes-wit.md,无,否,中,,,高
DOC-484,content/munger-archive/recordings.md,影音记录,17082,芒格,人物档案/编辑整理,D,网站入口或索引页，独立思想内容有限。,商业判断,内部导航参考,content/munger-archive/recordings.md,无,是,中,,,高
DOC-485,content/munger-archive/recordings/acquired-charlie-munger-2023.md,查理·芒格做客 Acquired 播客（2023）,3801,芒格,访谈/会议转录与中文翻译,B,访谈和会议提供晚年实践语境，适合按主题抽取。,学习、品格与人生|商业判断|投资与资本配置,案例/延伸阅读,content/munger-archive/recordings/acquired-charlie-munger-2023.md,无,否,低,,,高
DOC-486,content/munger-archive/recordings/bbc-boom-and-bust-2009.md,查理·芒格论繁荣与萧条（BBC，2009）,856,芒格,访谈/会议转录与中文翻译,B,访谈和会议提供晚年实践语境，适合按主题抽取。,激励与制度|投资与资本配置|学习、品格与人生,案例/延伸阅读,content/munger-archive/recordings/bbc-boom-and-bust-2009.md,无,否,低,,,高
DOC-487,content/munger-archive/recordings/berkshire-2023-annual-meeting.md,伯克希尔-哈撒韦2023年年度股东大会——巴菲特与芒格最后一次同台,858,芒格,访谈/会议转录与中文翻译,B,访谈和会议提供晚年实践语境，适合按主题抽取。,学习、品格与人生,案例/延伸阅读,content/munger-archive/recordings/berkshire-2023-annual-meeting.md,无,否,低,,,高
DOC-488,content/munger-archive/recordings/berkshire-hathaway-annual-meetings.md,伯克希尔-哈撒韦年度股东大会（1994年至今）,1368,芒格,访谈/会议转录与中文翻译,B,访谈和会议提供晚年实践语境，适合按主题抽取。,投资与资本配置|学习、品格与人生|复杂系统与通用模型,案例/延伸阅读,content/munger-archive/recordings/berkshire-hathaway-annual-meetings.md,无,否,低,,,高
DOC-489,content/munger-archive/recordings/caltech-2008.md,加州理工学院杜布里奇杰出讲座（2008）,1061,芒格,访谈/会议转录与中文翻译,B,访谈和会议提供晚年实践语境，适合按主题抽取。,复杂系统与通用模型|学习、品格与人生|投资与资本配置,案例/延伸阅读,content/munger-archive/recordings/caltech-2008.md,无,否,低,,,高
DOC-490,content/munger-archive/recordings/caltech-2020.md,与查理·芒格的一席谈——加州理工学院杰出校友（2020）,1101,芒格,访谈/会议转录与中文翻译,B,访谈和会议提供晚年实践语境，适合按主题抽取。,理性训练与避免愚蠢|概率与数量思维|学习、品格与人生,案例/延伸阅读,content/munger-archive/recordings/caltech-2020.md,无,否,低,,,高
DOC-491,content/munger-archive/recordings/cnbc-2019.md,查理·芒格谈投资（CNBC，2019）,912,芒格,访谈/会议转录与中文翻译,B,访谈和会议提供晚年实践语境，适合按主题抽取。,投资与资本配置|商业判断|学习、品格与人生,案例/延伸阅读,content/munger-archive/recordings/cnbc-2019.md,无,否,低,,,高
DOC-492,content/munger-archive/recordings/cnbc-final-interview-2023.md,查理·芒格的最后一次CNBC访谈（2023）,4083,芒格,访谈/会议转录与中文翻译,B,访谈和会议提供晚年实践语境，适合按主题抽取。,投资与资本配置|学习、品格与人生|激励与制度,案例/延伸阅读,content/munger-archive/recordings/cnbc-final-interview-2023.md,无,否,低,,,高
DOC-493,content/munger-archive/recordings/daily-journal-2015.md,每日期刊2015年年会,758,芒格,访谈/会议转录与中文翻译,B,访谈和会议提供晚年实践语境，适合按主题抽取。,商业判断|学习、品格与人生,案例/延伸阅读,content/munger-archive/recordings/daily-journal-2015.md,无,否,低,,,高
DOC-494,content/munger-archive/recordings/daily-journal-2016.md,每日期刊2016年年会,3774,芒格,访谈/会议转录与中文翻译,B,访谈和会议提供晚年实践语境，适合按主题抽取。,商业判断|学习、品格与人生|逆向与决策工具,案例/延伸阅读,content/munger-archive/recordings/daily-journal-2016.md,无,否,低,,,高
DOC-495,content/munger-archive/recordings/daily-journal-2017-fireside.md,2017 年每日期刊大会后的炉边谈话,1335,芒格,访谈/会议转录与中文翻译,B,访谈和会议提供晚年实践语境，适合按主题抽取。,学习、品格与人生|投资与资本配置|商业判断,案例/延伸阅读,content/munger-archive/recordings/daily-journal-2017-fireside.md,无,否,低,,,高
DOC-496,content/munger-archive/recordings/daily-journal-2017.md,每日期刊 2017 年股东大会,1330,芒格,访谈/会议转录与中文翻译,B,访谈和会议提供晚年实践语境，适合按主题抽取。,商业判断|学习、品格与人生|复杂系统与通用模型,案例/延伸阅读,content/munger-archive/recordings/daily-journal-2017.md,无,否,低,,,高
DOC-497,content/munger-archive/recordings/daily-journal-2018.md,每日期刊 2018 年股东大会,3827,芒格,访谈/会议转录与中文翻译,B,访谈和会议提供晚年实践语境，适合按主题抽取。,商业判断|知识格栅与多元模型|激励与制度,案例/延伸阅读,content/munger-archive/recordings/daily-journal-2018.md,无,否,低,,,高
DOC-498,content/munger-archive/recordings/daily-journal-2019.md,2019年每日期刊年度股东会,1248,芒格,访谈/会议转录与中文翻译,B,访谈和会议提供晚年实践语境，适合按主题抽取。,投资与资本配置|学习、品格与人生|理性训练与避免愚蠢,案例/延伸阅读,content/munger-archive/recordings/daily-journal-2019.md,无,否,低,,,高
DOC-499,content/munger-archive/recordings/daily-journal-2020.md,2020年每日期刊年度股东会,1225,芒格,访谈/会议转录与中文翻译,B,包含核心思想或演变语境，但需与宝典版和其他转录比较。,理性训练与避免愚蠢|逆向与决策工具|商业判断,案例/思想演变/译文校对,content/munger-archive/recordings/daily-journal-2020.md,无,否,低,,,高
DOC-500,content/munger-archive/recordings/daily-journal-2021.md,2021年每日期刊年度股东会,1217,芒格,访谈/会议转录与中文翻译,B,访谈和会议提供晚年实践语境，适合按主题抽取。,投资与资本配置|商业判断|学习、品格与人生,案例/延伸阅读,content/munger-archive/recordings/daily-journal-2021.md,无,否,低,,,高
DOC-501,content/munger-archive/recordings/daily-journal-2022.md,每日期刊2022年年会,1338,芒格,访谈/会议转录与中文翻译,B,访谈和会议提供晚年实践语境，适合按主题抽取。,人类误判心理学|投资与资本配置|学习、品格与人生,案例/延伸阅读,content/munger-archive/recordings/daily-journal-2022.md,无,否,低,,,高
DOC-502,content/munger-archive/recordings/daily-journal-2023.md,每日期刊2023年年会,916,芒格,访谈/会议转录与中文翻译,B,包含核心思想或演变语境，但需与宝典版和其他转录比较。,学习、品格与人生|商业判断|投资与资本配置,案例/思想演变/译文校对,content/munger-archive/recordings/daily-journal-2023.md,无,否,低,,,高
DOC-503,content/munger-archive/recordings/harvard-1986-misery.md,如何确保一生悲惨（哈佛中学，1986）,3987,芒格,访谈/会议转录与中文翻译,B,包含核心思想或演变语境，但需与宝典版和其他转录比较。,学习、品格与人生|知识格栅与多元模型|人类误判心理学,案例/思想演变/译文校对,poor-charlies-almanack/poor-charlies-almanack-talk-one.md,无,否,低,,,高
DOC-504,content/munger-archive/recordings/harvard-law-1998-multidisciplinary.md,对更多跨学科技能的需要（哈佛法学院50周年同学会，1998）,2167,芒格,访谈/会议转录与中文翻译,B,访谈和会议提供晚年实践语境，适合按主题抽取。,知识格栅与多元模型|人类误判心理学|激励与制度,案例/延伸阅读,poor-charlies-almanack/poor-charlies-almanack-talk-five.md,无,否,低,,,高
DOC-505,content/munger-archive/recordings/invest-like-the-best-2023.md,查理·芒格与约翰·科里森（《最好的投资》，2023）,1526,芒格,访谈/会议转录与中文翻译,B,访谈和会议提供晚年实践语境，适合按主题抽取。,投资与资本配置|学习、品格与人生|知识格栅与多元模型,案例/延伸阅读,content/munger-archive/recordings/invest-like-the-best-2023.md,无,否,低,,,高
DOC-506,content/munger-archive/recordings/michigan-2011.md,与查理·芒格的对话（密歇根大学，2011年）,992,芒格,访谈/会议转录与中文翻译,B,访谈和会议提供晚年实践语境，适合按主题抽取。,学习、品格与人生|理性训练与避免愚蠢,案例/延伸阅读,content/munger-archive/recordings/michigan-2011.md,无,否,低,,,高
DOC-507,content/munger-archive/recordings/michigan-ross-2017.md,与查理·芒格的对话（密歇根罗斯商学院，2017年）,1082,芒格,访谈/会议转录与中文翻译,B,访谈和会议提供晚年实践语境，适合按主题抽取。,学习、品格与人生,案例/延伸阅读,content/munger-archive/recordings/michigan-ross-2017.md,无,否,低,,,高
DOC-508,content/munger-archive/recordings/munger-li-lu-2018.md,查理·芒格与李录谈中国（2018年）,1082,芒格,访谈/会议转录与中文翻译,B,访谈和会议提供晚年实践语境，适合按主题抽取。,投资与资本配置|人类误判心理学|激励与制度,案例/延伸阅读,content/munger-archive/recordings/munger-li-lu-2018.md,无,否,低,,,高
DOC-509,content/munger-archive/recordings/power-of-partnership-2016.md,与沃伦·巴菲特合伙的力量（2016）,895,芒格,访谈/会议转录与中文翻译,B,访谈和会议提供晚年实践语境，适合按主题抽取。,投资与资本配置|激励与制度|商业判断,案例/延伸阅读,content/munger-archive/recordings/power-of-partnership-2016.md,无,否,低,,,高
DOC-510,content/munger-archive/recordings/psychology-of-human-misjudgment-1995.md,人类误判心理学（1995）,1805,芒格,访谈/会议转录与中文翻译,B,包含核心思想或演变语境，但需与宝典版和其他转录比较。,人类误判心理学|理性训练与避免愚蠢|知识格栅与多元模型,案例/思想演变/译文校对,poor-charlies-almanack/poor-charlies-almanack-talk-eleven.md,无,否,低,,,高
DOC-511,content/munger-archive/recordings/singleton-prize-2022.md,论领导力与资本配置，与托德·库姆斯对谈（2022）,1075,芒格,访谈/会议转录与中文翻译,B,访谈和会议提供晚年实践语境，适合按主题抽取。,投资与资本配置|商业判断|理性训练与避免愚蠢,案例/延伸阅读,content/munger-archive/recordings/singleton-prize-2022.md,无,否,低,,,高
DOC-512,content/munger-archive/recordings/stanford-1996-worldly-wisdom.md,普世智慧再探（斯坦福法学院，1996）,2862,芒格,访谈/会议转录与中文翻译,B,访谈和会议提供晚年实践语境，适合按主题抽取。,知识格栅与多元模型|人类误判心理学|激励与制度,案例/延伸阅读,poor-charlies-almanack/poor-charlies-almanack-talk-three.md,无,否,低,,,高
DOC-513,content/munger-archive/recordings/stanford-grundfest-2009.md,当前的经济危机——芒格与约瑟夫·格伦德费斯特对谈（斯坦福，2009）,839,芒格,访谈/会议转录与中文翻译,B,访谈和会议提供晚年实践语境，适合按主题抽取。,激励与制度|投资与资本配置|学习、品格与人生,案例/延伸阅读,content/munger-archive/recordings/stanford-grundfest-2009.md,无,否,低,,,高
DOC-514,content/munger-archive/recordings/ucsb-2003-academic-economics.md,学院派经济学：长处与缺陷（加州大学圣巴巴拉分校，2003）,3675,芒格,访谈/会议转录与中文翻译,B,包含核心思想或演变语境，但需与宝典版和其他转录比较。,人类误判心理学|激励与制度|复杂系统与通用模型,案例/思想演变/译文校对,poor-charlies-almanack/poor-charlies-almanack-talk-nine.md,无,否,低,,,高
DOC-515,content/munger-archive/recordings/usc-1994-worldly-wisdom.md,关于基本的世俗智慧的一课（南加州大学，1994）,2245,芒格,访谈/会议转录与中文翻译,B,包含核心思想或演变语境，但需与宝典版和其他转录比较。,知识格栅与多元模型|人类误判心理学|复杂系统与通用模型,案例/思想演变/译文校对,poor-charlies-almanack/poor-charlies-almanack-talk-two.md,无,否,低,,,高
DOC-516,content/munger-archive/recordings/usc-law-2007.md,南加州大学法学院毕业典礼演讲（2007）,1230,芒格,访谈/会议转录与中文翻译,B,访谈和会议提供晚年实践语境，适合按主题抽取。,知识格栅与多元模型|学习、品格与人生|理性训练与避免愚蠢,案例/延伸阅读,poor-charlies-almanack/poor-charlies-almanack-talk-ten.md,无,否,低,,,高
DOC-517,content/munger-archive/recordings/wsj-unplugged-2019.md,查理·芒格，畅所欲言（《华尔街日报》/ 杰森·茨威格，2019）,2282,芒格,访谈/会议转录与中文翻译,B,访谈和会议提供晚年实践语境，适合按主题抽取。,投资与资本配置|学习、品格与人生|理性训练与避免愚蠢,案例/延伸阅读,content/munger-archive/recordings/wsj-unplugged-2019.md,无,否,低,,,高
DOC-518,content/munger-archive/recordings/yahoo-2019-china.md,查理·芒格谈中国崛起与埃隆·马斯克（雅虎财经，2019）,963,芒格,访谈/会议转录与中文翻译,B,访谈和会议提供晚年实践语境，适合按主题抽取。,商业判断|学习、品格与人生,案例/延伸阅读,content/munger-archive/recordings/yahoo-2019-china.md,无,否,低,,,高
DOC-519,content/munger-archive/recordings/yahoo-2019-wealth.md,查理·芒格谈投资与成就财富的人生抉择（2019）,956,芒格,访谈/会议转录与中文翻译,B,访谈和会议提供晚年实践语境，适合按主题抽取。,学习、品格与人生|投资与资本配置|概率与数量思维,案例/延伸阅读,content/munger-archive/recordings/yahoo-2019-wealth.md,无,否,低,,,高
DOC-520,content/munger-originals/wesco-letter-1997.md,Wesco Financial Corporation Letter to Shareholders 1997,27784,芒格,英文原始文献,C,英文原始文献适合校对、注释和典藏，不直接占用中文主书篇幅。,投资与资本配置,来源校对/典藏层,content/munger-originals/wesco-letter-1997.md,无,否,低,,,高
DOC-521,content/munger-originals/wesco-letter-1998.md,Wesco Financial Corporation Letter to Shareholders 1998,25721,芒格,英文原始文献,C,英文原始文献适合校对、注释和典藏，不直接占用中文主书篇幅。,投资与资本配置,来源校对/典藏层,content/munger-originals/wesco-letter-1998.md,无,否,低,,,高
DOC-522,content/munger-originals/wesco-letter-1999.md,Wesco Financial Corporation Letter to Shareholders 1999,22468,芒格,英文原始文献,C,英文原始文献适合校对、注释和典藏，不直接占用中文主书篇幅。,投资与资本配置,来源校对/典藏层,content/munger-originals/wesco-letter-1999.md,无,否,低,,,高
DOC-523,content/munger-originals/wesco-letter-2000.md,Wesco Financial Corporation Letter to Shareholders 2000,18537,芒格,英文原始文献,C,英文原始文献适合校对、注释和典藏，不直接占用中文主书篇幅。,投资与资本配置,来源校对/典藏层,content/munger-originals/wesco-letter-2000.md,无,否,低,,,高
DOC-524,content/munger-originals/wesco-letter-2001.md,Wesco Financial Corporation Letter to Shareholders 2001,20984,芒格,英文原始文献,C,英文原始文献适合校对、注释和典藏，不直接占用中文主书篇幅。,投资与资本配置,来源校对/典藏层,content/munger-originals/wesco-letter-2001.md,无,否,低,,,高
DOC-525,content/munger-originals/wesco-letter-2002.md,Wesco Financial Corporation Letter to Shareholders 2002,24221,芒格,英文原始文献,C,英文原始文献适合校对、注释和典藏，不直接占用中文主书篇幅。,投资与资本配置,来源校对/典藏层,content/munger-originals/wesco-letter-2002.md,无,否,低,,,高
DOC-526,content/munger-originals/wesco-letter-2003.md,Wesco Financial Corporation Letter to Shareholders 2003,22940,芒格,英文原始文献,C,英文原始文献适合校对、注释和典藏，不直接占用中文主书篇幅。,投资与资本配置,来源校对/典藏层,content/munger-originals/wesco-letter-2003.md,无,否,低,,,高
DOC-527,content/munger-originals/wesco-letter-2004.md,Wesco Financial Corporation Letter to Shareholders 2004,25920,芒格,英文原始文献,C,英文原始文献适合校对、注释和典藏，不直接占用中文主书篇幅。,投资与资本配置,来源校对/典藏层,content/munger-originals/wesco-letter-2004.md,无,否,低,,,高
DOC-528,content/munger-originals/wesco-letter-2005.md,Wesco Financial Corporation Letter to Shareholders 2005,26246,芒格,英文原始文献,C,英文原始文献适合校对、注释和典藏，不直接占用中文主书篇幅。,投资与资本配置,来源校对/典藏层,content/munger-originals/wesco-letter-2005.md,无,否,低,,,高
DOC-529,content/munger-originals/wesco-letter-2006.md,Wesco Financial Corporation Letter to Shareholders 2006,24706,芒格,英文原始文献,C,英文原始文献适合校对、注释和典藏，不直接占用中文主书篇幅。,投资与资本配置,来源校对/典藏层,content/munger-originals/wesco-letter-2006.md,无,否,低,,,高
DOC-530,content/munger-originals/wesco-letter-2007.md,Wesco Financial Corporation Letter to Shareholders 2007,23597,芒格,英文原始文献,C,英文原始文献适合校对、注释和典藏，不直接占用中文主书篇幅。,投资与资本配置,来源校对/典藏层,content/munger-originals/wesco-letter-2007.md,无,否,低,,,高
DOC-531,content/munger-originals/wesco-letter-2008.md,Wesco Financial Corporation Letter to Shareholders 2008,26367,芒格,英文原始文献,C,英文原始文献适合校对、注释和典藏，不直接占用中文主书篇幅。,投资与资本配置,来源校对/典藏层,content/munger-originals/wesco-letter-2008.md,无,否,低,,,高
DOC-532,content/munger-originals/wesco-letter-2009.md,Wesco Financial Corporation Letter to Shareholders 2009,24494,芒格,英文原始文献,C,英文原始文献适合校对、注释和典藏，不直接占用中文主书篇幅。,投资与资本配置,来源校对/典藏层,content/munger-originals/wesco-letter-2009.md,无,否,低,,,高
DOC-533,content/partnership/partnership_1956-有限合伙协议.md,partnership_1956-有限合伙协议,2078,巴菲特,巴菲特合伙人信/协议中文翻译,C,保留早期实践资料价值，主书仅按问题抽取。,市场、风险与错误|资本配置|长期复利与品格,典藏层/时间线,content/partnership/partnership_1956-有限合伙协议.md,content/articles/buffett/巴菲特合伙契约_1956.md,否,低,,,高
DOC-534,content/partnership/partnership_1957-巴菲特致合伙人信.md,partnership_1957-巴菲特致合伙人信,2211,巴菲特,巴菲特合伙人信/协议中文翻译,C,保留早期实践资料价值，主书仅按问题抽取。,市场、风险与错误|长期复利与品格|资本配置,典藏层/时间线,content/partnership/partnership_1957-巴菲特致合伙人信.md,无,否,低,,,高
DOC-535,content/partnership/partnership_1958-巴菲特致合伙人信.md,partnership_1958-巴菲特致合伙人信,2435,巴菲特,巴菲特合伙人信/协议中文翻译,C,保留早期实践资料价值，主书仅按问题抽取。,市场、风险与错误|内在价值与安全边际|资本配置,典藏层/时间线,content/partnership/partnership_1958-巴菲特致合伙人信.md,无,否,低,,,高
DOC-536,content/partnership/partnership_1959-巴菲特致合伙人信.md,partnership_1959-巴菲特致合伙人信,1696,巴菲特,巴菲特合伙人信/协议中文翻译,A,能展示早期方法、合伙人责任和思想演变。,市场、风险与错误|内在价值与安全边际|资本配置,主书思想演变与核心引文,content/partnership/partnership_1959-巴菲特致合伙人信.md,无,否,低,,,高
DOC-537,content/partnership/partnership_1960-巴菲特致合伙人信.md,partnership_1960-巴菲特致合伙人信,4599,巴菲特,巴菲特合伙人信/协议中文翻译,C,保留早期实践资料价值，主书仅按问题抽取。,市场、风险与错误|保险与浮存金|资本配置,典藏层/时间线,content/partnership/partnership_1960-巴菲特致合伙人信.md,无,否,低,,,高
DOC-538,content/partnership/partnership_1961-annual-巴菲特致合伙人信.md,partnership_1961-annual-巴菲特致合伙人信,9070,巴菲特,巴菲特合伙人信/协议中文翻译,A,能展示早期方法、合伙人责任和思想演变。,市场、风险与错误|长期复利与品格|内在价值与安全边际,主书思想演变与核心引文,content/partnership/partnership_1961-annual-巴菲特致合伙人信.md,无,否,低,,,高
DOC-539,content/partnership/partnership_1961-interim-巴菲特致合伙人信.md,partnership_1961-interim-巴菲特致合伙人信,2440,巴菲特,巴菲特合伙人信/协议中文翻译,A,能展示早期方法、合伙人责任和思想演变。,市场、风险与错误|资本配置|长期复利与品格,主书思想演变与核心引文,content/partnership/partnership_1961-interim-巴菲特致合伙人信.md,无,否,低,,,高
DOC-540,content/partnership/partnership_1962-11月-巴菲特致合伙人信.md,partnership_1962-11月-巴菲特致合伙人信,2020,巴菲特,巴菲特合伙人信/协议中文翻译,A,能展示早期方法、合伙人责任和思想演变。,市场、风险与错误|内在价值与安全边际|资本配置,主书思想演变与核心引文,content/partnership/partnership_1962-11月-巴菲特致合伙人信.md,无,否,低,,,高
DOC-541,content/partnership/partnership_1962-12月-巴菲特致合伙人信.md,partnership_1962-12月-巴菲特致合伙人信,903,巴菲特,巴菲特合伙人信/协议中文翻译,A,能展示早期方法、合伙人责任和思想演变。,资本配置|市场、风险与错误,主书思想演变与核心引文,content/partnership/partnership_1962-12月-巴菲特致合伙人信.md,无,否,低,,,高
DOC-542,content/partnership/partnership_1962-annual-巴菲特致合伙人信.md,partnership_1962-annual-巴菲特致合伙人信,11708,巴菲特,巴菲特合伙人信/协议中文翻译,A,能展示早期方法、合伙人责任和思想演变。,市场、风险与错误|长期复利与品格|资本配置,主书思想演变与核心引文,content/partnership/partnership_1962-annual-巴菲特致合伙人信.md,无,否,低,,,高
DOC-543,content/partnership/partnership_1962-interim-巴菲特致合伙人信.md,partnership_1962-interim-巴菲特致合伙人信,4769,巴菲特,巴菲特合伙人信/协议中文翻译,A,能展示早期方法、合伙人责任和思想演变。,市场、风险与错误|长期复利与品格|资本配置,主书思想演变与核心引文,content/partnership/partnership_1962-interim-巴菲特致合伙人信.md,无,否,低,,,高
DOC-544,content/partnership/partnership_1963-11月-巴菲特致合伙人信.md,partnership_1963-11月-巴菲特致合伙人信,1487,巴菲特,巴菲特合伙人信/协议中文翻译,C,保留早期实践资料价值，主书仅按问题抽取。,市场、风险与错误|长期复利与品格,典藏层/时间线,content/partnership/partnership_1963-11月-巴菲特致合伙人信.md,无,否,低,,,高
DOC-545,content/partnership/partnership_1963-12月-巴菲特致合伙人信.md,partnership_1963-12月-巴菲特致合伙人信,823,巴菲特,巴菲特合伙人信/协议中文翻译,C,保留早期实践资料价值，主书仅按问题抽取。,背景资料,典藏层/时间线,content/partnership/partnership_1963-12月-巴菲特致合伙人信.md,无,否,低,,,高
DOC-546,content/partnership/partnership_1963-annual-巴菲特致合伙人信.md,partnership_1963-annual-巴菲特致合伙人信,12712,巴菲特,巴菲特合伙人信/协议中文翻译,C,保留早期实践资料价值，主书仅按问题抽取。,市场、风险与错误|长期复利与品格|资本配置,典藏层/时间线,content/partnership/partnership_1963-annual-巴菲特致合伙人信.md,无,否,低,,,高
DOC-547,content/partnership/partnership_1963-interim-巴菲特致合伙人信.md,partnership_1963-interim-巴菲特致合伙人信,6260,巴菲特,巴菲特合伙人信/协议中文翻译,C,保留早期实践资料价值，主书仅按问题抽取。,市场、风险与错误|长期复利与品格|内在价值与安全边际,典藏层/时间线,content/partnership/partnership_1963-interim-巴菲特致合伙人信.md,无,否,低,,,高
DOC-548,content/partnership/partnership_1964-annual-巴菲特致合伙人信.md,partnership_1964-annual-巴菲特致合伙人信,15569,巴菲特,巴菲特合伙人信/协议中文翻译,A,能展示早期方法、合伙人责任和思想演变。,市场、风险与错误|长期复利与品格|内在价值与安全边际,主书思想演变与核心引文,content/partnership/partnership_1964-annual-巴菲特致合伙人信.md,无,否,低,,,高
DOC-549,content/partnership/partnership_1964-interim-巴菲特致合伙人信.md,partnership_1964-interim-巴菲特致合伙人信,4175,巴菲特,巴菲特合伙人信/协议中文翻译,A,能展示早期方法、合伙人责任和思想演变。,市场、风险与错误|长期复利与品格|资本配置,主书思想演变与核心引文,content/partnership/partnership_1964-interim-巴菲特致合伙人信.md,无,否,低,,,高
DOC-550,content/partnership/partnership_1965-11月-巴菲特致合伙人信.md,partnership_1965-11月-巴菲特致合伙人信,2061,巴菲特,巴菲特合伙人信/协议中文翻译,A,能展示早期方法、合伙人责任和思想演变。,内在价值与安全边际|资本配置|市场、风险与错误,主书思想演变与核心引文,content/partnership/partnership_1965-11月-巴菲特致合伙人信.md,无,否,低,,,高
DOC-551,content/partnership/partnership_1965-annual-巴菲特致合伙人信.md,partnership_1965-annual-巴菲特致合伙人信,12498,巴菲特,巴菲特合伙人信/协议中文翻译,A,能展示早期方法、合伙人责任和思想演变。,市场、风险与错误|伯克希尔制度|长期复利与品格,主书思想演变与核心引文,content/partnership/partnership_1965-annual-巴菲特致合伙人信.md,无,否,低,,,高
DOC-552,content/partnership/partnership_1965-interim-巴菲特致合伙人信.md,partnership_1965-interim-巴菲特致合伙人信,4339,巴菲特,巴菲特合伙人信/协议中文翻译,A,能展示早期方法、合伙人责任和思想演变。,市场、风险与错误|资本配置|长期复利与品格,主书思想演变与核心引文,content/partnership/partnership_1965-interim-巴菲特致合伙人信.md,无,否,低,,,高
DOC-553,content/partnership/partnership_1966-11月-巴菲特致合伙人信.md,partnership_1966-11月-巴菲特致合伙人信,2181,巴菲特,巴菲特合伙人信/协议中文翻译,A,能展示早期方法、合伙人责任和思想演变。,内在价值与安全边际|市场、风险与错误|资本配置,主书思想演变与核心引文,content/partnership/partnership_1966-11月-巴菲特致合伙人信.md,无,否,低,,,高
DOC-554,content/partnership/partnership_1966-annual-巴菲特致合伙人信.md,partnership_1966-annual-巴菲特致合伙人信,8935,巴菲特,巴菲特合伙人信/协议中文翻译,A,能展示早期方法、合伙人责任和思想演变。,市场、风险与错误|长期复利与品格|资本配置,主书思想演变与核心引文,content/partnership/partnership_1966-annual-巴菲特致合伙人信.md,无,否,低,,,高
DOC-555,content/partnership/partnership_1966-interim-巴菲特致合伙人信.md,partnership_1966-interim-巴菲特致合伙人信,5648,巴菲特,巴菲特合伙人信/协议中文翻译,A,能展示早期方法、合伙人责任和思想演变。,市场、风险与错误|长期复利与品格|资本配置,主书思想演变与核心引文,content/partnership/partnership_1966-interim-巴菲特致合伙人信.md,无,否,低,,,高
DOC-556,content/partnership/partnership_1967-10月-巴菲特致合伙人信.md,partnership_1967-10月-巴菲特致合伙人信,4100,巴菲特,巴菲特合伙人信/协议中文翻译,A,能展示早期方法、合伙人责任和思想演变。,市场、风险与错误|能力圈与集中投资|长期复利与品格,主书思想演变与核心引文,content/partnership/partnership_1967-10月-巴菲特致合伙人信.md,无,否,低,,,高
DOC-557,content/partnership/partnership_1967-11月-巴菲特致合伙人信.md,partnership_1967-11月-巴菲特致合伙人信,1248,巴菲特,巴菲特合伙人信/协议中文翻译,A,能展示早期方法、合伙人责任和思想演变。,市场、风险与错误|内在价值与安全边际|资本配置,主书思想演变与核心引文,content/partnership/partnership_1967-11月-巴菲特致合伙人信.md,无,否,低,,,高
DOC-558,content/partnership/partnership_1967-annual-巴菲特致合伙人信.md,partnership_1967-annual-巴菲特致合伙人信,5733,巴菲特,巴菲特合伙人信/协议中文翻译,A,能展示早期方法、合伙人责任和思想演变。,市场、风险与错误|资本配置|长期复利与品格,主书思想演变与核心引文,content/partnership/partnership_1967-annual-巴菲特致合伙人信.md,无,否,低,,,高
DOC-559,content/partnership/partnership_1967-interim-巴菲特致合伙人信.md,partnership_1967-interim-巴菲特致合伙人信,3479,巴菲特,巴菲特合伙人信/协议中文翻译,A,能展示早期方法、合伙人责任和思想演变。,市场、风险与错误|伯克希尔制度|内在价值与安全边际,主书思想演变与核心引文,content/partnership/partnership_1967-interim-巴菲特致合伙人信.md,无,否,低,,,高
DOC-560,content/partnership/partnership_1968-11月-巴菲特致合伙人信.md,partnership_1968-11月-巴菲特致合伙人信,1285,巴菲特,巴菲特合伙人信/协议中文翻译,A,能展示早期方法、合伙人责任和思想演变。,市场、风险与错误|内在价值与安全边际|资本配置,主书思想演变与核心引文,content/partnership/partnership_1968-11月-巴菲特致合伙人信.md,无,否,低,,,高
DOC-561,content/partnership/partnership_1968-annual-巴菲特致合伙人信.md,partnership_1968-annual-巴菲特致合伙人信,7539,巴菲特,巴菲特合伙人信/协议中文翻译,A,能展示早期方法、合伙人责任和思想演变。,市场、风险与错误|伯克希尔制度|资本配置,主书思想演变与核心引文,content/partnership/partnership_1968-annual-巴菲特致合伙人信.md,无,否,低,,,高
DOC-562,content/partnership/partnership_1968-interim-巴菲特致合伙人信.md,partnership_1968-interim-巴菲特致合伙人信,4081,巴菲特,巴菲特合伙人信/协议中文翻译,A,能展示早期方法、合伙人责任和思想演变。,市场、风险与错误|长期复利与品格|资本配置,主书思想演变与核心引文,content/partnership/partnership_1968-interim-巴菲特致合伙人信.md,无,否,低,,,高
DOC-563,content/partnership/partnership_1969-10月-巴菲特致合伙人信.md,partnership_1969-10月-巴菲特致合伙人信,5713,巴菲特,巴菲特合伙人信/协议中文翻译,A,能展示早期方法、合伙人责任和思想演变。,市场、风险与错误|长期复利与品格|资本配置,主书思想演变与核心引文,content/partnership/partnership_1969-10月-巴菲特致合伙人信.md,无,否,低,,,高
DOC-564,content/partnership/partnership_1969-12月-巴菲特致合伙人信.md,partnership_1969-12月-巴菲特致合伙人信,4385,巴菲特,巴菲特合伙人信/协议中文翻译,A,能展示早期方法、合伙人责任和思想演变。,市场、风险与错误|伯克希尔制度|保险与浮存金,主书思想演变与核心引文,content/partnership/partnership_1969-12月-巴菲特致合伙人信.md,无,否,低,,,高
DOC-565,content/partnership/partnership_1969-12月26日-巴菲特致合伙人信.md,partnership_1969-12月26日-巴菲特致合伙人信,3906,巴菲特,巴菲特合伙人信/协议中文翻译,A,能展示早期方法、合伙人责任和思想演变。,市场、风险与错误|资本配置|伯克希尔制度,主书思想演变与核心引文,content/partnership/partnership_1969-12月26日-巴菲特致合伙人信.md,无,否,低,,,高
DOC-566,content/partnership/partnership_1969-5月-巴菲特致合伙人信.md,partnership_1969-5月-巴菲特致合伙人信,2860,巴菲特,巴菲特合伙人信/协议中文翻译,A,能展示早期方法、合伙人责任和思想演变。,市场、风险与错误|资本配置|伯克希尔制度,主书思想演变与核心引文,content/partnership/partnership_1969-5月-巴菲特致合伙人信.md,无,否,低,,,高
DOC-567,content/partnership/partnership_1969-annual-巴菲特致合伙人信.md,partnership_1969-annual-巴菲特致合伙人信,6727,巴菲特,巴菲特合伙人信/协议中文翻译,A,能展示早期方法、合伙人责任和思想演变。,市场、风险与错误|长期复利与品格|资本配置,主书思想演变与核心引文,content/partnership/partnership_1969-annual-巴菲特致合伙人信.md,无,否,低,,,高
DOC-568,content/partnership/partnership_1969-liquidation-巴菲特致合伙人信.md,partnership_1969-liquidation-巴菲特致合伙人信,3674,巴菲特,巴菲特合伙人信/协议中文翻译,A,能展示早期方法、合伙人责任和思想演变。,市场、风险与错误|伯克希尔制度|资本配置,主书思想演变与核心引文,content/partnership/partnership_1969-liquidation-巴菲特致合伙人信.md,无,否,低,,,高
DOC-569,content/partnership/partnership_1970-bond-巴菲特致合伙人信.md,partnership_1970-bond-巴菲特致合伙人信,9423,巴菲特,巴菲特合伙人信/协议中文翻译,C,保留早期实践资料价值，主书仅按问题抽取。,市场、风险与错误|长期复利与品格|资本配置,典藏层/时间线,content/partnership/partnership_1970-bond-巴菲特致合伙人信.md,无,否,低,,,高
DOC-570,content/people/阿吉特·贾恩.md,阿吉特·贾恩（Ajit Jain）,2332,巴菲特相关,人物背景资料/编辑整理,B,关键人物背景可解释思想来源、管理层判断或伯克希尔制度。,伯克希尔制度|保险与浮存金|市场、风险与错误,人物侧栏/索引,content/people/阿吉特·贾恩.md,无,是,中,,,高
DOC-571,content/people/本杰明·格雷厄姆.md,格雷厄姆（Benjamin Graham）,2512,巴菲特相关,人物背景资料/编辑整理,B,关键人物背景可解释思想来源、管理层判断或伯克希尔制度。,能力圈与集中投资|伯克希尔制度|内在价值与安全边际,人物侧栏/索引,content/people/本杰明·格雷厄姆.md,无,是,中,,,高
DOC-572,content/people/比尔·盖茨.md,比尔·盖茨,364,其他/背景人物,人物背景资料/编辑整理,D,与双书主线关系较弱，保留在人物资料库。,学习、品格与人生|长期复利与品格|商业判断,人物索引备查,content/people/比尔·盖茨.md,无,是,中,,,高
DOC-573,content/people/查理·芒格.md,芒格（Charlie Munger）,2699,芒格,人物背景资料/编辑整理,D,与双书主线关系较弱，保留在人物资料库。,商业判断|学习、品格与人生|投资与资本配置,人物索引备查,content/people/查理·芒格.md,无,是,中,,,高
DOC-574,content/people/菲尔·费雪.md,菲尔·费雪,929,巴菲特相关,人物背景资料/编辑整理,B,关键人物背景可解释思想来源、管理层判断或伯克希尔制度。,能力圈与集中投资|伯克希尔制度,人物侧栏/索引,content/people/菲尔·费雪.md,无,是,中,,,高
DOC-575,content/people/格雷格·阿贝尔.md,格雷格·阿贝尔（Greg Abel）,2292,巴菲特相关,人物背景资料/编辑整理,B,关键人物背景可解释思想来源、管理层判断或伯克希尔制度。,伯克希尔制度|管理层与企业文化|资本配置,人物侧栏/索引,content/people/格雷格·阿贝尔.md,无,是,中,,,高
DOC-576,content/people/杰克·韦尔奇.md,杰克·韦尔奇,383,其他/背景人物,人物背景资料/编辑整理,D,与双书主线关系较弱，保留在人物资料库。,商业判断|管理层与企业文化|伯克希尔制度,人物索引备查,content/people/杰克·韦尔奇.md,无,是,中,,,高
DOC-577,content/people/凯瑟琳·格雷厄姆.md,凯瑟琳·格雷厄姆,397,巴菲特相关,人物背景资料/编辑整理,B,关键人物背景可解释思想来源、管理层判断或伯克希尔制度。,能力圈与集中投资|管理层与企业文化|伯克希尔制度,人物侧栏/索引,content/people/凯瑟琳·格雷厄姆.md,无,是,中,,,高
DOC-578,content/people/泰德·韦施勒.md,泰德·韦施勒（Ted Weschler）,2400,巴菲特相关,人物背景资料/编辑整理,D,与双书主线关系较弱，保留在人物资料库。,伯克希尔制度|市场、风险与错误|长期复利与品格,人物索引备查,content/people/泰德·韦施勒.md,无,是,中,,,高
DOC-579,content/people/汤姆·墨菲.md,汤姆·墨菲,1287,巴菲特相关,人物背景资料/编辑整理,B,关键人物背景可解释思想来源、管理层判断或伯克希尔制度。,伯克希尔制度|资本配置|管理层与企业文化,人物侧栏/索引,content/people/汤姆·墨菲.md,无,是,中,,,高
DOC-580,content/people/托德·库姆斯.md,托德·库姆斯（Todd Combs）,2332,巴菲特相关,人物背景资料/编辑整理,D,与双书主线关系较弱，保留在人物资料库。,伯克希尔制度|保险与浮存金|资本配置,人物索引备查,content/people/托德·库姆斯.md,无,是,中,,,高
DOC-581,content/people/沃伦·巴菲特.md,沃伦·巴菲特,1334,巴菲特,人物背景资料/编辑整理,B,关键人物背景可解释思想来源、管理层判断或伯克希尔制度。,伯克希尔制度|长期复利与品格|内在价值与安全边际,人物侧栏/索引,content/people/沃伦·巴菲特.md,无,是,中,,,高
DOC-582,content/people/B夫人.md,B夫人（Mrs. B / Rose Blumkin）,2899,其他/背景人物,人物背景资料/编辑整理,B,关键人物背景可解释思想来源、管理层判断或伯克希尔制度。,伯克希尔制度|商业判断|管理层与企业文化,人物侧栏/索引,content/people/B夫人.md,无,是,中,,,高
DOC-583,content/poor-charlies-almanack/00-forewords.md,序言、回应与全书导读,1147,芒格,经典文本摘要/早期整理,D,较短的早期整理版已被完整版本覆盖。,学习、品格与人生|投资与资本配置|逆向与决策工具,版本参考,content/poor-charlies-almanack/00-forewords.md,无,否,中,,,高
DOC-584,content/poor-charlies-almanack/01-portrait.md,查理·芒格肖像,1749,芒格,经典文本摘要/早期整理,D,较短的早期整理版已被完整版本覆盖。,商业判断|学习、品格与人生|投资与资本配置,版本参考,poor-charlies-almanack/poor-charlies-almanack-chapter-one.md,无,否,中,,,高
DOC-585,content/poor-charlies-almanack/02-children.md,孩子们记忆中的查理,1091,芒格,经典文本摘要/早期整理,D,较短的早期整理版已被完整版本覆盖。,学习、品格与人生|理性训练与避免愚蠢|激励与制度,版本参考,content/poor-charlies-almanack/02-children.md,无,否,中,,,高
DOC-586,content/poor-charlies-almanack/03-approach.md,芒格的生活、学习与决策方法,1628,芒格,经典文本摘要/早期整理,D,较短的早期整理版已被完整版本覆盖。,学习、品格与人生|逆向与决策工具|激励与制度,版本参考,content/poor-charlies-almanack/03-approach.md,无,否,中,,,高
DOC-587,content/poor-charlies-almanack/11-psychology.md,人类误判心理学,2390,芒格,经典文本摘要/早期整理,D,较短的早期整理版已被完整版本覆盖。,人类误判心理学|激励与制度|理性训练与避免愚蠢,版本参考,content/poor-charlies-almanack/11-psychology.md,无,否,中,,,高
DOC-588,content/poor-charlies-almanack/12-reading-list.md,芒格推荐阅读,1306,芒格,经典文本摘要/早期整理,D,较短的早期整理版已被完整版本覆盖。,商业判断|学习、品格与人生|复杂系统与通用模型,版本参考,content/poor-charlies-almanack/12-reading-list.md,无,否,中,,,高
DOC-589,content/qa/巴菲特：慈善中国行_2010.md,巴菲特：慈善中国行_2010,4839,巴菲特,会议问答转录与中文整理,C,具有资料价值，但当前对主书主线贡献有限。,长期复利与品格|市场、风险与错误|管理层与企业文化,典藏层,content/qa/巴菲特：慈善中国行_2010.md,无,抽检,低,,,高
DOC-590,content/qa/伯克希尔股东大会发布会_2009.md,伯克希尔股东大会发布会_2009,7818,巴菲特与芒格,会议问答转录与中文整理,B,现场问答案例丰富，可支撑多个章节，但不宜整篇收入主书。,市场、风险与错误|商业判断|投资与资本配置,案例/侧栏/延伸阅读,content/qa/伯克希尔股东大会发布会_2009.md,无,抽检,中,,,高
DOC-591,content/qa/伯克希尔股东大会实录_1994.md,1994 年伯克希尔股东大会实录,48129,巴菲特与芒格,会议问答转录与中文整理,B,现场问答案例丰富，可支撑多个章节，但不宜整篇收入主书。,商业判断|市场、风险与错误|投资与资本配置,案例/侧栏/延伸阅读,content/qa/伯克希尔股东大会实录_1994.md,无,抽检,中,,,高
DOC-592,content/qa/伯克希尔股东大会实录_1995.md,1995 年伯克希尔股东大会实录,68929,巴菲特与芒格,会议问答转录与中文整理,C,完整会议记录适合典藏和检索，主书按主题摘取。,商业判断|投资与资本配置|市场、风险与错误,典藏层,content/qa/伯克希尔股东大会实录_1995.md,无,抽检,中,,,高
DOC-593,content/qa/伯克希尔股东大会实录_1996.md,1996 年伯克希尔股东大会实录,78674,巴菲特与芒格,会议问答转录与中文整理,B,现场问答案例丰富，可支撑多个章节，但不宜整篇收入主书。,商业判断|保险与浮存金|市场、风险与错误,案例/侧栏/延伸阅读,content/qa/伯克希尔股东大会实录_1996.md,无,抽检,中,,,高
DOC-594,content/qa/伯克希尔股东大会实录_1997.md,1997 年伯克希尔股东大会实录,81980,巴菲特与芒格,会议问答转录与中文整理,C,完整会议记录适合典藏和检索，主书按主题摘取。,商业判断|市场、风险与错误|投资与资本配置,典藏层,content/qa/伯克希尔股东大会实录_1997.md,无,抽检,中,,,高
DOC-595,content/qa/伯克希尔股东大会实录_1998.md,1998 年伯克希尔股东大会实录,85104,巴菲特与芒格,会议问答转录与中文整理,B,现场问答案例丰富，可支撑多个章节，但不宜整篇收入主书。,商业判断|投资与资本配置|市场、风险与错误,案例/侧栏/延伸阅读,content/qa/伯克希尔股东大会实录_1998.md,无,抽检,中,,,高
DOC-596,content/qa/伯克希尔股东大会实录_1999.md,1999 年伯克希尔股东大会实录,81203,巴菲特与芒格,会议问答转录与中文整理,C,完整会议记录适合典藏和检索，主书按主题摘取。,市场、风险与错误|投资与资本配置|保险与浮存金,典藏层,content/qa/伯克希尔股东大会实录_1999.md,无,抽检,中,,,高
DOC-597,content/qa/伯克希尔股东大会实录_2000.md,伯克希尔股东大会实录_2000,75988,巴菲特与芒格,会议问答转录与中文整理,B,现场问答案例丰富，可支撑多个章节，但不宜整篇收入主书。,商业判断|市场、风险与错误|保险与浮存金,案例/侧栏/延伸阅读,content/qa/伯克希尔股东大会实录_2000.md,无,抽检,中,,,高
DOC-598,content/qa/伯克希尔股东大会实录_2001.md,伯克希尔股东大会实录_2001,83047,巴菲特与芒格,会议问答转录与中文整理,C,完整会议记录适合典藏和检索，主书按主题摘取。,商业判断|投资与资本配置|市场、风险与错误,典藏层,content/qa/伯克希尔股东大会实录_2001.md,无,抽检,中,,,高
DOC-599,content/qa/伯克希尔股东大会实录_2002.md,伯克希尔股东大会实录_2002,95836,巴菲特与芒格,会议问答转录与中文整理,C,完整会议记录适合典藏和检索，主书按主题摘取。,市场、风险与错误|投资与资本配置|商业判断,典藏层,content/qa/伯克希尔股东大会实录_2002.md,无,抽检,中,,,高
DOC-600,content/qa/伯克希尔股东大会实录_2003.md,2003 年伯克希尔股东大会实录,95215,巴菲特与芒格,会议问答转录与中文整理,B,现场问答案例丰富，可支撑多个章节，但不宜整篇收入主书。,市场、风险与错误|商业判断|投资与资本配置,案例/侧栏/延伸阅读,content/qa/伯克希尔股东大会实录_2003.md,无,抽检,中,,,高
DOC-601,content/qa/伯克希尔股东大会实录_2004.md,2004 年伯克希尔股东大会实录,85952,巴菲特与芒格,会议问答转录与中文整理,C,完整会议记录适合典藏和检索，主书按主题摘取。,市场、风险与错误|投资与资本配置|商业判断,典藏层,content/qa/伯克希尔股东大会实录_2004.md,无,抽检,中,,,高
DOC-602,content/qa/伯克希尔股东大会实录_2005.md,2005 年伯克希尔股东大会实录,84610,巴菲特与芒格,会议问答转录与中文整理,B,现场问答案例丰富，可支撑多个章节，但不宜整篇收入主书。,市场、风险与错误|商业判断|投资与资本配置,案例/侧栏/延伸阅读,content/qa/伯克希尔股东大会实录_2005.md,无,抽检,中,,,高
DOC-603,content/qa/伯克希尔股东大会实录_2006.md,2006 年伯克希尔股东大会实录,77078,巴菲特与芒格,会议问答转录与中文整理,C,完整会议记录适合典藏和检索，主书按主题摘取。,市场、风险与错误|商业判断|投资与资本配置,典藏层,content/qa/伯克希尔股东大会实录_2006.md,无,抽检,中,,,高
DOC-604,content/qa/伯克希尔股东大会实录_2007.md,2007 年伯克希尔股东大会实录,93612,巴菲特与芒格,会议问答转录与中文整理,B,现场问答案例丰富，可支撑多个章节，但不宜整篇收入主书。,市场、风险与错误|商业判断|投资与资本配置,案例/侧栏/延伸阅读,content/qa/伯克希尔股东大会实录_2007.md,无,抽检,中,,,高
DOC-605,content/qa/伯克希尔股东大会实录_2008.md,2008 年伯克希尔股东大会实录,79719,巴菲特与芒格,会议问答转录与中文整理,C,完整会议记录适合典藏和检索，主书按主题摘取。,市场、风险与错误|商业判断|投资与资本配置,典藏层,content/qa/伯克希尔股东大会实录_2008.md,无,抽检,中,,,高
DOC-606,content/qa/伯克希尔股东大会实录_2009.md,2009 年伯克希尔股东大会实录,90500,巴菲特与芒格,会议问答转录与中文整理,B,现场问答案例丰富，可支撑多个章节，但不宜整篇收入主书。,市场、风险与错误|商业判断|投资与资本配置,案例/侧栏/延伸阅读,content/qa/伯克希尔股东大会实录_2009.md,无,抽检,中,,,高
DOC-607,content/qa/伯克希尔股东大会实录_2010.md,2010 年伯克希尔股东大会实录,89336,巴菲特与芒格,会议问答转录与中文整理,C,完整会议记录适合典藏和检索，主书按主题摘取。,市场、风险与错误|商业判断|伯克希尔制度,典藏层,content/qa/伯克希尔股东大会实录_2010.md,无,抽检,中,,,高
DOC-608,content/qa/伯克希尔股东大会实录_2011.md,2011 年伯克希尔股东大会实录,84499,巴菲特与芒格,会议问答转录与中文整理,B,现场问答案例丰富，可支撑多个章节，但不宜整篇收入主书。,市场、风险与错误|伯克希尔制度|商业判断,案例/侧栏/延伸阅读,content/qa/伯克希尔股东大会实录_2011.md,无,抽检,中,,,高
DOC-609,content/qa/伯克希尔股东大会实录_2012.md,2012 年伯克希尔股东大会实录,92280,巴菲特与芒格,会议问答转录与中文整理,C,完整会议记录适合典藏和检索，主书按主题摘取。,市场、风险与错误|商业判断|保险与浮存金,典藏层,content/qa/伯克希尔股东大会实录_2012.md,无,抽检,中,,,高
DOC-610,content/qa/伯克希尔股东大会实录_2013.md,2013 年伯克希尔股东大会实录,85415,巴菲特与芒格,会议问答转录与中文整理,B,现场问答案例丰富，可支撑多个章节，但不宜整篇收入主书。,商业判断|市场、风险与错误|伯克希尔制度,案例/侧栏/延伸阅读,content/qa/伯克希尔股东大会实录_2013.md,无,抽检,中,,,高
DOC-611,content/qa/伯克希尔股东大会实录_2014.md,2014 年伯克希尔股东大会实录,96364,巴菲特与芒格,会议问答转录与中文整理,C,完整会议记录适合典藏和检索，主书按主题摘取。,市场、风险与错误|商业判断|伯克希尔制度,典藏层,content/qa/伯克希尔股东大会实录_2014.md,无,抽检,中,,,高
DOC-612,content/qa/伯克希尔股东大会实录_2015.md,2015 年伯克希尔股东大会实录,90858,巴菲特与芒格,会议问答转录与中文整理,B,现场问答案例丰富，可支撑多个章节，但不宜整篇收入主书。,商业判断|市场、风险与错误|伯克希尔制度,案例/侧栏/延伸阅读,content/qa/伯克希尔股东大会实录_2015.md,无,抽检,中,,,高
DOC-613,content/qa/伯克希尔股东大会实录_2016.md,伯克希尔股东大会实录_2016,89573,巴菲特与芒格,会议问答转录与中文整理,C,完整会议记录适合典藏和检索，主书按主题摘取。,市场、风险与错误|资本配置|商业判断,典藏层,content/qa/伯克希尔股东大会实录_2016.md,无,抽检,中,,,高
DOC-614,content/qa/伯克希尔股东大会实录_2017.md,伯克希尔股东大会实录_2017,94213,巴菲特与芒格,会议问答转录与中文整理,B,现场问答案例丰富，可支撑多个章节，但不宜整篇收入主书。,市场、风险与错误|商业判断|投资与资本配置,案例/侧栏/延伸阅读,content/qa/伯克希尔股东大会实录_2017.md,无,抽检,中,,,高
DOC-615,content/qa/伯克希尔股东大会实录_2018.md,伯克希尔股东大会实录_2018,84212,巴菲特与芒格,会议问答转录与中文整理,C,完整会议记录适合典藏和检索，主书按主题摘取。,商业判断|市场、风险与错误|投资与资本配置,典藏层,content/qa/伯克希尔股东大会实录_2018.md,无,抽检,中,,,高
DOC-616,content/qa/伯克希尔股东大会实录_2019.md,伯克希尔股东大会实录_2019,88951,巴菲特与芒格,会议问答转录与中文整理,C,完整会议记录适合典藏和检索，主书按主题摘取。,资本配置|商业判断|伯克希尔制度,典藏层,content/qa/伯克希尔股东大会实录_2019.md,无,抽检,中,,,高
DOC-617,content/qa/伯克希尔股东大会实录_2020.md,伯克希尔股东大会实录_2020,41852,巴菲特与芒格,会议问答转录与中文整理,B,现场问答案例丰富，可支撑多个章节，但不宜整篇收入主书。,市场、风险与错误|伯克希尔制度|商业判断,案例/侧栏/延伸阅读,content/qa/伯克希尔股东大会实录_2020.md,无,抽检,中,,,高
DOC-618,content/qa/伯克希尔股东大会实录_2021.md,伯克希尔股东大会实录_2021,60447,巴菲特与芒格,会议问答转录与中文整理,C,完整会议记录适合典藏和检索，主书按主题摘取。,伯克希尔制度|市场、风险与错误|资本配置,典藏层,content/qa/伯克希尔股东大会实录_2021.md,无,抽检,中,,,高
DOC-619,content/qa/伯克希尔股东大会实录_2022.md,伯克希尔股东大会实录_2022,89896,巴菲特与芒格,会议问答转录与中文整理,B,现场问答案例丰富，可支撑多个章节，但不宜整篇收入主书。,市场、风险与错误|伯克希尔制度|资本配置,案例/侧栏/延伸阅读,content/qa/伯克希尔股东大会实录_2022.md,无,抽检,中,,,高
DOC-620,content/qa/伯克希尔股东大会实录_2023.md,伯克希尔股东大会实录_2023,78184,巴菲特与芒格,会议问答转录与中文整理,B,现场问答案例丰富，可支撑多个章节，但不宜整篇收入主书。,伯克希尔制度|市场、风险与错误|投资与资本配置,案例/侧栏/延伸阅读,content/qa/伯克希尔股东大会实录_2023.md,无,抽检,中,,,高
DOC-621,content/qa/伯克希尔股东大会实录_2024.md,伯克希尔股东大会实录_2024,75836,巴菲特与芒格,会议问答转录与中文整理,C,完整会议记录适合典藏和检索，主书按主题摘取。,市场、风险与错误|伯克希尔制度|商业判断,典藏层,content/qa/伯克希尔股东大会实录_2024.md,无,抽检,中,,,高
DOC-622,content/qa/伯克希尔股东大会实录_2025.md,伯克希尔股东大会实录_2025,51952,巴菲特与芒格,会议问答转录与中文整理,C,完整会议记录适合典藏和检索，主书按主题摘取。,商业判断|投资与资本配置|市场、风险与错误,典藏层,content/qa/伯克希尔股东大会实录_2025.md,无,抽检,中,,,高
DOC-623,content/qa/伯克希尔股东大会问答_1985.md,伯克希尔股东大会问答_1985,2047,巴菲特与芒格,会议问答转录与中文整理,C,完整会议记录适合典藏和检索，主书按主题摘取。,伯克希尔制度|商业判断|保险与浮存金,典藏层,content/qa/伯克希尔股东大会问答_1985.md,无,抽检,中,,,高
DOC-624,content/qa/伯克希尔股东大会问答_1986.md,伯克希尔股东大会问答_1986,7662,巴菲特与芒格,会议问答转录与中文整理,C,完整会议记录适合典藏和检索，主书按主题摘取。,市场、风险与错误|伯克希尔制度|投资与资本配置,典藏层,content/qa/伯克希尔股东大会问答_1986.md,无,抽检,中,,,高
DOC-625,content/qa/伯克希尔股东大会问答_1987.md,伯克希尔股东大会问答_1987,11338,巴菲特与芒格,会议问答转录与中文整理,C,完整会议记录适合典藏和检索，主书按主题摘取。,市场、风险与错误|投资与资本配置|伯克希尔制度,典藏层,content/qa/伯克希尔股东大会问答_1987.md,无,抽检,中,,,高
DOC-626,content/qa/伯克希尔股东大会问答_1988.md,伯克希尔股东大会问答_1988,15745,巴菲特与芒格,会议问答转录与中文整理,C,完整会议记录适合典藏和检索，主书按主题摘取。,市场、风险与错误|商业判断|保险与浮存金,典藏层,content/qa/伯克希尔股东大会问答_1988.md,无,抽检,中,,,高
DOC-627,content/qa/伯克希尔股东大会问答_1989.md,伯克希尔股东大会问答_1989,18376,巴菲特与芒格,会议问答转录与中文整理,C,完整会议记录适合典藏和检索，主书按主题摘取。,保险与浮存金|商业判断|市场、风险与错误,典藏层,content/qa/伯克希尔股东大会问答_1989.md,无,抽检,中,,,高
DOC-628,content/qa/伯克希尔股东大会问答_1990.md,伯克希尔股东大会问答_1990,15356,巴菲特与芒格,会议问答转录与中文整理,C,完整会议记录适合典藏和检索，主书按主题摘取。,商业判断|市场、风险与错误|投资与资本配置,典藏层,content/qa/伯克希尔股东大会问答_1990.md,无,抽检,中,,,高
DOC-629,content/qa/伯克希尔股东大会问答_1991.md,伯克希尔股东大会问答_1991,34305,巴菲特与芒格,会议问答转录与中文整理,C,完整会议记录适合典藏和检索，主书按主题摘取。,商业判断|市场、风险与错误|投资与资本配置,典藏层,content/qa/伯克希尔股东大会问答_1991.md,无,抽检,中,,,高
DOC-630,content/qa/伯克希尔股东大会问答_1992.md,伯克希尔股东大会问答_1992,38075,巴菲特与芒格,会议问答转录与中文整理,C,完整会议记录适合典藏和检索，主书按主题摘取。,投资与资本配置|商业判断|市场、风险与错误,典藏层,content/qa/伯克希尔股东大会问答_1992.md,无,抽检,中,,,高
DOC-631,content/qa/伯克希尔股东大会问答_1993.md,伯克希尔股东大会问答_1993,50617,巴菲特与芒格,会议问答转录与中文整理,C,完整会议记录适合典藏和检索，主书按主题摘取。,市场、风险与错误|商业判断|保险与浮存金,典藏层,content/qa/伯克希尔股东大会问答_1993.md,无,抽检,中,,,高
DOC-632,content/qa/历年股东问答精选_2025.md,历年股东问答精选_2025,50728,巴菲特相关,会议问答转录与中文整理,C,具有资料价值，但当前对主书主线贡献有限。,市场、风险与错误|能力圈与集中投资|保险与浮存金,典藏层,content/qa,无,抽检,低,,,高
DOC-633,content/qa/Wesco_股东大会_1996.md,Wesco_股东大会_1996,9180,芒格,会议问答转录与中文整理,A,芒格在投资、商业和理性问题上的现场表达，具有较高结构价值。,投资与资本配置|商业判断|理性训练与避免愚蠢,核心引文/案例,content/qa/Wesco_股东大会_1996.md,无,抽检,低,,,高
DOC-634,content/qa/Wesco_股东大会_1999.md,Wesco 股东大会 1999,1528,芒格,会议问答转录与中文整理,B,芒格在投资、商业和理性问题上的现场表达，具有较高结构价值。,投资与资本配置|商业判断|学习、品格与人生,核心引文/案例,content/qa/Wesco_股东大会_1999.md,无,抽检,低,,,高
DOC-635,content/qa/Wesco_股东大会_2000.md,Wesco 股东大会 2000,1486,芒格,会议问答转录与中文整理,A,芒格在投资、商业和理性问题上的现场表达，具有较高结构价值。,投资与资本配置|商业判断|知识格栅与多元模型,核心引文/案例,content/qa/Wesco_股东大会_2000.md,无,抽检,低,,,高
DOC-636,content/qa/Wesco_股东大会_2001.md,Wesco_股东大会_2001,10997,芒格,会议问答转录与中文整理,B,芒格在投资、商业和理性问题上的现场表达，具有较高结构价值。,投资与资本配置|商业判断|复杂系统与通用模型,核心引文/案例,content/qa/Wesco_股东大会_2001.md,无,抽检,低,,,高
DOC-637,content/qa/Wesco_股东大会_2002.md,Wesco_股东大会_2002,22577,芒格,会议问答转录与中文整理,B,芒格在投资、商业和理性问题上的现场表达，具有较高结构价值。,投资与资本配置|商业判断|复杂系统与通用模型,核心引文/案例,content/qa/Wesco_股东大会_2002.md,无,抽检,低,,,高
DOC-638,content/qa/Wesco_股东大会_2003.md,Wesco 股东大会 2003,1360,芒格,会议问答转录与中文整理,A,芒格在投资、商业和理性问题上的现场表达，具有较高结构价值。,投资与资本配置|商业判断|激励与制度,核心引文/案例,content/qa/Wesco_股东大会_2003.md,无,抽检,低,,,高
DOC-639,content/qa/Wesco_股东大会_2004.md,Wesco_股东大会_2004,21874,芒格,会议问答转录与中文整理,B,芒格在投资、商业和理性问题上的现场表达，具有较高结构价值。,投资与资本配置|商业判断|激励与制度,核心引文/案例,content/qa/Wesco_股东大会_2004.md,无,抽检,低,,,高
DOC-640,content/qa/Wesco_股东大会_2005.md,Wesco_股东大会_2005,17756,芒格,会议问答转录与中文整理,A,芒格在投资、商业和理性问题上的现场表达，具有较高结构价值。,投资与资本配置|商业判断|学习、品格与人生,核心引文/案例,content/qa/Wesco_股东大会_2005.md,无,抽检,低,,,高
DOC-641,content/qa/Wesco_股东大会_2006.md,Wesco_股东大会_2006,17031,芒格,会议问答转录与中文整理,B,芒格在投资、商业和理性问题上的现场表达，具有较高结构价值。,投资与资本配置|商业判断|学习、品格与人生,核心引文/案例,content/qa/Wesco_股东大会_2006.md,无,抽检,低,,,高
DOC-642,content/qa/Wesco_股东大会_2007.md,Wesco 股东大会 2007,1474,芒格,会议问答转录与中文整理,A,芒格在投资、商业和理性问题上的现场表达，具有较高结构价值。,投资与资本配置|激励与制度|人类误判心理学,核心引文/案例,content/qa/Wesco_股东大会_2007.md,无,抽检,低,,,高
DOC-643,content/qa/Wesco_股东大会_2008.md,Wesco_股东大会_2008,16098,芒格,会议问答转录与中文整理,B,芒格在投资、商业和理性问题上的现场表达，具有较高结构价值。,商业判断|投资与资本配置|复杂系统与通用模型,核心引文/案例,content/qa/Wesco_股东大会_2008.md,无,抽检,低,,,高
DOC-644,content/qa/Wesco_股东大会_2009.md,Wesco_股东大会_2009,13953,芒格,会议问答转录与中文整理,A,芒格在投资、商业和理性问题上的现场表达，具有较高结构价值。,投资与资本配置|商业判断|复杂系统与通用模型,核心引文/案例,content/qa/Wesco_股东大会_2009.md,无,抽检,低,,,高
DOC-645,content/qa/Wesco_股东大会_2010.md,Wesco 股东大会 2010,1626,芒格,会议问答转录与中文整理,B,芒格在投资、商业和理性问题上的现场表达，具有较高结构价值。,投资与资本配置|商业判断|知识格栅与多元模型,核心引文/案例,content/qa/Wesco_股东大会_2010.md,无,抽检,低,,,高
DOC-646,content/qa/Wesco_股东大会_2011.md,Wesco_股东大会_2011,17459,芒格,会议问答转录与中文整理,A,芒格在投资、商业和理性问题上的现场表达，具有较高结构价值。,投资与资本配置|商业判断|学习、品格与人生,核心引文/案例,content/qa/Wesco_股东大会_2011.md,无,抽检,低,,,高
DOC-647,content/talks/巴菲特：佛罗里达大学演讲_1998.md,巴菲特：佛罗里达大学演讲 1998,26417,巴菲特,演讲中文翻译/转录,A,演讲集中表达投资、职业和品格原则，可作为主书核心证据。,企业质量与护城河|市场、风险与错误|长期复利与品格,主书核心引文,content/talks/巴菲特：佛罗里达大学演讲_1998.md,无,抽检,低,,,高
DOC-648,content/talks/巴菲特：哥大商学院演讲_1984.md,巴菲特：哥大商学院演讲 1984,17907,巴菲特,演讲中文翻译/转录,A,演讲集中表达投资、职业和品格原则，可作为主书核心证据。,市场、风险与错误|能力圈与集中投资|长期复利与品格,主书核心引文,content/talks/巴菲特：哥大商学院演讲_1984.md,无,抽检,低,,,高
DOC-649,content/talks/巴菲特：哥大商学院演讲_2002.md,巴菲特：哥大商学院演讲 2002,8464,巴菲特,演讲中文翻译/转录,B,演讲提供具体场合下的应用与人生材料。,市场、风险与错误|企业质量与护城河|保险与浮存金,案例/延伸阅读,content/talks/巴菲特：哥大商学院演讲_2002.md,无,抽检,低,,,高
DOC-650,content/talks/巴菲特：华盛顿大学谈话_1998.md,巴菲特：华盛顿大学谈话 1998,5399,巴菲特,演讲中文翻译/转录,A,演讲集中表达投资、职业和品格原则，可作为主书核心证据。,市场、风险与错误|企业质量与护城河|长期复利与品格,主书核心引文,content/talks/巴菲特：华盛顿大学谈话_1998.md,无,抽检,低,,,高
DOC-651,content/talks/巴菲特：内布拉斯加大学演讲_1994.md,巴菲特：内布拉斯加大学演讲 1994,28662,巴菲特,演讲中文翻译/转录,B,演讲提供具体场合下的应用与人生材料。,市场、风险与错误|长期复利与品格|管理层与企业文化,案例/延伸阅读,content/talks/巴菲特：内布拉斯加大学演讲_1994.md,无,抽检,低,,,高
DOC-652,content/talks/巴菲特：内布拉斯加教育论坛演讲_1999.md,巴菲特：内布拉斯加教育论坛演讲 1999,9702,巴菲特,演讲中文翻译/转录,B,演讲提供具体场合下的应用与人生材料。,长期复利与品格|市场、风险与错误|企业质量与护城河,案例/延伸阅读,content/talks/巴菲特：内布拉斯加教育论坛演讲_1999.md,无,抽检,低,,,高
DOC-653,content/talks/巴菲特：圣母大学演讲_1991.md,巴菲特：圣母大学演讲 1991,47590,巴菲特,演讲中文翻译/转录,B,演讲提供具体场合下的应用与人生材料。,市场、风险与错误|企业质量与护城河|资本配置,案例/延伸阅读,content/talks/巴菲特：圣母大学演讲_1991.md,无,抽检,低,,,高
DOC-654,content/talks/巴菲特：斯坦福法学院演讲_1990.md,巴菲特：斯坦福法学院演讲 1990,10481,巴菲特,演讲中文翻译/转录,B,演讲提供具体场合下的应用与人生材料。,市场、风险与错误|企业质量与护城河|能力圈与集中投资,案例/延伸阅读,content/talks/巴菲特：斯坦福法学院演讲_1990.md,无,抽检,低,,,高
DOC-655,content/talks/巴菲特：佐治亚大学演讲_2001.md,巴菲特：佐治亚大学演讲 2001,23904,巴菲特,演讲中文翻译/转录,A,演讲集中表达投资、职业和品格原则，可作为主书核心证据。,市场、风险与错误|伯克希尔制度|长期复利与品格,主书核心引文,content/talks/巴菲特：佐治亚大学演讲_2001.md,无,抽检,低,,,高
DOC-656,content/talks/巴菲特奥马哈新闻俱乐部_1992.md,巴菲特奥马哈新闻俱乐部 1992,13935,巴菲特,演讲中文翻译/转录,B,演讲提供具体场合下的应用与人生材料。,市场、风险与错误|长期复利与品格|伯克希尔制度,案例/延伸阅读,content/talks/巴菲特奥马哈新闻俱乐部_1992.md,无,抽检,低,,,高
DOC-657,content/talks/巴菲特太阳谷演讲_1999.md,巴菲特太阳谷演讲 1999,5702,巴菲特,演讲中文翻译/转录,B,演讲提供具体场合下的应用与人生材料。,市场、风险与错误|长期复利与品格|伯克希尔制度,案例/延伸阅读,content/talks/巴菲特太阳谷演讲_1999.md,无,抽检,低,,,高
DOC-658,content/talks/芒格：财务总监联合会演讲_1998.md,芒格：财务总监联合会演讲 1998,6934,芒格,演讲中文翻译/转录,D,与选定主版本正文完全重复。,投资与资本配置|商业判断|学习、品格与人生,不收入；仅保留版本映射,poor-charlies-almanack/poor-charlies-almanack-talk-six.md,无,抽检,低,,,高
DOC-659,content/talks/芒格：慈善圆桌会议讲话_2000.md,芒格：慈善圆桌会议讲话 2000,6537,芒格,演讲中文翻译/转录,D,与选定主版本正文完全重复。,投资与资本配置|学习、品格与人生|商业判断,不收入；仅保留版本映射,poor-charlies-almanack/poor-charlies-almanack-talk-seven.md,无,抽检,低,,,高
DOC-660,content/talks/芒格：关于实践思维的现实思考_1996.md,芒格：关于实践思维的现实思考 1996,8505,芒格,演讲中文翻译/转录,D,与选定主版本正文完全重复。,人类误判心理学|商业判断|知识格栅与多元模型,不收入；仅保留版本映射,poor-charlies-almanack/poor-charlies-almanack-talk-four.md,无,抽检,低,,,高
DOC-661,content/talks/芒格：哈佛法学院演讲_1998.md,芒格：哈佛法学院演讲 1998,7360,芒格,演讲中文翻译/转录,D,与选定主版本正文完全重复。,知识格栅与多元模型|复杂系统与通用模型|人类误判心理学,不收入；仅保留版本映射,poor-charlies-almanack/poor-charlies-almanack-talk-five.md,无,抽检,低,,,高
DOC-662,content/talks/芒格：哈佛中学演讲_1986.md,芒格：哈佛中学演讲 1986,4365,芒格,演讲中文翻译/转录,D,与选定主版本正文完全重复。,学习、品格与人生|理性训练与避免愚蠢|逆向与决策工具,不收入；仅保留版本映射,poor-charlies-almanack/poor-charlies-almanack-talk-one.md,无,抽检,低,,,高
DOC-663,content/talks/芒格：论学院派经济学_2003.md,芒格：论学院派经济学 2003,29519,芒格,演讲中文翻译/转录,D,与选定主版本正文完全重复。,复杂系统与通用模型|知识格栅与多元模型|激励与制度,不收入；仅保留版本映射,poor-charlies-almanack/poor-charlies-almanack-talk-nine.md,无,抽检,低,,,高
DOC-664,content/talks/芒格：南加大法学院演讲_2007.md,芒格：南加大法学院演讲 2007,13091,芒格,演讲中文翻译/转录,D,与选定主版本正文完全重复。,理性训练与避免愚蠢|学习、品格与人生|激励与制度,不收入；仅保留版本映射,poor-charlies-almanack/poor-charlies-almanack-talk-ten.md,无,抽检,低,,,高
DOC-665,content/talks/芒格：南加大商学院演讲_1994.md,芒格：南加大商学院演讲 1994,25134,芒格,演讲中文翻译/转录,D,与选定主版本正文完全重复。,商业判断|投资与资本配置|复杂系统与通用模型,不收入；仅保留版本映射,poor-charlies-almanack/poor-charlies-almanack-talk-two.md,无,抽检,低,,,高
DOC-666,content/talks/芒格：斯坦福法学院演讲_1996.md,芒格：斯坦福法学院演讲 1996,28385,芒格,演讲中文翻译/转录,D,与选定主版本正文完全重复。,人类误判心理学|知识格栅与多元模型|商业判断,不收入；仅保留版本映射,poor-charlies-almanack/poor-charlies-almanack-talk-three.md,无,抽检,低,,,高
DOC-667,content/talks/芒格：DJ_年会_2013.md,芒格：DJ 年会 2013,26516,芒格,演讲中文翻译/转录,B,芒格演讲具有核心证据价值；若有宝典主版本则作为替代版本处理。,投资与资本配置|商业判断|复杂系统与通用模型,核心引文/版本校对,content/talks/芒格：DJ_年会_2013.md,无,抽检,低,,,高
DOC-668,content/talks/施洛斯：哥大商学院演讲_1993.md,施洛斯：哥大商学院演讲 1993,7982,其他/背景人物,演讲中文翻译/转录,B,芒格演讲具有核心证据价值；若有宝典主版本则作为替代版本处理。,投资与资本配置|市场、风险与错误|能力圈与集中投资,核心引文/版本校对,content/talks/施洛斯：哥大商学院演讲_1993.md,无,抽检,低,,,高
DOC-669,poor-charlies-almanack/_english-source/poor-charlies-almanack-chapter-one.md,A Portrait of Charles T. Munger,26059,芒格,英文原始文献,C,英文原始文献适合校对、注释和典藏，不直接占用中文主书篇幅。,背景资料,来源校对/典藏层,poor-charlies-almanack/_english-source/poor-charlies-almanack-chapter-one.md,无,否,低,,,高
DOC-670,poor-charlies-almanack/_english-source/poor-charlies-almanack-chapter-three.md,Poor Charlie's Almanack — Chapter Three,31641,芒格,英文原始文献,C,英文原始文献适合校对、注释和典藏，不直接占用中文主书篇幅。,商业判断,来源校对/典藏层,poor-charlies-almanack/_english-source/poor-charlies-almanack-chapter-three.md,无,否,低,,,高
DOC-671,poor-charlies-almanack/_english-source/poor-charlies-almanack-chapter-two.md,Poor Charlie's Almanack — Chapter Two,21515,芒格,英文原始文献,C,英文原始文献适合校对、注释和典藏，不直接占用中文主书篇幅。,背景资料,来源校对/典藏层,poor-charlies-almanack/_english-source/poor-charlies-almanack-chapter-two.md,无,否,低,,,高
DOC-672,poor-charlies-almanack/_english-source/poor-charlies-almanack-forewords.md,Poor Charlie's Almanack — Forewords,14636,芒格,英文原始文献,C,英文原始文献适合校对、注释和典藏，不直接占用中文主书篇幅。,背景资料,来源校对/典藏层,poor-charlies-almanack/_english-source/poor-charlies-almanack-forewords.md,无,否,低,,,高
DOC-673,poor-charlies-almanack/_english-source/poor-charlies-almanack-recommended-reading.md,Poor Charlie's Almanack — Recommended Reading,3107,芒格,英文原始文献,C,英文原始文献适合校对、注释和典藏，不直接占用中文主书篇幅。,背景资料,来源校对/典藏层,poor-charlies-almanack/_english-source/poor-charlies-almanack-recommended-reading.md,无,否,低,,,高
DOC-674,poor-charlies-almanack/_english-source/poor-charlies-almanack-talk-eight.md,Poor Charlie's Almanack — Talk Eight: The Great Financial Scandal of 2003,6524,芒格,英文原始文献,C,英文原始文献适合校对、注释和典藏，不直接占用中文主书篇幅。,背景资料,来源校对/典藏层,poor-charlies-almanack/_english-source/poor-charlies-almanack-talk-eight.md,无,否,低,,,高
DOC-675,poor-charlies-almanack/_english-source/poor-charlies-almanack-talk-eleven.md,Talk Eleven: The Psychology of Human Misjudgment,29815,芒格,英文原始文献,C,英文原始文献适合校对、注释和典藏，不直接占用中文主书篇幅。,人类误判心理学,来源校对/典藏层,poor-charlies-almanack/_english-source/poor-charlies-almanack-talk-eleven.md,无,否,低,,,高
DOC-676,poor-charlies-almanack/_english-source/poor-charlies-almanack-talk-five.md,Poor Charlie's Almanack — Talk Five: The Need for More Multidisciplinary Skills from Professionals: Educational Implications,5802,芒格,英文原始文献,C,英文原始文献适合校对、注释和典藏，不直接占用中文主书篇幅。,背景资料,来源校对/典藏层,poor-charlies-almanack/_english-source/poor-charlies-almanack-talk-five.md,无,否,低,,,高
DOC-677,poor-charlies-almanack/_english-source/poor-charlies-almanack-talk-four.md,Talk Four: Practical Thought about Practical Thought?,7495,芒格,英文原始文献,C,英文原始文献适合校对、注释和典藏，不直接占用中文主书篇幅。,背景资料,来源校对/典藏层,poor-charlies-almanack/_english-source/poor-charlies-almanack-talk-four.md,无,否,低,,,高
DOC-678,poor-charlies-almanack/_english-source/poor-charlies-almanack-talk-nine.md,Poor Charlie's Almanack — Talk Nine: Academic Economics: Strengths and Faults After Considering Interdisciplinary Needs,5628,芒格,英文原始文献,C,英文原始文献适合校对、注释和典藏，不直接占用中文主书篇幅。,知识格栅与多元模型,来源校对/典藏层,poor-charlies-almanack/_english-source/poor-charlies-almanack-talk-nine.md,无,否,低,,,高
DOC-679,poor-charlies-almanack/_english-source/poor-charlies-almanack-talk-one.md,Poor Charlie's Almanack — Talk One: Harvard School Commencement Speech,13742,芒格,英文原始文献,C,英文原始文献适合校对、注释和典藏，不直接占用中文主书篇幅。,背景资料,来源校对/典藏层,poor-charlies-almanack/_english-source/poor-charlies-almanack-talk-one.md,无,否,低,,,高
DOC-680,poor-charlies-almanack/_english-source/poor-charlies-almanack-talk-seven.md,Poor Charlie's Almanack — Talk Seven: Breakfast Meeting of the Philanthropy Roundtable,6742,芒格,英文原始文献,C,英文原始文献适合校对、注释和典藏，不直接占用中文主书篇幅。,背景资料,来源校对/典藏层,poor-charlies-almanack/_english-source/poor-charlies-almanack-talk-seven.md,无,否,低,,,高
DOC-681,poor-charlies-almanack/_english-source/poor-charlies-almanack-talk-six.md,Poor Charlie's Almanack — Talk Six: Investment Practices of Leading Charitable Foundations,8393,芒格,英文原始文献,C,英文原始文献适合校对、注释和典藏，不直接占用中文主书篇幅。,背景资料,来源校对/典藏层,poor-charlies-almanack/_english-source/poor-charlies-almanack-talk-six.md,无,否,低,,,高
DOC-682,poor-charlies-almanack/_english-source/poor-charlies-almanack-talk-ten.md,Talk Ten: USC Gould School of Law Commencement Address,29828,芒格,英文原始文献,C,英文原始文献适合校对、注释和典藏，不直接占用中文主书篇幅。,背景资料,来源校对/典藏层,poor-charlies-almanack/_english-source/poor-charlies-almanack-talk-ten.md,无,否,低,,,高
DOC-683,poor-charlies-almanack/_english-source/poor-charlies-almanack-talk-three.md,"Poor Charlie's Almanack — Talk Three: A Lesson on Elementary, Worldly Wisdom as It Relates to Investment Management and Business",31847,芒格,英文原始文献,C,英文原始文献适合校对、注释和典藏，不直接占用中文主书篇幅。,背景资料,来源校对/典藏层,poor-charlies-almanack/_english-source/poor-charlies-almanack-talk-three.md,无,否,低,,,高
DOC-684,poor-charlies-almanack/_english-source/poor-charlies-almanack-talk-two.md,"Poor Charlie's Almanack — Talk Two: A Lesson on Elementary, Worldly Wisdom as It Relates to Investment Management and Business",27215,芒格,英文原始文献,C,英文原始文献适合校对、注释和典藏，不直接占用中文主书篇幅。,商业判断|人类误判心理学,来源校对/典藏层,poor-charlies-almanack/_english-source/poor-charlies-almanack-talk-two.md,无,否,低,,,高
DOC-685,poor-charlies-almanack/poor-charlies-almanack-chapter-one.md,查理·芒格肖像,8538,芒格,经典文本中文翻译/编校,A,完整经典文本或演讲是芒格思想体系的主要证据源。,商业判断|学习、品格与人生|投资与资本配置,主书核心引文/思想演变,poor-charlies-almanack/poor-charlies-almanack-chapter-one.md,content/poor-charlies-almanack/01-portrait.md,否,低,,,高
DOC-686,poor-charlies-almanack/poor-charlies-almanack-chapter-three.md,《穷查理宝典》——第三章,9554,芒格,经典文本中文翻译/编校,A,完整经典文本或演讲是芒格思想体系的主要证据源。,投资与资本配置|知识格栅与多元模型|商业判断,主书核心引文/思想演变,poor-charlies-almanack/poor-charlies-almanack-chapter-three.md,无,否,低,,,高
DOC-687,poor-charlies-almanack/poor-charlies-almanack-chapter-two.md,《穷查理宝典》——第二章,6964,芒格,经典文本中文翻译/编校,A,完整经典文本或演讲是芒格思想体系的主要证据源。,学习、品格与人生|商业判断|激励与制度,主书核心引文/思想演变,poor-charlies-almanack/poor-charlies-almanack-chapter-two.md,无,否,低,,,高
DOC-688,poor-charlies-almanack/poor-charlies-almanack-forewords.md,《穷查理宝典》——序言,4669,芒格,经典文本中文翻译/编校,A,完整经典文本或演讲是芒格思想体系的主要证据源。,学习、品格与人生|投资与资本配置|商业判断,主书核心引文/思想演变,poor-charlies-almanack/poor-charlies-almanack-forewords.md,无,否,低,,,高
DOC-689,poor-charlies-almanack/poor-charlies-almanack-recommended-reading.md,《穷查理宝典》——推荐阅读,1456,芒格,经典文本中文翻译/编校,A,完整经典文本或演讲是芒格思想体系的主要证据源。,商业判断|学习、品格与人生|复杂系统与通用模型,主书核心引文/思想演变,poor-charlies-almanack/poor-charlies-almanack-recommended-reading.md,无,否,低,,,高
DOC-690,poor-charlies-almanack/poor-charlies-almanack-talk-eight.md,芒格：2003 年的金融大丑闻,9627,芒格,经典文本中文翻译/编校,A,完整经典文本或演讲是芒格思想体系的主要证据源。,商业判断|投资与资本配置|复杂系统与通用模型,主书核心引文/思想演变,poor-charlies-almanack/poor-charlies-almanack-talk-eight.md,content/articles/munger/芒格：2003_年的金融大丑闻.md,否,低,,,高
DOC-691,poor-charlies-almanack/poor-charlies-almanack-talk-eleven.md,第十一讲：人类误判心理学,9381,芒格,经典文本中文翻译/编校,A,完整经典文本或演讲是芒格思想体系的主要证据源。,人类误判心理学|复杂系统与通用模型|激励与制度,主书核心引文/思想演变,poor-charlies-almanack/poor-charlies-almanack-talk-eleven.md,content/models/psychology-of-human-misjudgment.md|content/munger-archive/recordings/psychology-of-human-misjudgment-1995.md,否,低,,,高
DOC-692,poor-charlies-almanack/poor-charlies-almanack-talk-five.md,芒格：哈佛法学院演讲 1998,7360,芒格,经典文本中文翻译/编校,A,完整经典文本或演讲是芒格思想体系的主要证据源。,知识格栅与多元模型|复杂系统与通用模型|人类误判心理学,主书核心引文/思想演变,poor-charlies-almanack/poor-charlies-almanack-talk-five.md,content/talks/芒格：哈佛法学院演讲_1998.md|content/munger-archive/recordings/harvard-law-1998-multidisciplinary.md,否,低,,,高
DOC-693,poor-charlies-almanack/poor-charlies-almanack-talk-four.md,芒格：关于实践思维的现实思考 1996,8505,芒格,经典文本中文翻译/编校,A,完整经典文本或演讲是芒格思想体系的主要证据源。,人类误判心理学|商业判断|知识格栅与多元模型,主书核心引文/思想演变,poor-charlies-almanack/poor-charlies-almanack-talk-four.md,content/talks/芒格：关于实践思维的现实思考_1996.md,否,低,,,高
DOC-694,poor-charlies-almanack/poor-charlies-almanack-talk-nine.md,芒格：论学院派经济学 2003,29519,芒格,经典文本中文翻译/编校,A,完整经典文本或演讲是芒格思想体系的主要证据源。,复杂系统与通用模型|知识格栅与多元模型|激励与制度,主书核心引文/思想演变,poor-charlies-almanack/poor-charlies-almanack-talk-nine.md,content/talks/芒格：论学院派经济学_2003.md|content/munger-archive/recordings/ucsb-2003-academic-economics.md,否,低,,,高
DOC-695,poor-charlies-almanack/poor-charlies-almanack-talk-one.md,芒格：哈佛中学演讲 1986,4365,芒格,经典文本中文翻译/编校,A,完整经典文本或演讲是芒格思想体系的主要证据源。,学习、品格与人生|理性训练与避免愚蠢|逆向与决策工具,主书核心引文/思想演变,poor-charlies-almanack/poor-charlies-almanack-talk-one.md,content/talks/芒格：哈佛中学演讲_1986.md|content/munger-archive/recordings/harvard-1986-misery.md,否,低,,,高
DOC-696,poor-charlies-almanack/poor-charlies-almanack-talk-seven.md,芒格：慈善圆桌会议讲话 2000,6537,芒格,经典文本中文翻译/编校,A,完整经典文本或演讲是芒格思想体系的主要证据源。,投资与资本配置|学习、品格与人生|商业判断,主书核心引文/思想演变,poor-charlies-almanack/poor-charlies-almanack-talk-seven.md,content/talks/芒格：慈善圆桌会议讲话_2000.md,否,低,,,高
DOC-697,poor-charlies-almanack/poor-charlies-almanack-talk-six.md,芒格：财务总监联合会演讲 1998,6934,芒格,经典文本中文翻译/编校,A,完整经典文本或演讲是芒格思想体系的主要证据源。,投资与资本配置|商业判断|学习、品格与人生,主书核心引文/思想演变,poor-charlies-almanack/poor-charlies-almanack-talk-six.md,content/talks/芒格：财务总监联合会演讲_1998.md,否,低,,,高
DOC-698,poor-charlies-almanack/poor-charlies-almanack-talk-ten.md,芒格：南加大法学院演讲 2007,13091,芒格,经典文本中文翻译/编校,A,完整经典文本或演讲是芒格思想体系的主要证据源。,理性训练与避免愚蠢|学习、品格与人生|激励与制度,主书核心引文/思想演变,poor-charlies-almanack/poor-charlies-almanack-talk-ten.md,content/talks/芒格：南加大法学院演讲_2007.md|content/munger-archive/recordings/usc-law-2007.md,否,低,,,高
DOC-699,poor-charlies-almanack/poor-charlies-almanack-talk-three.md,芒格：斯坦福法学院演讲 1996,28385,芒格,经典文本中文翻译/编校,A,完整经典文本或演讲是芒格思想体系的主要证据源。,人类误判心理学|知识格栅与多元模型|商业判断,主书核心引文/思想演变,poor-charlies-almanack/poor-charlies-almanack-talk-three.md,content/talks/芒格：斯坦福法学院演讲_1996.md|content/munger-archive/recordings/stanford-1996-worldly-wisdom.md,否,低,,,高
DOC-700,poor-charlies-almanack/poor-charlies-almanack-talk-two.md,芒格：南加大商学院演讲 1994,25134,芒格,经典文本中文翻译/编校,A,完整经典文本或演讲是芒格思想体系的主要证据源。,商业判断|投资与资本配置|复杂系统与通用模型,主书核心引文/思想演变,poor-charlies-almanack/poor-charlies-almanack-talk-two.md,content/talks/芒格：南加大商学院演讲_1994.md|content/munger-archive/recordings/usc-1994-worldly-wisdom.md,否,低,,,高
