person,placement,year,kind,title,relative,language,completeness,evidenceStatus,currentDecision,editorialGate,sourceSupport,sourcePaths,sourceSupportNote,sourceUrl,workKey,versionFamilyCount,gapFlags,chars,exactHash
buffett,buffett-volume,,article-candidate,巴菲特: 你应该了解珠宝生意,content/articles/buffett/巴菲特_你应该了解珠宝生意.md,zh,unknown,uncertain-article,requires-source-review,hold-until-manual-verification,no-local-original-language-base,,本地未找到可直接对应的原文或官方底本。,,,0,completeness-unproven|source-url-missing|local-original-language-base-missing|manual-authorship-or-source-review-required,1807,c1d454a256501bed609547827b706fbe45ab28887479ae8f7dd4084b0229635f
buffett,buffett-volume,1951,article-candidate,巴菲特：500 亿美元的决定,content/articles/buffett/巴菲特：500_亿美元的决定.md,zh,unknown,uncertain-article,requires-source-review,hold-until-manual-verification,no-local-original-language-base,,本地未找到可直接对应的原文或官方底本。,,,0,completeness-unproven|source-url-missing|local-original-language-base-missing|manual-authorship-or-source-review-required,2125,076fe800cde58674ec5547349d1dcd0e17291bb16c903c65a7956c4c68d95b61
buffett,buffett-volume,2001,article-candidate,巴菲特：保险业的 FDIC 2001,content/articles/buffett/巴菲特：保险业的_FDIC_2001.md,zh,unknown,uncertain-article,requires-source-review,hold-until-manual-verification,no-local-original-language-base,,本地未找到可直接对应的原文或官方底本。,,,0,completeness-unproven|source-url-missing|local-original-language-base-missing|manual-authorship-or-source-review-required,1743,d8a1ede1f6282126b85b9ad5f1eed57fa6ff9dac74e98d921adae23abe1d3a9a
buffett,buffett-volume,2008,article-candidate,巴菲特：给保尔森的信 2008,content/articles/buffett/巴菲特：给保尔森的信_2008.md,zh,unknown,primary-authored-candidate,candidate-primary-review,hold-until-manual-verification,no-local-original-language-base,,本地未找到可直接对应的原文或官方底本。,,,0,completeness-unproven|source-url-missing|local-original-language-base-missing|manual-authorship-or-source-review-required,2526,223822934f8be2ed7244316a26eddbf4bb976a08bc8a42ff508600a564c2a0b8
buffett,buffett-volume,2001,article-candidate,巴菲特：给全体经理人备忘录 2001,content/articles/buffett/巴菲特：给全体经理人备忘录_2001.md,zh,metadata-or-fragment,primary-authored-candidate,candidate-primary-review,hold-until-manual-verification,no-local-original-language-base,,本地未找到可直接对应的原文或官方底本。,,,0,source-url-missing|local-original-language-base-missing|manual-authorship-or-source-review-required,771,38e8d90218501035d75558ea1483a10bd2404f8289728bce97380fddf09cc262
buffett,buffett-volume,2006,article-candidate,巴菲特：给全体经理人备忘录 2006,content/articles/buffett/巴菲特：给全体经理人备忘录_2006.md,zh,metadata-or-fragment,primary-authored-candidate,candidate-primary-review,hold-until-manual-verification,no-local-original-language-base,,本地未找到可直接对应的原文或官方底本。,,,0,source-url-missing|local-original-language-base-missing|manual-authorship-or-source-review-required,831,567a7b6262e8a4d2e86ebee73c45a623aa4d072d9b50dc07e0c95bcab15bf6a6
buffett,buffett-volume,2010,article-candidate,巴菲特：给全体经理人备忘录 2010,content/articles/buffett/巴菲特：给全体经理人备忘录_2010.md,zh,unknown,primary-authored-candidate,candidate-primary-review,hold-until-manual-verification,no-local-original-language-base,,本地未找到可直接对应的原文或官方底本。,,,0,completeness-unproven|source-url-missing|local-original-language-base-missing|manual-authorship-or-source-review-required,2006,0ea66c59bace93788ada4392ca7ae641833aa7ed96e8668b9f6788603ab302cf
buffett,buffett-volume,2014,article-candidate,巴菲特：给全体经理人备忘录 2014,content/articles/buffett/巴菲特：给全体经理人备忘录_2014.md,zh,unknown,primary-authored-candidate,candidate-primary-review,hold-until-manual-verification,no-local-original-language-base,,本地未找到可直接对应的原文或官方底本。,,,0,completeness-unproven|source-url-missing|local-original-language-base-missing|manual-authorship-or-source-review-required,2006,39653bfe245ff45ac6997cdfad2ab38480a5de0e14d2a474743c41bf2cc00925
buffett,buffett-volume,2002,article-candidate,巴菲特：股票期权与常识,content/articles/buffett/巴菲特：股票期权与常识_2002.md,zh,unknown,primary-authored-candidate,candidate-primary-review,hold-until-manual-verification,no-local-original-language-base,,本地未找到可直接对应的原文或官方底本。,,,0,completeness-unproven|source-url-missing|local-original-language-base-missing|manual-authorship-or-source-review-required,10231,ace5b7b78119b520ce342328ac4aaccd7a2fd59b0ac19a98fb1ebe0e0eed658c
buffett,buffett-volume,2003,article-candidate,巴菲特：股息巫术 2003,content/articles/buffett/巴菲特：股息巫术_2003.md,zh,unknown,primary-authored-candidate,candidate-primary-review,hold-until-manual-verification,no-local-original-language-base,,本地未找到可直接对应的原文或官方底本。,,,0,completeness-unproven|source-url-missing|local-original-language-base-missing|manual-authorship-or-source-review-required,1828,cd8a219b99c7ac7122bb9f22cbcb425dfc38c76395180f8934bec3dcf41e075a
buffett,buffett-volume,2014,article-candidate,巴菲特：关于游牧者基金 2014,content/articles/buffett/巴菲特：关于游牧者基金_2014.md,zh,metadata-or-fragment,uncertain-article,requires-source-review,hold-until-manual-verification,no-local-original-language-base,,本地未找到可直接对应的原文或官方底本。,,,0,source-url-missing|local-original-language-base-missing|manual-authorship-or-source-review-required,732,7ac7bf6215657135d340bc324793f98846b32e49ae1c16b3aa715427723b518f
buffett,buffett-volume,1976,article-candidate,巴菲特：怀念恩师格雷厄姆 1976,content/articles/buffett/巴菲特：怀念恩师格雷厄姆_1976.md,zh,unknown,primary-authored-candidate,candidate-primary-review,hold-until-manual-verification,no-local-original-language-base,,本地未找到可直接对应的原文或官方底本。,,,0,completeness-unproven|source-url-missing|local-original-language-base-missing|manual-authorship-or-source-review-required,929,9a7c11b8ea2c61aed50a0dbb598437d4725a3a5121d037d6a67aa614c66f1036
buffett,buffett-volume,2008,article-candidate,巴菲特：怀念恩师格雷厄姆 2008,content/articles/buffett/巴菲特：怀念恩师格雷厄姆_2008.md,zh,unknown,primary-authored-candidate,candidate-primary-review,hold-until-manual-verification,no-local-original-language-base,,本地未找到可直接对应的原文或官方底本。,,,0,completeness-unproven|source-url-missing|local-original-language-base-missing|manual-authorship-or-source-review-required,6227,0a728c1f0a3d4ba870a099ebe6e68efa061ee391d06c0e630f47f96aab6fc571
buffett,buffett-volume,2005,article-candidate,巴菲特：回忆进入证券行业 2005,content/articles/buffett/巴菲特：回忆进入证券行业_2005.md,zh,unknown,uncertain-article,requires-source-review,hold-until-manual-verification,no-local-original-language-base,,本地未找到可直接对应的原文或官方底本。,,,0,completeness-unproven|source-url-missing|local-original-language-base-missing|manual-authorship-or-source-review-required,1495,f3a4c7fa44bfde6df4c54e7dcffa86609709ff1de72841b3aec17cfd2f1749b6
buffett,buffett-volume,2015,article-candidate,巴菲特：扩大所得税抵免比提高最低工资更好,content/articles/buffett/巴菲特：扩大所得税抵免比提高最低工资更好.md,zh,unknown,primary-authored-candidate,candidate-primary-review,hold-until-manual-verification,no-local-original-language-base,,本地未找到可直接对应的原文或官方底本。,,,0,completeness-unproven|source-url-missing|local-original-language-base-missing|manual-authorship-or-source-review-required,1852,78fcbf4dee1155ca91b810afcf08d02634ab43c1be0047e7034e581c632a47c8
buffett,buffett-volume,2008,article-candidate,巴菲特：买入美国正当时 2008,content/articles/buffett/巴菲特：买入美国正当时_2008.md,zh,unknown,primary-authored-candidate,candidate-primary-review,hold-until-manual-verification,no-local-original-language-base,,本地未找到可直接对应的原文或官方底本。,,,0,completeness-unproven|source-url-missing|local-original-language-base-missing|manual-authorship-or-source-review-required,1733,bc315aca0c713c454684747aa2f745a2f8bdb334fcbaecb9d5f5a75a6d268891
buffett,buffett-volume,2017,article-candidate,巴菲特：美国的未来 2017,content/articles/buffett/巴菲特：美国的未来_2017.md,zh,unknown,primary-authored-candidate,candidate-primary-review,hold-until-manual-verification,no-local-original-language-base,,本地未找到可直接对应的原文或官方底本。,,,0,completeness-unproven|source-url-missing|local-original-language-base-missing|manual-authorship-or-source-review-required,1838,ed7cfa5ae2e336392bf12c97ff41c49c9ccbc03cd244932056d6d128ccea5c17
buffett,buffett-volume,2009,article-candidate,巴菲特：美元效应 2009,content/articles/buffett/巴菲特：美元效应_2009.md,zh,unknown,primary-authored-candidate,candidate-primary-review,hold-until-manual-verification,no-local-original-language-base,,本地未找到可直接对应的原文或官方底本。,,,0,completeness-unproven|source-url-missing|local-original-language-base-missing|manual-authorship-or-source-review-required,1915,1d15b56821c7e6de0bf860d7077eb598a1173f8b371389ce08804632a4af0d22
buffett,buffett-volume,2004,article-candidate,巴菲特：模糊数学与股票期权 2004,content/articles/buffett/巴菲特：模糊数学与股票期权_2004.md,zh,unknown,primary-authored-candidate,candidate-primary-review,hold-until-manual-verification,no-local-original-language-base,,本地未找到可直接对应的原文或官方底本。,,,0,completeness-unproven|source-url-missing|local-original-language-base-missing|manual-authorship-or-source-review-required,1750,c028cfbf0ced7b016671610a606cd4a1648566d33cccbcba7c796539807a7fe5
buffett,buffett-volume,2002,article-candidate,巴菲特：谁是真正的账房先生,content/articles/buffett/巴菲特：谁是真正的账房先生.md,zh,unknown,primary-authored-candidate,candidate-primary-review,hold-until-manual-verification,no-local-original-language-base,,本地未找到可直接对应的原文或官方底本。,,,0,completeness-unproven|source-url-missing|local-original-language-base-missing|manual-authorship-or-source-review-required,1677,48d38d7513fda6286168535432db68286a21878ff67f5af726cb251faa6ae253
buffett,buffett-volume,2009,article-candidate,巴菲特：收购 BNSF 铁路,content/articles/buffett/巴菲特：收购_BNSF_铁路.md,zh,unknown,primary-authored-candidate,candidate-primary-review,hold-until-manual-verification,no-local-original-language-base,,本地未找到可直接对应的原文或官方底本。,,,0,completeness-unproven|source-url-missing|local-original-language-base-missing|manual-authorship-or-source-review-required,17427,b7476fbe5fca825ef816ed6fd0888bca262b0852d4fd4d5a35dd254548706b25
buffett,buffett-volume,2003,article-candidate,巴菲特：我为什么不看好美元 2003,content/articles/buffett/巴菲特：我为什么不看好美元_2003.md,zh,unknown,primary-authored-candidate,candidate-primary-review,hold-until-manual-verification,no-local-original-language-base,,本地未找到可直接对应的原文或官方底本。,,,0,completeness-unproven|source-url-missing|local-original-language-base-missing|manual-authorship-or-source-review-required,8170,b1ee8cc13991b73d3c052dc9d0014484e03c5751e92e1f1d5ca8873ef0970ff7
buffett,buffett-volume,1956,article-candidate,巴菲特合伙契约 1956,content/articles/buffett/巴菲特合伙契约_1956.md,zh,unknown,primary-authored-candidate,candidate-primary-review,hold-until-manual-verification,no-local-original-language-base,,本地未找到可直接对应的原文或官方底本。,,,0,completeness-unproven|source-url-missing|local-original-language-base-missing|manual-authorship-or-source-review-required,1585,80c8038fcd6218a3e6cab88b9856c222433235af7558c917ba1ef56417603672
buffett,buffett-volume,2007,article-candidate,巴菲特接见 Dardashti 2007,content/articles/buffett/巴菲特接见_Dardashti_2007.md,zh,selection-or-excerpt,uncertain-article,requires-source-review,hold-until-manual-verification,no-local-original-language-base,,本地未找到可直接对应的原文或官方底本。,,,0,selection-not-full-document|source-url-missing|local-original-language-base-missing|manual-authorship-or-source-review-required,2737,592a27ee5816a28471e179595b061ac915c19a7b553c70819effc0bca716d94a
buffett,buffett-volume,1998,article-candidate,巴菲特收购 LTMC 要约 1998,content/articles/buffett/巴菲特收购_LTMC_要约_1998.md,zh,unknown,primary-authored-candidate,candidate-primary-review,hold-until-manual-verification,no-local-original-language-base,,本地未找到可直接对应的原文或官方底本。,,,0,completeness-unproven|source-url-missing|local-original-language-base-missing|manual-authorship-or-source-review-required,1335,318a07c1de8490aaabdbabd016bf87086a6b106c2d5e70abedd7efdc02079510
buffett,buffett-volume,1976,article-candidate,巴菲特谈 GEICO1976,content/articles/buffett/巴菲特谈_GEICO1976.md,zh,unknown,primary-authored-candidate,candidate-primary-review,hold-until-manual-verification,no-local-original-language-base,,本地未找到可直接对应的原文或官方底本。,,,0,completeness-unproven|source-url-missing|local-original-language-base-missing|manual-authorship-or-source-review-required,2671,0eb8e9d02a58bef3a1a3c6939dc29bdfa058d399e6ca467be797472258c6d897
buffett,buffett-volume,1974,article-candidate,巴菲特谈股市 1974,content/articles/buffett/巴菲特谈股市_1974.md,zh,unknown,primary-authored-candidate,candidate-primary-review,hold-until-manual-verification,no-local-original-language-base,,本地未找到可直接对应的原文或官方底本。,,,0,completeness-unproven|source-url-missing|local-original-language-base-missing|manual-authorship-or-source-review-required,3020,b7c20e71a2172436b8a448b397a88bdc6bd2c6b350ff9a35a6cfa94a42278ec0
buffett,buffett-volume,1979,article-candidate,巴菲特谈股市 1979,content/articles/buffett/巴菲特谈股市_1979.md,zh,unknown,primary-authored-candidate,candidate-primary-review,hold-until-manual-verification,no-local-original-language-base,,本地未找到可直接对应的原文或官方底本。,,,0,completeness-unproven|source-url-missing|local-original-language-base-missing|manual-authorship-or-source-review-required,3315,9f6d08b19abd4378ca998ec16b3bf963331f373fdc89b340332dc8cf9c35e521
buffett,buffett-volume,1999,article-candidate,巴菲特谈股市 1999,content/articles/buffett/巴菲特谈股市_1999.md,zh,unknown,primary-authored-candidate,candidate-primary-review,hold-until-manual-verification,no-local-original-language-base,,本地未找到可直接对应的原文或官方底本。,,,0,completeness-unproven|source-url-missing|local-original-language-base-missing|manual-authorship-or-source-review-required,5000,dcd74d71cd2da51fd1ceb1f827d04612150aaf116d38bbf12a0cf0018bc5192a
buffett,buffett-volume,2001,article-candidate,巴菲特谈股市 2001,content/articles/buffett/巴菲特谈股市_2001.md,zh,unknown,primary-authored-candidate,candidate-primary-review,hold-until-manual-verification,no-local-original-language-base,,本地未找到可直接对应的原文或官方底本。,,,0,completeness-unproven|source-url-missing|local-original-language-base-missing|manual-authorship-or-source-review-required,10852,7292ec532a185dabd707277c1665c354c8bf54635048432f077f9f9daabec2d8
buffett,buffett-volume,1994,article-candidate,巴菲特谈施洛斯的信 1994,content/articles/buffett/巴菲特谈施洛斯的信_1994.md,zh,unknown,primary-authored-candidate,candidate-primary-review,hold-until-manual-verification,no-local-original-language-base,,本地未找到可直接对应的原文或官方底本。,,,0,completeness-unproven|source-url-missing|local-original-language-base-missing|manual-authorship-or-source-review-required,1225,286a8014325a893d16e2759d8739f1c565eb733871b410469bf5688bfc554178
buffett,buffett-volume,1977,article-candidate,巴菲特谈通货膨胀 1977,content/articles/buffett/巴菲特谈通货膨胀_1977.md,zh,unknown,primary-authored-candidate,candidate-primary-review,hold-until-manual-verification,no-local-original-language-base,,本地未找到可直接对应的原文或官方底本。,,,0,completeness-unproven|source-url-missing|local-original-language-base-missing|manual-authorship-or-source-review-required,16266,269ee6f3e45038e5f51cd5853ce56ea2c8011a64a9b7e5ece103a5076874f19c
buffett,buffett-volume,1985,article-candidate,巴菲特谈投资 1985,content/articles/buffett/巴菲特谈投资_1985.md,zh,unknown,primary-authored-candidate,candidate-primary-review,hold-until-manual-verification,no-local-original-language-base,,本地未找到可直接对应的原文或官方底本。,,,0,completeness-unproven|source-url-missing|local-original-language-base-missing|manual-authorship-or-source-review-required,3122,f79bb438b6bbe69f3cec68e9c6a72db505445cfd2ea440a4f1875015a101717d
buffett,buffett-volume,1988,article-candidate,巴菲特谈投资 1988,content/articles/buffett/巴菲特谈投资_1988.md,zh,unknown,primary-authored-candidate,candidate-primary-review,hold-until-manual-verification,no-local-original-language-base,,本地未找到可直接对应的原文或官方底本。,,,0,completeness-unproven|source-url-missing|local-original-language-base-missing|manual-authorship-or-source-review-required,5131,2f68b2f2030d14794086ecf9e2ab4ef65ec1bca1ae260dffcb9ac271f6028fd4
buffett,buffett-volume,1997,article-candidate,巴菲特谈微软的信 1997,content/articles/buffett/巴菲特谈微软的信_1997.md,zh,unknown,primary-authored-candidate,candidate-primary-review,hold-until-manual-verification,no-local-original-language-base,,本地未找到可直接对应的原文或官方底本。,,,0,completeness-unproven|source-url-missing|local-original-language-base-missing|manual-authorship-or-source-review-required,8046,9be48ea0bc8ee74c6926e5ff476ef91897dddb5ee3fe79039d74dcccaf9c5c4d
buffett,buffett-volume,1972,article-candidate,巴菲特谈喜诗糖果 1972,content/articles/buffett/巴菲特谈喜诗糖果_1972.md,zh,unknown,primary-authored-candidate,candidate-primary-review,hold-until-manual-verification,no-local-original-language-base,,本地未找到可直接对应的原文或官方底本。,,,0,completeness-unproven|source-url-missing|local-original-language-base-missing|manual-authorship-or-source-review-required,22991,a0ffb3ed7cd521db6047f079637bcb0b6d5da668a6fcafb3b41ba7169fe572f0
buffett,buffett-volume,1975,article-candidate,巴菲特谈养老金问题 1975,content/articles/buffett/巴菲特谈养老金问题_1975.md,zh,unknown,primary-authored-candidate,candidate-primary-review,hold-until-manual-verification,no-local-original-language-base,,本地未找到可直接对应的原文或官方底本。,,,0,completeness-unproven|source-url-missing|local-original-language-base-missing|manual-authorship-or-source-review-required,13356,8e94f33dde487e9bda175e3d55a2a754e5b34a07db0ee7f81a823d5e1ea65e7d
buffett,buffett-volume,1982,article-candidate,巴菲特谈指数期货 1982,content/articles/buffett/巴菲特谈指数期货_1982.md,zh,unknown,primary-authored-candidate,candidate-primary-review,hold-until-manual-verification,no-local-original-language-base,,本地未找到可直接对应的原文或官方底本。,,,0,completeness-unproven|source-url-missing|local-original-language-base-missing|manual-authorship-or-source-review-required,2762,8549eb2b2ebc7bf5f7d2dea36a1e947f87e1182c0c50e6269d692c314e100802
buffett,buffett-volume,1991,article-candidate,巴菲特致所罗门股东信 1991,content/articles/buffett/巴菲特致所罗门股东信_1991.md,zh,unknown,primary-authored-candidate,candidate-primary-review,hold-until-manual-verification,no-local-original-language-base,,本地未找到可直接对应的原文或官方底本。,,,0,completeness-unproven|source-url-missing|local-original-language-base-missing|manual-authorship-or-source-review-required,4874,bf68d37b00b94142facaf29c7c0b8c47c7e4eb24b5df64117f9a00b249b8e0ad
buffett,buffett-volume,1964,article-candidate,伯克希尔 50 周年：过去、现在和未来,content/articles/buffett/伯克希尔_50_周年：过去、现在和未来.md,zh,unknown,primary-authored-candidate,candidate-primary-review,hold-until-manual-verification,no-local-original-language-base,,本地未找到可直接对应的原文或官方底本。,,,0,completeness-unproven|source-url-missing|local-original-language-base-missing|manual-authorship-or-source-review-required,22989,5be0d43b3bded2d8b4910972087527956b2ec614746fe7c12d7d22466457a2f2
buffett,buffett-volume,1996,article-candidate,伯克希尔股东手册 1996,content/articles/buffett/伯克希尔股东手册_1996.md,zh,unknown,primary-authored-candidate,candidate-primary-review,hold-until-manual-verification,no-local-original-language-base,,本地未找到可直接对应的原文或官方底本。,,,0,completeness-unproven|source-url-missing|local-original-language-base-missing|manual-authorship-or-source-review-required,9900,e08b3faebec28c1b603fcd7764fb0b1072a78652489d706b8051355a81cc53da
buffett,buffett-volume,1957,article-candidate,我最看好的股票：人寿保险 1957,content/articles/buffett/我最看好的股票：人寿保险_1957.md,zh,unknown,primary-authored-candidate,candidate-primary-review,hold-until-manual-verification,no-local-original-language-base,,本地未找到可直接对应的原文或官方底本。,,,0,completeness-unproven|source-url-missing|local-original-language-base-missing|manual-authorship-or-source-review-required,1477,38ecdd0018f6337ce9ee876c41b4c5730dea61103738dc540f42957a2d692229
buffett,buffett-volume,1953,article-candidate,我最看好的股票：西部保险 1953,content/articles/buffett/我最看好的股票：西部保险_1953.md,zh,unknown,primary-authored-candidate,candidate-primary-review,hold-until-manual-verification,no-local-original-language-base,,本地未找到可直接对应的原文或官方底本。,,,0,completeness-unproven|source-url-missing|local-original-language-base-missing|manual-authorship-or-source-review-required,2373,dd3d5cb1576730c381930136bbf6635c02bcfe6958fa27c2579a7e4368ab85a5
buffett,buffett-volume,1957,article-candidate,我最看好的股票：油气资产管理公司 1957,content/articles/buffett/我最看好的股票：油气资产管理公司_1957.md,zh,unknown,primary-authored-candidate,candidate-primary-review,hold-until-manual-verification,no-local-original-language-base,,本地未找到可直接对应的原文或官方底本。,,,0,completeness-unproven|source-url-missing|local-original-language-base-missing|manual-authorship-or-source-review-required,2453,0c55783d16314be0e934288056119783cf19c882e326c07296350fb700efc270
buffett,buffett-volume,1951,article-candidate,我最看好的股票：GEICO 保险 1951,content/articles/buffett/我最看好的股票：GEICO_保险_1951.md,zh,unknown,primary-authored-candidate,candidate-primary-review,hold-until-manual-verification,no-local-original-language-base,,本地未找到可直接对应的原文或官方底本。,,,0,completeness-unproven|source-url-missing|local-original-language-base-missing|manual-authorship-or-source-review-required,2488,848a7d8841e13c768620dad96f7bfaa2becbb1ae1458ec87091b666acf37baa3
munger,munger-volume,2003,article-candidate,芒格：2003 年的金融大丑闻,content/articles/munger/芒格：2003_年的金融大丑闻.md,zh,unknown,primary-authored-candidate,candidate-primary-review,hold-until-manual-verification,no-local-original-language-base,,本地未找到可直接对应的原文或官方底本。,,,0,completeness-unproven|source-url-missing|local-original-language-base-missing|manual-authorship-or-source-review-required,9678,8353b5e46a5c4b5d13b61b55284f3453097ddf065d2681cd7fed69b50b351b95
both,joint-document-placement-pending,1999,other,伯克希尔：集团企业的终极折让,content/articles/other/伯克希尔：集团企业的终极折让.md,zh,unknown,embedded-primary-text-candidate,review-embedded-primary-text,hold-until-manual-verification,no-local-original-language-base,,本地未找到可直接对应的原文或官方底本。,,,0,completeness-unproven|source-url-missing|local-original-language-base-missing|manual-authorship-or-source-review-required|joint-document-volume-placement-pending,81949,a044e4f50ebbf3c3d53c25b980415e7109eb773fb09797386d7c0b0d4a52578a
buffett,buffett-volume,1954,other,伯克希尔与标普 500 指数,content/articles/other/伯克希尔与标普_500_指数.md,zh,unknown,embedded-primary-text-candidate,review-embedded-primary-text,hold-until-manual-verification,no-local-original-language-base,,本地未找到可直接对应的原文或官方底本。,,,0,completeness-unproven|source-url-missing|local-original-language-base-missing|manual-authorship-or-source-review-required,19420,cba07132d0c3dd1f93413b49bbbe908caabc1083fe776c3136eff5d056265cd5
both,joint-document-placement-pending,,other,如何建立能力圈,content/articles/other/如何建立能力圈.md,zh,unknown,embedded-primary-text-candidate,review-embedded-primary-text,hold-until-manual-verification,no-local-original-language-base,,本地未找到可直接对应的原文或官方底本。,,,0,completeness-unproven|source-url-missing|local-original-language-base-missing|manual-authorship-or-source-review-required|joint-document-volume-placement-pending,50732,e639245b4a8ced0ba8cd0038689dee95ceafd62e1c1e0f0e723b20e3f0014569
none,authorship-review,2018,subject-reference,巴菲特眼中的估值,content/bloggers/在苍茫中传灯/20180420_巴菲特眼中的估值.md,zh,unknown,embedded-primary-text-candidate,review-embedded-primary-text,hold-until-manual-verification,no-local-original-language-base,,本地未找到可直接对应的原文或官方底本。,,,0,completeness-unproven|source-url-missing|local-original-language-base-missing|manual-authorship-or-source-review-required,4100,013600eea2426861b08a8325e65026aff0c8b1d0e6dd3d341ca564f4dfe3da27
munger,munger-volume,2023,other,满城尽带黄金甲,content/bloggers/在苍茫中传灯/20230123_满城尽带黄金甲.md,zh,unknown,embedded-primary-text-candidate,review-embedded-primary-text,hold-until-manual-verification,no-local-original-language-base,,本地未找到可直接对应的原文或官方底本。,,,0,completeness-unproven|source-url-missing|local-original-language-base-missing|manual-authorship-or-source-review-required,4758,618323de73838c777d71868856777357fc25c27dcaaaefbb087c67fb979f63a8
munger,munger-volume,2019,other,2019年“在苍茫中传灯”文章总汇,content/bloggers/在苍茫中传灯/20250127_2019年“在苍茫中传灯”文章总汇.md,zh,unknown,embedded-primary-text-candidate,review-embedded-primary-text,hold-until-manual-verification,no-local-original-language-base,,本地未找到可直接对应的原文或官方底本。,,,0,completeness-unproven|source-url-missing|local-original-language-base-missing|manual-authorship-or-source-review-required,1696,e23fe83556fe755b1cc4894aae5c9baefea12fa9dc9c0a30617d0d633f7dab2b
both,joint-document-placement-pending,1994,berkshire-annual-meeting-session,Afternoon Session - 1994 Meeting,content/buffettfaq_cnbc/1994/Afternoon_Session_-_1994_Meeting.md,en,full-candidate,primary-transcript-original-language-candidate,candidate-source-version,source-reference-not-reading-copy,local-original-language-text-no-url,content/buffettfaq_cnbc/1994/Afternoon_Session_-_1994_Meeting.md,文件自身为英文逐字文本候选；来源权威性仍按 URL 和元数据复核。,,berkshire-meeting-1994-afternoon,1,source-url-missing|joint-document-volume-placement-pending,56976,29f3488de9dc3eacee8f3c3d517a37a92a2cea3f6bdabd5b9a431273fbd27542
both,joint-document-placement-pending,1994,berkshire-annual-meeting-session,Morning Session - 1994 Meeting,content/buffettfaq_cnbc/1994/Morning_Session_-_1994_Meeting.md,en,full-candidate,primary-transcript-original-language-candidate,candidate-source-version,source-reference-not-reading-copy,local-original-language-text-no-url,content/buffettfaq_cnbc/1994/Morning_Session_-_1994_Meeting.md,文件自身为英文逐字文本候选；来源权威性仍按 URL 和元数据复核。,,berkshire-meeting-1994-morning,1,source-url-missing|joint-document-volume-placement-pending,132055,ec10ae42f62825cc1543611827af0c0123df21f0a47de9d433af8d24ba35130b
both,joint-document-placement-pending,1995,berkshire-annual-meeting-session,Afternoon Session - 1995 Meeting,content/buffettfaq_cnbc/1995/Afternoon_Session_-_1995_Meeting.md,en,full-candidate,primary-transcript-original-language-candidate,candidate-source-version,source-reference-not-reading-copy,local-original-language-text-no-url,content/buffettfaq_cnbc/1995/Afternoon_Session_-_1995_Meeting.md,文件自身为英文逐字文本候选；来源权威性仍按 URL 和元数据复核。,,berkshire-meeting-1995-afternoon,1,source-url-missing|joint-document-volume-placement-pending,127189,3e64e7e614421d22bf423a4bcc9b22fe4723a95df9b09bf44463683fc22e4b92
both,joint-document-placement-pending,1995,berkshire-annual-meeting-session,Morning Session - 1995 Meeting,content/buffettfaq_cnbc/1995/Morning_Session_-_1995_Meeting.md,en,full-candidate,primary-transcript-original-language-candidate,candidate-source-version,source-reference-not-reading-copy,local-original-language-text-no-url,content/buffettfaq_cnbc/1995/Morning_Session_-_1995_Meeting.md,文件自身为英文逐字文本候选；来源权威性仍按 URL 和元数据复核。,,berkshire-meeting-1995-morning,1,source-url-missing|joint-document-volume-placement-pending,127804,f963ab187aeecbb47762ecdab6dc64921e7b644d6fe54116ef776938792d30f1
both,joint-document-placement-pending,1996,berkshire-annual-meeting-session,Afternoon Session - 1996 Meeting,content/buffettfaq_cnbc/1996/Afternoon_Session_-_1996_Meeting.md,en,full-candidate,primary-transcript-original-language-candidate,candidate-source-version,source-reference-not-reading-copy,local-original-language-text-no-url,content/buffettfaq_cnbc/1996/Afternoon_Session_-_1996_Meeting.md,文件自身为英文逐字文本候选；来源权威性仍按 URL 和元数据复核。,,berkshire-meeting-1996-afternoon,1,source-url-missing|joint-document-volume-placement-pending,132980,d4ee759ef1bf8c8c7d8c2287622a78310373019b487e6e286de66c566b407c25
both,joint-document-placement-pending,1996,berkshire-annual-meeting-session,Morning Session - 1996 Meeting,content/buffettfaq_cnbc/1996/Morning_Session_-_1996_Meeting.md,en,full-candidate,primary-transcript-original-language-candidate,candidate-source-version,source-reference-not-reading-copy,local-original-language-text-no-url,content/buffettfaq_cnbc/1996/Morning_Session_-_1996_Meeting.md,文件自身为英文逐字文本候选；来源权威性仍按 URL 和元数据复核。,,berkshire-meeting-1996-morning,1,source-url-missing|joint-document-volume-placement-pending,138109,dfa0d1fb1781396c06e938e2c96fd232ed7083cec017b019679923fd59938a5c
both,joint-document-placement-pending,1997,berkshire-annual-meeting-session,Afternoon Session - 1997 Meeting,content/buffettfaq_cnbc/1997/Afternoon_Session_-_1997_Meeting.md,en,full-candidate,primary-transcript-original-language-candidate,candidate-source-version,source-reference-not-reading-copy,local-original-language-text-with-url,content/buffettfaq_cnbc/1997/Afternoon_Session_-_1997_Meeting.md,文件自身为英文逐字文本候选；来源权威性仍按 URL 和元数据复核。,https://en.wikipedia.org/wiki/Yogi_Berra,berkshire-meeting-1997-afternoon,1,joint-document-volume-placement-pending,151648,c3b78291b387990e5d03e2dedc637b9761111dc1a0685ea5cc68a8406efee75e
both,joint-document-placement-pending,1997,berkshire-annual-meeting-session,Morning Session - 1997 Meeting,content/buffettfaq_cnbc/1997/Morning_Session_-_1997_Meeting.md,en,full-candidate,primary-transcript-original-language-candidate,candidate-source-version,source-reference-not-reading-copy,local-original-language-text-no-url,content/buffettfaq_cnbc/1997/Morning_Session_-_1997_Meeting.md,文件自身为英文逐字文本候选；来源权威性仍按 URL 和元数据复核。,,berkshire-meeting-1997-morning,1,source-url-missing|joint-document-volume-placement-pending,129530,749c9c298e21f2090ff966c564c300a4d9cc0b2dc789c6b5f6800c4b6b2724b3
both,joint-document-placement-pending,1998,berkshire-annual-meeting-session,Afternoon Session - 1998 Meeting,content/buffettfaq_cnbc/1998/Afternoon_Session_-_1998_Meeting.md,en,full-candidate,primary-transcript-original-language-candidate,candidate-source-version,source-reference-not-reading-copy,local-original-language-text-no-url,content/buffettfaq_cnbc/1998/Afternoon_Session_-_1998_Meeting.md,文件自身为英文逐字文本候选；来源权威性仍按 URL 和元数据复核。,,berkshire-meeting-1998-afternoon,1,source-url-missing|joint-document-volume-placement-pending,153073,a26fc270c3fa9d15d0e5d99170fea25d3d82370b6aaa56fca987496c31de66c8
both,joint-document-placement-pending,1998,berkshire-annual-meeting-session,Morning Session - 1998 Meeting,content/buffettfaq_cnbc/1998/Morning_Session_-_1998_Meeting.md,en,full-candidate,primary-transcript-original-language-candidate,candidate-source-version,source-reference-not-reading-copy,local-original-language-text-no-url,content/buffettfaq_cnbc/1998/Morning_Session_-_1998_Meeting.md,文件自身为英文逐字文本候选；来源权威性仍按 URL 和元数据复核。,,berkshire-meeting-1998-morning,1,source-url-missing|joint-document-volume-placement-pending,137788,135f9ffe6bcd9beb2d372ccfb019766f7b41a1c6986e0bdb5755148ad3da65d9
both,joint-document-placement-pending,1999,berkshire-annual-meeting-session,Afternoon Session - 1999 Meeting,content/buffettfaq_cnbc/1999/Afternoon_Session_-_1999_Meeting.md,en,full-candidate,primary-transcript-original-language-candidate,candidate-source-version,source-reference-not-reading-copy,local-original-language-text-no-url,content/buffettfaq_cnbc/1999/Afternoon_Session_-_1999_Meeting.md,文件自身为英文逐字文本候选；来源权威性仍按 URL 和元数据复核。,,berkshire-meeting-1999-afternoon,1,source-url-missing|joint-document-volume-placement-pending,140857,b75d66519d9fad615ee950a3550182e8c2f9960df7a351edcb148e89f6a09367
both,joint-document-placement-pending,1999,berkshire-annual-meeting-session,Morning Session - 1999 Meeting,content/buffettfaq_cnbc/1999/Morning_Session_-_1999_Meeting.md,en,full-candidate,primary-transcript-original-language-candidate,candidate-source-version,source-reference-not-reading-copy,local-original-language-text-no-url,content/buffettfaq_cnbc/1999/Morning_Session_-_1999_Meeting.md,文件自身为英文逐字文本候选；来源权威性仍按 URL 和元数据复核。,,berkshire-meeting-1999-morning,1,source-url-missing|joint-document-volume-placement-pending,139425,fd4b78ad1f426ad90b95f06877ca9ce9ae9681a76c131d8bdfd6bdc1a34886c0
both,joint-document-placement-pending,2000,berkshire-annual-meeting-session,Afternoon Session - 2000 Meeting,content/buffettfaq_cnbc/2000/Afternoon_Session_-_2000_Meeting.md,en,full-candidate,primary-transcript-original-language-candidate,candidate-source-version,source-reference-not-reading-copy,local-original-language-text-no-url,content/buffettfaq_cnbc/2000/Afternoon_Session_-_2000_Meeting.md,文件自身为英文逐字文本候选；来源权威性仍按 URL 和元数据复核。,,berkshire-meeting-2000-afternoon,1,source-url-missing|joint-document-volume-placement-pending,141318,c3c6c6292028008a785ed95cbf3b9d6ee038aae624021e3f287b51060e75e77c
both,joint-document-placement-pending,2000,berkshire-annual-meeting-session,Morning Session - 2000 Meeting,content/buffettfaq_cnbc/2000/Morning_Session_-_2000_Meeting.md,en,full-candidate,primary-transcript-original-language-candidate,candidate-source-version,source-reference-not-reading-copy,local-original-language-text-no-url,content/buffettfaq_cnbc/2000/Morning_Session_-_2000_Meeting.md,文件自身为英文逐字文本候选；来源权威性仍按 URL 和元数据复核。,,berkshire-meeting-2000-morning,1,source-url-missing|joint-document-volume-placement-pending,123878,b4295afec51c47ffd13164cc11be19f7bd1f4a1b239b72aac00431651684369e
both,joint-document-placement-pending,2001,berkshire-annual-meeting-session,Afternoon Session - 2001 Meeting,content/buffettfaq_cnbc/2001/Afternoon_Session_-_2001_Meeting.md,en,full-candidate,primary-transcript-original-language-candidate,candidate-source-version,source-reference-not-reading-copy,local-original-language-text-no-url,content/buffettfaq_cnbc/2001/Afternoon_Session_-_2001_Meeting.md,文件自身为英文逐字文本候选；来源权威性仍按 URL 和元数据复核。,,berkshire-meeting-2001-afternoon,1,source-url-missing|joint-document-volume-placement-pending,138960,0c700fb4c69493a4d13913ea8a4284323fb0a91284f78249edd1853819413113
both,joint-document-placement-pending,2001,berkshire-annual-meeting-session,Morning Session - 2001 Meeting,content/buffettfaq_cnbc/2001/Morning_Session_-_2001_Meeting.md,en,full-candidate,primary-transcript-original-language-candidate,candidate-source-version,source-reference-not-reading-copy,local-original-language-text-no-url,content/buffettfaq_cnbc/2001/Morning_Session_-_2001_Meeting.md,文件自身为英文逐字文本候选；来源权威性仍按 URL 和元数据复核。,,berkshire-meeting-2001-morning,1,source-url-missing|joint-document-volume-placement-pending,128003,dae15b0e25f55107922a76f071c4efaecb03c55fdb72d4e4c4fa29cde0cd274a
both,joint-document-placement-pending,2002,berkshire-annual-meeting-session,Afternoon Session - 2002 Meeting,content/buffettfaq_cnbc/2002/Afternoon_Session_-_2002_Meeting.md,en,full-candidate,primary-transcript-original-language-candidate,candidate-source-version,source-reference-not-reading-copy,local-original-language-text-no-url,content/buffettfaq_cnbc/2002/Afternoon_Session_-_2002_Meeting.md,文件自身为英文逐字文本候选；来源权威性仍按 URL 和元数据复核。,,berkshire-meeting-2002-afternoon,1,source-url-missing|joint-document-volume-placement-pending,145256,c6bc30b49b540535ebea17408f422fac6b78488b6c3bf6063d8e96415d8c2507
both,joint-document-placement-pending,2002,berkshire-annual-meeting-session,Morning Session - 2002 Meeting,content/buffettfaq_cnbc/2002/Morning_Session_-_2002_Meeting.md,en,selection-or-excerpt,primary-transcript-original-language-candidate,candidate-source-version,source-reference-not-reading-copy,local-original-language-fragment,content/buffettfaq_cnbc/2002/Morning_Session_-_2002_Meeting.md,本地英文文件不完整。,,berkshire-meeting-2002-morning,1,selection-not-full-document|source-url-missing|local-source-fragment-not-full-base|joint-document-volume-placement-pending,138313,9ddfe78484227a646874034fb0ddc526a4f2a1523949a4c63163d9bfb9e6d363
both,joint-document-placement-pending,2003,berkshire-annual-meeting-session,Afternoon Session - 2003 Meeting,content/buffettfaq_cnbc/2003/Afternoon_Session_-_2003_Meeting.md,en,full-candidate,primary-transcript-original-language-candidate,candidate-source-version,source-reference-not-reading-copy,local-original-language-text-no-url,content/buffettfaq_cnbc/2003/Afternoon_Session_-_2003_Meeting.md,文件自身为英文逐字文本候选；来源权威性仍按 URL 和元数据复核。,,berkshire-meeting-2003-afternoon,1,source-url-missing|joint-document-volume-placement-pending,144791,83b6e3ae62deab7f626e49b3c0f3323db82e5055d5b1ee017487f2c67c2be0ab
both,joint-document-placement-pending,2003,berkshire-annual-meeting-session,Morning Session - 2003 Meeting,content/buffettfaq_cnbc/2003/Morning_Session_-_2003_Meeting.md,en,full-candidate,primary-transcript-original-language-candidate,candidate-source-version,source-reference-not-reading-copy,local-original-language-text-no-url,content/buffettfaq_cnbc/2003/Morning_Session_-_2003_Meeting.md,文件自身为英文逐字文本候选；来源权威性仍按 URL 和元数据复核。,,berkshire-meeting-2003-morning,1,source-url-missing|joint-document-volume-placement-pending,136609,035ecc888cfed03fceb3717dd49771c33a5c59fe953743b4f26a08295aca09c8
buffett,buffett-volume,2004,berkshire-annual-meeting-session,Afternoon Session - 2004 Meeting,content/buffettfaq_cnbc/2004/Afternoon_Session_-_2004_Meeting.md,en,full-candidate,primary-transcript-original-language-candidate,candidate-source-version,source-reference-not-reading-copy,local-original-language-text-with-url,content/buffettfaq_cnbc/2004/Afternoon_Session_-_2004_Meeting.md,文件自身为英文逐字文本候选；来源权威性仍按 URL 和元数据复核。,https://buffett.cnbc.com/,berkshire-meeting-2004-afternoon,1,,129882,85fc8ce84f910adea42a958b791878612ed9df53d8d086ee4bbf3e11b05d4090
buffett,buffett-volume,2004,berkshire-annual-meeting-session,Morning Session - 2004 Meeting,content/buffettfaq_cnbc/2004/Morning_Session_-_2004_Meeting.md,en,full-candidate,primary-transcript-original-language-candidate,candidate-source-version,source-reference-not-reading-copy,local-original-language-text-with-url,content/buffettfaq_cnbc/2004/Morning_Session_-_2004_Meeting.md,文件自身为英文逐字文本候选；来源权威性仍按 URL 和元数据复核。,https://buffett.cnbc.com/,berkshire-meeting-2004-morning,1,,130748,3cfe9487792297803c3300711455089a31b040b416ce7f477e032f9c29d16460
both,joint-document-placement-pending,2005,berkshire-annual-meeting-session,Afternoon Session - 2005 Meeting,content/buffettfaq_cnbc/2005/Afternoon_Session_-_2005_Meeting.md,en,full-candidate,primary-transcript-original-language-candidate,candidate-source-version,source-reference-not-reading-copy,local-original-language-text-no-url,content/buffettfaq_cnbc/2005/Afternoon_Session_-_2005_Meeting.md,文件自身为英文逐字文本候选；来源权威性仍按 URL 和元数据复核。,,berkshire-meeting-2005-afternoon,1,source-url-missing|joint-document-volume-placement-pending,114742,3b05ec10dd109006fa64341b1e31e0bcbf48ddade3f8893c9ddab990ceea03fb
both,joint-document-placement-pending,2005,berkshire-annual-meeting-session,Morning Session - 2005 Meeting,content/buffettfaq_cnbc/2005/Morning_Session_-_2005_Meeting.md,en,full-candidate,primary-transcript-original-language-candidate,candidate-source-version,source-reference-not-reading-copy,local-original-language-text-no-url,content/buffettfaq_cnbc/2005/Morning_Session_-_2005_Meeting.md,文件自身为英文逐字文本候选；来源权威性仍按 URL 和元数据复核。,,berkshire-meeting-2005-morning,1,source-url-missing|joint-document-volume-placement-pending,129242,c7ef05c6e23f3a869af4fb5f7fd8ec54a355a3aa9427c9666477403983d97731
both,joint-document-placement-pending,2006,berkshire-annual-meeting-session,Afternoon Session - 2006 Meeting,content/buffettfaq_cnbc/2006/Afternoon_Session_-_2006_Meeting.md,en,full-candidate,primary-transcript-original-language-candidate,candidate-source-version,source-reference-not-reading-copy,local-original-language-text-no-url,content/buffettfaq_cnbc/2006/Afternoon_Session_-_2006_Meeting.md,文件自身为英文逐字文本候选；来源权威性仍按 URL 和元数据复核。,,berkshire-meeting-2006-afternoon,1,source-url-missing|joint-document-volume-placement-pending,110061,c4e855089e0324c8e3d9788d145b8c5d07b30cf4ce5e6e2d3fbcdd71e923488c
both,joint-document-placement-pending,2006,berkshire-annual-meeting-session,Morning Session - 2006 Meeting,content/buffettfaq_cnbc/2006/Morning_Session_-_2006_Meeting.md,en,full-candidate,primary-transcript-original-language-candidate,candidate-source-version,source-reference-not-reading-copy,local-original-language-text-no-url,content/buffettfaq_cnbc/2006/Morning_Session_-_2006_Meeting.md,文件自身为英文逐字文本候选；来源权威性仍按 URL 和元数据复核。,,berkshire-meeting-2006-morning,1,source-url-missing|joint-document-volume-placement-pending,123277,00b5f3a1558cf524aa818a8c30735ea254b395aa24a770665168d22d3a1f8ac7
both,joint-document-placement-pending,2007,berkshire-annual-meeting-session,Afternoon Session - 2007 Meeting,content/buffettfaq_cnbc/2007/Afternoon_Session_-_2007_Meeting.md,en,full-candidate,primary-transcript-original-language-candidate,candidate-source-version,source-reference-not-reading-copy,local-original-language-text-no-url,content/buffettfaq_cnbc/2007/Afternoon_Session_-_2007_Meeting.md,文件自身为英文逐字文本候选；来源权威性仍按 URL 和元数据复核。,,berkshire-meeting-2007-afternoon,1,source-url-missing|joint-document-volume-placement-pending,144046,0a53092ad52886883a64cec560bb7869d839d604eedd21dff2e8215af7248ab4
both,joint-document-placement-pending,2007,berkshire-annual-meeting-session,Morning Session - 2007 Meeting,content/buffettfaq_cnbc/2007/Morning_Session_-_2007_Meeting.md,en,full-candidate,primary-transcript-original-language-candidate,candidate-source-version,source-reference-not-reading-copy,local-original-language-text-no-url,content/buffettfaq_cnbc/2007/Morning_Session_-_2007_Meeting.md,文件自身为英文逐字文本候选；来源权威性仍按 URL 和元数据复核。,,berkshire-meeting-2007-morning,1,source-url-missing|joint-document-volume-placement-pending,126297,3a0fc68176f6288d5b3238375fa1fcef785463ccf0c46f55de2bb5db688607b6
both,joint-document-placement-pending,2008,berkshire-annual-meeting-session,Afternoon Session - 2008 Meeting,content/buffettfaq_cnbc/2008/Afternoon_Session_-_2008_Meeting.md,en,full-candidate,primary-transcript-original-language-candidate,candidate-source-version,source-reference-not-reading-copy,local-original-language-text-no-url,content/buffettfaq_cnbc/2008/Afternoon_Session_-_2008_Meeting.md,文件自身为英文逐字文本候选；来源权威性仍按 URL 和元数据复核。,,berkshire-meeting-2008-afternoon,1,source-url-missing|joint-document-volume-placement-pending,112464,95bd2b1da3f5bdbc680d4b4417f15b8d178a83e8fd5b9ee843845c6ba955f28f
both,joint-document-placement-pending,2008,berkshire-annual-meeting-session,Morning Session - 2008 Meeting,content/buffettfaq_cnbc/2008/Morning_Session_-_2008_Meeting.md,en,full-candidate,primary-transcript-original-language-candidate,candidate-source-version,source-reference-not-reading-copy,local-original-language-text-no-url,content/buffettfaq_cnbc/2008/Morning_Session_-_2008_Meeting.md,文件自身为英文逐字文本候选；来源权威性仍按 URL 和元数据复核。,,berkshire-meeting-2008-morning,1,source-url-missing|joint-document-volume-placement-pending,129116,a3407f2d934c079fa42c03be8cc00bd62f5b1ff0236a885ec30aa8719f67e340
both,joint-document-placement-pending,2009,berkshire-annual-meeting-session,Afternoon Session - 2009 Meeting,content/buffettfaq_cnbc/2009/Afternoon_Session_-_2009_Meeting.md,en,full-candidate,primary-transcript-original-language-candidate,candidate-source-version,source-reference-not-reading-copy,local-original-language-text-no-url,content/buffettfaq_cnbc/2009/Afternoon_Session_-_2009_Meeting.md,文件自身为英文逐字文本候选；来源权威性仍按 URL 和元数据复核。,,berkshire-meeting-2009-afternoon,1,source-url-missing|joint-document-volume-placement-pending,117237,dbb77bfff0c3c5c852dc0a46564e9fe263915e465861bf2ae458ae1defc90ade
buffett,buffett-volume,2009,berkshire-annual-meeting-session,Morning Session - 2009  Meeting,content/buffettfaq_cnbc/2009/Morning_Session_-_2009__Meeting.md,en,full-candidate,primary-transcript-original-language-candidate,candidate-source-version,source-reference-not-reading-copy,local-original-language-text-with-url,content/buffettfaq_cnbc/2009/Morning_Session_-_2009__Meeting.md,文件自身为英文逐字文本候选；来源权威性仍按 URL 和元数据复核。,https://buffett.cnbc.com/,berkshire-meeting-2009-morning,2,version-family-needs-canonical-choice,142605,902ea28327f29f4c249ec24da88168b5ff7b21ebaf4d8b6e37c9a6d07442e7b1
both,joint-document-placement-pending,2009,berkshire-annual-meeting-session,Morning Session - 2009  Meeting,content/buffettfaq_cnbc/2009/Morning_Session_-_2009_Meeting.md,en,full-candidate,primary-transcript-original-language-candidate,candidate-source-version,source-reference-not-reading-copy,local-original-language-text-no-url,content/buffettfaq_cnbc/2009/Morning_Session_-_2009_Meeting.md,文件自身为英文逐字文本候选；来源权威性仍按 URL 和元数据复核。,,berkshire-meeting-2009-morning,2,source-url-missing|version-family-needs-canonical-choice|joint-document-volume-placement-pending,143196,915160fb57e42199f41f6b527b769c3c119122948d493e12dd77ff4cc3ba4ffb
both,joint-document-placement-pending,2010,berkshire-annual-meeting-session,Afternoon Session - 2010 Meeting,content/buffettfaq_cnbc/2010/Afternoon_Session_-_2010_Meeting.md,en,full-candidate,primary-transcript-original-language-candidate,candidate-source-version,source-reference-not-reading-copy,local-original-language-text-no-url,content/buffettfaq_cnbc/2010/Afternoon_Session_-_2010_Meeting.md,文件自身为英文逐字文本候选；来源权威性仍按 URL 和元数据复核。,,berkshire-meeting-2010-afternoon,1,source-url-missing|joint-document-volume-placement-pending,130868,aa610c79444ee72ef8440c3e9b155232e8c952288dbd65d2a08502ed02fd9708
both,joint-document-placement-pending,2010,berkshire-annual-meeting-session,Morning Session - 2010 Meeting,content/buffettfaq_cnbc/2010/Morning_Session_-_2010_Meeting.md,en,full-candidate,primary-transcript-original-language-candidate,candidate-source-version,source-reference-not-reading-copy,local-original-language-text-no-url,content/buffettfaq_cnbc/2010/Morning_Session_-_2010_Meeting.md,文件自身为英文逐字文本候选；来源权威性仍按 URL 和元数据复核。,,berkshire-meeting-2010-morning,1,source-url-missing|joint-document-volume-placement-pending,128579,8edcc71b94d15d7efd5675d062153a92ab6ba3270337388a0f9d9ad0f9dbbd61
both,joint-document-placement-pending,2011,berkshire-annual-meeting-session,Afternoon Session - 2011 Meeting,content/buffettfaq_cnbc/2011/Afternoon_Session_-_2011_Meeting.md,en,full-candidate,primary-transcript-original-language-candidate,candidate-source-version,source-reference-not-reading-copy,local-original-language-text-no-url,content/buffettfaq_cnbc/2011/Afternoon_Session_-_2011_Meeting.md,文件自身为英文逐字文本候选；来源权威性仍按 URL 和元数据复核。,,berkshire-meeting-2011-afternoon,1,source-url-missing|joint-document-volume-placement-pending,149534,b72b214a9febc7e2d276ba591d10873d46b5b9376828e795d50d03128a6f3d22
both,joint-document-placement-pending,2011,berkshire-annual-meeting-session,Morning Session - 2011 Meeting,content/buffettfaq_cnbc/2011/Morning_Session_-_2011_Meeting.md,en,full-candidate,primary-transcript-original-language-candidate,candidate-source-version,source-reference-not-reading-copy,local-original-language-text-no-url,content/buffettfaq_cnbc/2011/Morning_Session_-_2011_Meeting.md,文件自身为英文逐字文本候选；来源权威性仍按 URL 和元数据复核。,,berkshire-meeting-2011-morning,1,source-url-missing|joint-document-volume-placement-pending,120185,91a08e3e4206e29beef2b6d9f171d5d71478a30a780772624a4fc8721e9448b3
both,joint-document-placement-pending,2012,berkshire-annual-meeting-session,Afternoon Session - 2012 Meeting,content/buffettfaq_cnbc/2012/Afternoon_Session_-_2012_Meeting.md,en,full-candidate,primary-transcript-original-language-candidate,candidate-source-version,source-reference-not-reading-copy,local-original-language-text-no-url,content/buffettfaq_cnbc/2012/Afternoon_Session_-_2012_Meeting.md,文件自身为英文逐字文本候选；来源权威性仍按 URL 和元数据复核。,,berkshire-meeting-2012-afternoon,1,source-url-missing|joint-document-volume-placement-pending,132631,c13d6203f3c637fdb8da15812559dc8e1a6cdec56f179b3b56209f0ec0577273
both,joint-document-placement-pending,2012,berkshire-annual-meeting-session,Morning Session - 2012 Meeting,content/buffettfaq_cnbc/2012/Morning_Session_-_2012_Meeting.md,en,full-candidate,primary-transcript-original-language-candidate,candidate-source-version,source-reference-not-reading-copy,local-original-language-text-no-url,content/buffettfaq_cnbc/2012/Morning_Session_-_2012_Meeting.md,文件自身为英文逐字文本候选；来源权威性仍按 URL 和元数据复核。,,berkshire-meeting-2012-morning,1,source-url-missing|joint-document-volume-placement-pending,129911,400f8623cb65dc2fdab42b49ad04a393b19e7ebb46a3801ca270b9966918bc95
both,joint-document-placement-pending,2013,berkshire-annual-meeting-session,Afternoon Session - 2013 Meeting,content/buffettfaq_cnbc/2013/Afternoon_Session_-_2013_Meeting.md,en,full-candidate,primary-transcript-original-language-candidate,candidate-source-version,source-reference-not-reading-copy,local-original-language-text-no-url,content/buffettfaq_cnbc/2013/Afternoon_Session_-_2013_Meeting.md,文件自身为英文逐字文本候选；来源权威性仍按 URL 和元数据复核。,,berkshire-meeting-2013-afternoon,1,source-url-missing|joint-document-volume-placement-pending,117042,baee5d4116b13e17292691926b9fff5bf479480355d7b37b316082c4e5abe716
both,joint-document-placement-pending,2013,berkshire-annual-meeting-session,Morning Session - 2013 Meeting,content/buffettfaq_cnbc/2013/Morning_Session_-_2013_Meeting.md,en,full-candidate,primary-transcript-original-language-candidate,candidate-source-version,source-reference-not-reading-copy,local-original-language-text-no-url,content/buffettfaq_cnbc/2013/Morning_Session_-_2013_Meeting.md,文件自身为英文逐字文本候选；来源权威性仍按 URL 和元数据复核。,,berkshire-meeting-2013-morning,1,source-url-missing|joint-document-volume-placement-pending,131080,e77b2c939eeb5ba37efb98c6bdf93fd5575f56798e6a3c6fb38451f396174ccb
buffett,buffett-volume,2014,berkshire-annual-meeting-session,Afternoon Session - 2014 Meeting,content/buffettfaq_cnbc/2014/Afternoon_Session_-_2014_Meeting.md,en,full-candidate,primary-transcript-original-language-candidate,candidate-source-version,source-reference-not-reading-copy,local-original-language-text-with-url,content/buffettfaq_cnbc/2014/Afternoon_Session_-_2014_Meeting.md,文件自身为英文逐字文本候选；来源权威性仍按 URL 和元数据复核。,https://buffett.cnbc.com/,berkshire-meeting-2014-afternoon,1,,140962,f42c0df9da93a295610b007c5e21d0456bfa88102c9b7299f87fc318e2f8191d
buffett,buffett-volume,2014,berkshire-annual-meeting-session,Morning Session - 2014 Meeting,content/buffettfaq_cnbc/2014/Morning_Session_-_2014_Meeting.md,en,selection-or-excerpt,primary-transcript-original-language-candidate,candidate-source-version,source-reference-not-reading-copy,local-original-language-fragment,content/buffettfaq_cnbc/2014/Morning_Session_-_2014_Meeting.md,本地英文文件不完整。,https://buffett.cnbc.com/,berkshire-meeting-2014-morning,1,selection-not-full-document|local-source-fragment-not-full-base,130303,541e55b84c87fca9556c88b695ecfa63ebb91f35407579b6b5c1e4f3781b5b13
buffett,buffett-volume,2015,berkshire-annual-meeting-session,Afternoon Session - 2015 Meeting,content/buffettfaq_cnbc/2015/Afternoon_Session_-_2015_Meeting.md,en,full-candidate,primary-transcript-original-language-candidate,candidate-source-version,source-reference-not-reading-copy,local-original-language-text-with-url,content/buffettfaq_cnbc/2015/Afternoon_Session_-_2015_Meeting.md,文件自身为英文逐字文本候选；来源权威性仍按 URL 和元数据复核。,https://buffett.cnbc.com/,berkshire-meeting-2015-afternoon,1,,131033,87b14b35a1489651c23deadcbf11a65ae683fd7a31baa62c0ccf830bd164c8e4
buffett,buffett-volume,2015,berkshire-annual-meeting-session,Morning Session - 2015 Meeting,content/buffettfaq_cnbc/2015/Morning_Session_-_2015_Meeting.md,en,full-candidate,primary-transcript-original-language-candidate,candidate-source-version,source-reference-not-reading-copy,local-original-language-text-with-url,content/buffettfaq_cnbc/2015/Morning_Session_-_2015_Meeting.md,文件自身为英文逐字文本候选；来源权威性仍按 URL 和元数据复核。,https://buffett.cnbc.com/,berkshire-meeting-2015-morning,1,,129995,e651f82b3e72751a51e5feb78cfec8c1b12b80e4485d979f9bab78f6295825b9
buffett,buffett-volume,2016,berkshire-annual-meeting-session,Afternoon Session - 2016 Meeting,content/buffettfaq_cnbc/2016/Afternoon_Session_-_2016_Meeting.md,en,full-candidate,primary-transcript-original-language-candidate,candidate-source-version,source-reference-not-reading-copy,local-original-language-text-with-url,content/buffettfaq_cnbc/2016/Afternoon_Session_-_2016_Meeting.md,文件自身为英文逐字文本候选；来源权威性仍按 URL 和元数据复核。,https://buffett.cnbc.com/,berkshire-meeting-2016-afternoon,1,,147891,c007e75c7c75dcb3355dbe24f7e8928b2629781815209829cb768b3cb14fb7a7
buffett,buffett-volume,2016,berkshire-annual-meeting-session,Morning Session - 2016 Meeting,content/buffettfaq_cnbc/2016/Morning_Session_-_2016_Meeting.md,en,selection-or-excerpt,primary-transcript-original-language-candidate,candidate-source-version,source-reference-not-reading-copy,local-original-language-fragment,content/buffettfaq_cnbc/2016/Morning_Session_-_2016_Meeting.md,本地英文文件不完整。,https://buffett.cnbc.com/,berkshire-meeting-2016-morning,1,selection-not-full-document|local-source-fragment-not-full-base,115670,a5eccd194cb3806af409ac1fe48f1b2acd191c147eee867facae1fa838e8ab59
buffett,buffett-volume,2017,berkshire-annual-meeting-session,Afternoon Session - 2017 Meeting,content/buffettfaq_cnbc/2017/Afternoon_Session_-_2017_Meeting.md,en,full-candidate,primary-transcript-original-language-candidate,candidate-source-version,source-reference-not-reading-copy,local-original-language-text-with-url,content/buffettfaq_cnbc/2017/Afternoon_Session_-_2017_Meeting.md,文件自身为英文逐字文本候选；来源权威性仍按 URL 和元数据复核。,https://buffett.cnbc.com/,berkshire-meeting-2017-afternoon,1,,145358,fcc7640da6df5d2dadd4ef42db06ada3c17ea568262d7df2c5af3e0987b8f467
buffett,buffett-volume,2017,berkshire-annual-meeting-session,Morning Session - 2017 Meeting,content/buffettfaq_cnbc/2017/Morning_Session_-_2017_Meeting.md,en,full-candidate,primary-transcript-original-language-candidate,candidate-source-version,source-reference-not-reading-copy,local-original-language-text-with-url,content/buffettfaq_cnbc/2017/Morning_Session_-_2017_Meeting.md,文件自身为英文逐字文本候选；来源权威性仍按 URL 和元数据复核。,https://buffett.cnbc.com/,berkshire-meeting-2017-morning,1,,153163,71dd783f94faa07ace2b232eafc4ddf5223ab40f88c9d22c599f40d496dcd5ab
buffett,buffett-volume,2018,berkshire-annual-meeting-session,Afternoon Session - 2018 Meeting,content/buffettfaq_cnbc/2018/Afternoon_Session_-_2018_Meeting.md,en,full-candidate,primary-transcript-original-language-candidate,candidate-source-version,source-reference-not-reading-copy,local-original-language-text-with-url,content/buffettfaq_cnbc/2018/Afternoon_Session_-_2018_Meeting.md,文件自身为英文逐字文本候选；来源权威性仍按 URL 和元数据复核。,https://buffett.cnbc.com/,berkshire-meeting-2018-afternoon,1,,134558,9372a596afd3aebf30c74586c597f7b68b28403824650810326648bf5d640e2d
buffett,buffett-volume,2018,berkshire-annual-meeting-session,Morning Session - 2018 Meeting,content/buffettfaq_cnbc/2018/Morning_Session_-_2018_Meeting.md,en,full-candidate,primary-transcript-original-language-candidate,candidate-source-version,source-reference-not-reading-copy,local-original-language-text-with-url,content/buffettfaq_cnbc/2018/Morning_Session_-_2018_Meeting.md,文件自身为英文逐字文本候选；来源权威性仍按 URL 和元数据复核。,https://buffett.cnbc.com/,berkshire-meeting-2018-morning,1,,124405,00a222513a1207543ca464d1b718b0af8c220fa26e9c4ce004a6aaf5b250933c
buffett,buffett-volume,2019,berkshire-annual-meeting-session,Afternoon Session - 2019 Meeting,content/buffettfaq_cnbc/2019/Afternoon_Session_-_2019_Meeting.md,en,full-candidate,primary-transcript-original-language-candidate,candidate-source-version,source-reference-not-reading-copy,local-original-language-text-with-url,content/buffettfaq_cnbc/2019/Afternoon_Session_-_2019_Meeting.md,文件自身为英文逐字文本候选；来源权威性仍按 URL 和元数据复核。,https://buffett.cnbc.com/,berkshire-meeting-2019-afternoon,1,,129053,c882e172ae024cff00fe51a5f010fff39008a11dcc534e0b58ab113eb4185c4b
buffett,buffett-volume,2019,berkshire-annual-meeting-session,Morning Session - 2019 Meeting,content/buffettfaq_cnbc/2019/Morning_Session_-_2019_Meeting.md,en,full-candidate,primary-transcript-original-language-candidate,candidate-source-version,source-reference-not-reading-copy,local-original-language-text-with-url,content/buffettfaq_cnbc/2019/Morning_Session_-_2019_Meeting.md,文件自身为英文逐字文本候选；来源权威性仍按 URL 和元数据复核。,https://buffett.cnbc.com/,berkshire-meeting-2019-morning,1,,123706,69ed86b34eda2ef66f4b9d19e245aa927b06b9d50c9175cb0307b342d59942cf
buffett,buffett-volume,2020,video-clip-or-transcript,2020 Berkshire Hathaway Annual Meeting - Part 2 - Q&A,content/buffettfaq_cnbc/2020/2020_Berkshire_Hathaway_Annual_Meeting_-_Part_2_-_QA.md,en,unknown,primary-transcript-fragment-candidate,candidate-source-version,source-reference-not-reading-copy,local-original-language-text-no-url,content/buffettfaq_cnbc/2020/2020_Berkshire_Hathaway_Annual_Meeting_-_Part_2_-_QA.md,文件自身为英文逐字文本候选；来源权威性仍按 URL 和元数据复核。,,,0,completeness-unproven|source-url-missing,122769,1d0fcee30965776301130ae0dbc464ba7bdb19046683c5b881303a86c19f9ab0
buffett,buffett-volume,2022,berkshire-annual-meeting-session,Afternoon Session - 2022 Meeting,content/buffettfaq_cnbc/2022/Afternoon_Session_-_2022_Meeting.md,en,full-candidate,primary-transcript-original-language-candidate,candidate-source-version,source-reference-not-reading-copy,local-original-language-text-with-url,content/buffettfaq_cnbc/2022/Afternoon_Session_-_2022_Meeting.md,文件自身为英文逐字文本候选；来源权威性仍按 URL 和元数据复核。,https://buffett.cnbc.com/,berkshire-meeting-2022-afternoon,1,,181883,ee4ac2504d68cea4832f0885846878d048e4ca960a1be7369d64367b9b93be48
buffett,buffett-volume,2022,berkshire-annual-meeting-session,Morning Session - 2022 Meeting,content/buffettfaq_cnbc/2022/Morning_Session_-_2022_Meeting.md,en,full-candidate,primary-transcript-original-language-candidate,candidate-source-version,source-reference-not-reading-copy,local-original-language-text-with-url,content/buffettfaq_cnbc/2022/Morning_Session_-_2022_Meeting.md,文件自身为英文逐字文本候选；来源权威性仍按 URL 和元数据复核。,https://buffett.cnbc.com/,berkshire-meeting-2022-morning,1,,139762,af62208edd161b1b9765e82c9d35866f83d8245419bbe623eb857cdd4706ce0e
buffett,buffett-volume,2023,berkshire-annual-meeting-session,Afternoon Session - 2023 Meeting,content/buffettfaq_cnbc/2023/Afternoon_Session_-_2023_Meeting.md,en,full-candidate,primary-transcript-original-language-candidate,candidate-source-version,source-reference-not-reading-copy,local-original-language-text-with-url,content/buffettfaq_cnbc/2023/Afternoon_Session_-_2023_Meeting.md,文件自身为英文逐字文本候选；来源权威性仍按 URL 和元数据复核。,https://buffett.cnbc.com/,berkshire-meeting-2023-afternoon,1,,136809,180dc1e5f61c60cf36fdf0db024b39fa663da8b9a4a99d6ae83858734d598875
buffett,buffett-volume,2023,berkshire-annual-meeting-session,Morning Session - 2023 Meeting,content/buffettfaq_cnbc/2023/Morning_Session_-_2023_Meeting.md,en,full-candidate,primary-transcript-original-language-candidate,candidate-source-version,source-reference-not-reading-copy,local-original-language-text-with-url,content/buffettfaq_cnbc/2023/Morning_Session_-_2023_Meeting.md,文件自身为英文逐字文本候选；来源权威性仍按 URL 和元数据复核。,https://buffett.cnbc.com/,berkshire-meeting-2023-morning,1,,140257,26778245ba4e8b5a4bcdc1457f17453d5cb8baab650b97e9557abf8739037f56
buffett,buffett-volume,2024,berkshire-annual-meeting-session,Afternoon Session - 2024 Meeting,content/buffettfaq_cnbc/2024/Afternoon_Session_-_2024_Meeting.md,en,full-candidate,primary-transcript-original-language-candidate,candidate-source-version,source-reference-not-reading-copy,local-original-language-text-with-url,content/buffettfaq_cnbc/2024/Afternoon_Session_-_2024_Meeting.md,文件自身为英文逐字文本候选；来源权威性仍按 URL 和元数据复核。,https://buffett.cnbc.com/,berkshire-meeting-2024-afternoon,1,,106933,c286a70e7b6fed5de20aa72fb1ac974e1efa76c263d7539959c8e1b67a2cc39f
buffett,buffett-volume,2024,berkshire-annual-meeting-session,Morning Session - 2024 Meeting,content/buffettfaq_cnbc/2024/Morning_Session_-_2024_Meeting.md,en,full-candidate,primary-transcript-original-language-candidate,candidate-source-version,source-reference-not-reading-copy,local-original-language-text-with-url,content/buffettfaq_cnbc/2024/Morning_Session_-_2024_Meeting.md,文件自身为英文逐字文本候选；来源权威性仍按 URL 和元数据复核。,https://buffett.cnbc.com/,berkshire-meeting-2024-morning,1,,148437,f8c265074f8630b40b8d3e8ef5ca26d2ab9714fc95e7fed723fad5bf23bab259
buffett,buffett-volume,2025,berkshire-annual-meeting-session,Afternoon Session - 2025 Meeting,content/buffettfaq_cnbc/2025/Afternoon_Session_-_2025_Meeting.md,en,unknown,primary-transcript-original-language-candidate,candidate-source-version,source-reference-not-reading-copy,local-original-language-text-with-url,content/buffettfaq_cnbc/2025/Afternoon_Session_-_2025_Meeting.md,文件自身为英文逐字文本候选；来源权威性仍按 URL 和元数据复核。,https://buffett.cnbc.com/,berkshire-meeting-2025-afternoon,1,completeness-unproven,2098,45f7c2739809682326d29d33b883ecc19fa6580d1000976e4b960342a6cf3bda
buffett,buffett-volume,2025,berkshire-annual-meeting-session,Morning Session - 2025 Meeting,content/buffettfaq_cnbc/2025/Morning_Session_-_2025_Meeting.md,en,selection-or-excerpt,primary-transcript-original-language-candidate,candidate-source-version,source-reference-not-reading-copy,local-original-language-fragment,content/buffettfaq_cnbc/2025/Morning_Session_-_2025_Meeting.md,本地英文文件不完整。,https://buffett.cnbc.com/,berkshire-meeting-2025-morning,1,selection-not-full-document|local-source-fragment-not-full-base,2407,b82583b3fbdb03a662764a48a240bd585e65a1a1c5446186339ef13768122efc
buffett,buffett-volume,2010,subject-reference,巴菲特给MBA的讲话,content/duanyongping/blog/2010/2010-04-13_1063_巴菲特给MBA的讲话.md,zh,unknown,embedded-primary-text-candidate,review-embedded-primary-text,hold-until-manual-verification,no-local-original-language-base,,本地未找到可直接对应的原文或官方底本。,http://nteswjq.blog.163.com/blog/static/126998120103131450837/,,0,completeness-unproven|local-original-language-base-missing|manual-authorship-or-source-review-required,38542,fd47135fa59f593a35a35e1f9c4d8d25991bcbf03162a7d70c108693119d5b63
none,authorship-review,2010,other,英国公开赛开打了！,content/duanyongping/blog/2010/2010-07-15_1023_英国公开赛开打了.md,zh,unknown,embedded-primary-text-candidate,review-embedded-primary-text,hold-until-manual-verification,no-local-original-language-base,,本地未找到可直接对应的原文或官方底本。,http://nteswjq.blog.163.com/blog/static/126998120106150644275/,,0,completeness-unproven|local-original-language-base-missing|manual-authorship-or-source-review-required,62759,e4d15a39e7aa6d3552c5d138a4db78a945712489a5f0be4bea9e6d04d7de6a3a
buffett,buffett-volume,2011,subject-reference,引用 巴菲特给MBA的讲话：佛罗里达大学一次演讲,content/duanyongping/blog/2011/2011-10-29_854_引用-巴菲特给MBA的讲话-佛罗里达大学一次演讲.md,zh,unknown,embedded-primary-text-candidate,review-embedded-primary-text,hold-until-manual-verification,no-local-original-language-base,,本地未找到可直接对应的原文或官方底本。,http://nteswjq.blog.163.com/blog/static/126998120119291925633/,,0,completeness-unproven|local-original-language-base-missing|manual-authorship-or-source-review-required,27769,eae66802506d4b77c526bcbb8a2429a3b0e24970becfe905ccfab19b6a0677de
none,authorship-review,2012,other,Omaha Again,content/duanyongping/blog/2012/2012-05-05_800_Omaha-Again.md,zh,selection-or-excerpt,embedded-primary-text-candidate,review-embedded-primary-text,hold-until-manual-verification,no-local-original-language-base,,本地未找到可直接对应的原文或官方底本。,http://nteswjq.blog.163.com/blog/static/1269981201245243667/,,0,selection-not-full-document|local-original-language-base-missing|manual-authorship-or-source-review-required,1956,919569717ee149741a887326064122f68b38b2f8261e104521061041b641ecd0
buffett,buffett-volume,2012,subject-reference,【转载】巴菲特给MBA的讲话：佛罗里达大学一次演讲,content/duanyongping/blog/2012/2012-12-10_707_转载-巴菲特给MBA的讲话-佛罗里达大学一次演讲.md,zh,unknown,embedded-primary-text-candidate,review-embedded-primary-text,hold-until-manual-verification,no-local-original-language-base,,本地未找到可直接对应的原文或官方底本。,http://nteswjq.blog.163.com/blog/static/12699812012111011137214/,,0,completeness-unproven|local-original-language-base-missing|manual-authorship-or-source-review-required,27610,1b9cfa89eb609e74ff5abcaec9e14b3cd927860b224f0b60bfc43a9c0b388c98
buffett,buffett-volume,2013,other,2013年12月14日,content/duanyongping/blog/2013/2013-12-14_633_2013年12月14日.md,mixed,unknown,embedded-primary-text-candidate,review-embedded-primary-text,hold-until-manual-verification,no-local-original-language-base,,本地未找到可直接对应的原文或官方底本。,http://nteswjq.blog.163.com/blog/static/12699812013111432730912/,,0,completeness-unproven|local-original-language-base-missing|manual-authorship-or-source-review-required,25169,c849c6351fb40d0d661556d3bea0712c83bba0a72dee20e86acc283c88a29e51
buffett,buffett-volume,2013,other,2013年12月15日,content/duanyongping/blog/2013/2013-12-15_632_2013年12月15日.md,zh,unknown,embedded-primary-text-candidate,review-embedded-primary-text,hold-until-manual-verification,no-local-original-language-base,,本地未找到可直接对应的原文或官方底本。,http://nteswjq.blog.163.com/blog/static/12699812013111521439473/,,0,completeness-unproven|local-original-language-base-missing|manual-authorship-or-source-review-required,29602,57e91c6c94aeb9f2a80251541a2c0cd7b380354d4378d9c1ef181d8596ef3205
both,joint-document-placement-pending,2017,subject-reference,【转载】巴菲特股东大会57问实录：为何会买科技股，中国股市该咋玩,content/duanyongping/blog/2017/2017-05-10_529_转载-巴菲特股东大会57问实录-为何会买科技股-中国股市该咋玩.md,zh,full-candidate,embedded-primary-text-candidate,review-embedded-primary-text,hold-until-manual-verification,no-local-original-language-base,,本地未找到可直接对应的原文或官方底本。,http://nteswjq.blog.163.com/blog/static/1269981201741083439709/,,0,local-original-language-base-missing|manual-authorship-or-source-review-required|joint-document-volume-placement-pending,51985,5283cc2467837174332e46b906b06e2ebb3c72ea24459b1e6647dadf034e8c72
buffett,buffett-volume,2008,interview,巴菲特：21 世纪经济领导者采访 2008,content/interviews/巴菲特：21_世纪经济领导者采访_2008.md,zh,unknown,primary-interview-translation-candidate,candidate-primary-review,hold-until-manual-verification,no-local-original-language-base,,本地未找到可直接对应的原文或官方底本。,,buffett-interview-2008-2169a0f5,1,completeness-unproven|source-url-missing|local-original-language-base-missing|manual-authorship-or-source-review-required,12833,f367678b70b2afa5f073b9890bd19e966f2181af529472b00f3e1e88a766103a
buffett,buffett-volume,2011,interview,巴菲特：查理·罗斯专访 2011,content/interviews/巴菲特：查理·罗斯专访_2011.md,zh,selection-or-excerpt,primary-interview-translation-candidate,candidate-include-selection,selection-only-not-full-document,no-local-original-language-base,,本地未找到可直接对应的原文或官方底本。,,buffett-interview-2011-61c2faa5,1,selection-not-full-document|source-url-missing|local-original-language-base-missing,22464,6264f875cd740743c1325b7d7daf16d68bfb4ca67bc168a6a9b973540a4bd2d6
buffett,buffett-volume,2007,interview,巴菲特：查理罗斯专访 2007,content/interviews/巴菲特：查理罗斯专访_2007.md,zh,selection-or-excerpt,primary-interview-translation-candidate,candidate-include-selection,selection-only-not-full-document,no-local-original-language-base,,本地未找到可直接对应的原文或官方底本。,,buffett-interview-2007-da757745,1,selection-not-full-document|source-url-missing|local-original-language-base-missing,47042,765cfa0433f9a57ef5c6539a6ba7735aca7a4376399f1bc5ed447da54f495c44
buffett,buffett-volume,2015,interview,巴菲特：慈善承诺倡议 2015,content/interviews/巴菲特：慈善承诺倡议_2015.md,zh,unknown,primary-interview-translation-candidate,candidate-primary-review,hold-until-manual-verification,no-local-original-language-base,,本地未找到可直接对应的原文或官方底本。,,buffett-interview-2015-2ddf8e13,1,completeness-unproven|source-url-missing|local-original-language-base-missing|manual-authorship-or-source-review-required,30727,fdc44dc8cdbc3307b3199dcf590b0271836056effe801c4f274ec278fa0d6e14
buffett,buffett-volume,2008,interview,巴菲特：对话 IVEY 商学院学生 2008,content/interviews/巴菲特：对话_IVEY_商学院学生_2008.md,zh,unknown,primary-interview-translation-candidate,candidate-primary-review,hold-until-manual-verification,no-local-original-language-base,,本地未找到可直接对应的原文或官方底本。,,buffett-interview-2008-79edf5fa,1,completeness-unproven|source-url-missing|local-original-language-base-missing|manual-authorship-or-source-review-required,4214,3a1048d64d7485b9417eef5615594360b5b1851109edacf4d05bf0e330dbe9a5
buffett,buffett-volume,2010,interview,巴菲特：对话 IVEY 商学院学生 2010,content/interviews/巴菲特：对话_IVEY_商学院学生_2010.md,zh,unknown,primary-interview-translation-candidate,candidate-primary-review,hold-until-manual-verification,no-local-original-language-base,,本地未找到可直接对应的原文或官方底本。,,buffett-interview-2010-743de40e,1,completeness-unproven|source-url-missing|local-original-language-base-missing|manual-authorship-or-source-review-required,5487,2d33dd0b0627d1a8e6c89a21b4f82015f71c9e6c32225717a76243815b605c41
buffett,buffett-volume,2012,interview,巴菲特：对话 IVEY 商学院学生 2012,content/interviews/巴菲特：对话_IVEY_商学院学生_2012.md,zh,unknown,primary-interview-translation-candidate,candidate-primary-review,hold-until-manual-verification,no-local-original-language-base,,本地未找到可直接对应的原文或官方底本。,,buffett-interview-2012-2aa58cd5,1,completeness-unproven|source-url-missing|local-original-language-base-missing|manual-authorship-or-source-review-required,8682,bce964c2391571572b4e54ff5da379ce15c11c15d753d1e1e23ae1bb4f6eefaa
buffett,buffett-volume,2014,interview,巴菲特：对话 IVEY 商学院学生 2014,content/interviews/巴菲特：对话_IVEY_商学院学生_2014.md,zh,unknown,primary-interview-translation-candidate,candidate-primary-review,hold-until-manual-verification,no-local-original-language-base,,本地未找到可直接对应的原文或官方底本。,,buffett-interview-2014-861f4d01,1,completeness-unproven|source-url-missing|local-original-language-base-missing|manual-authorship-or-source-review-required,9678,b947d0c43546803388a92a61be7cf843c2ff9bb3b9cc486d85ba0322f6d1fdd8
buffett,buffett-volume,2015,interview,巴菲特：对话 IVEY 商学院学生 2015,content/interviews/巴菲特：对话_IVEY_商学院学生_2015.md,zh,unknown,primary-interview-translation-candidate,candidate-primary-review,hold-until-manual-verification,no-local-original-language-base,,本地未找到可直接对应的原文或官方底本。,,buffett-interview-2015-37582f41,1,completeness-unproven|source-url-missing|local-original-language-base-missing|manual-authorship-or-source-review-required,7632,28158b458d1a0a4c13bfcebcaf68b9e3ffb43782e4b4ec9e5aee2c754eec756f
buffett,buffett-volume,2004,interview,巴菲特：对话奥奎尔俱乐部 2004,content/interviews/巴菲特：对话奥奎尔俱乐部_2004.md,zh,unknown,primary-interview-translation-candidate,candidate-primary-review,hold-until-manual-verification,no-local-original-language-base,,本地未找到可直接对应的原文或官方底本。,,buffett-interview-2004-4b646b22,1,completeness-unproven|source-url-missing|local-original-language-base-missing|manual-authorship-or-source-review-required,19673,93f43cbfd308cae7604b3785a0786a32bf2e8f7c7c239ecd823189aaba50e334
buffett,buffett-volume,2011,interview,巴菲特：对话八所商学院学生 2011,content/interviews/巴菲特：对话八所商学院学生_2011.md,zh,unknown,primary-interview-translation-candidate,candidate-primary-review,hold-until-manual-verification,no-local-original-language-base,,本地未找到可直接对应的原文或官方底本。,,buffett-interview-2011-0f362643,1,completeness-unproven|source-url-missing|local-original-language-base-missing|manual-authorship-or-source-review-required,24474,89c79c09fc716ea4d205459d81e4f2caede2d6e9316d2ad4dda1d380cd0a12a7
buffett,buffett-volume,2013,interview,巴菲特：对话八所商学院学生 2013,content/interviews/巴菲特：对话八所商学院学生_2013.md,zh,unknown,primary-interview-translation-candidate,candidate-primary-review,hold-until-manual-verification,no-local-original-language-base,,本地未找到可直接对应的原文或官方底本。,,buffett-interview-2013-ab0c9b84,1,completeness-unproven|source-url-missing|local-original-language-base-missing|manual-authorship-or-source-review-required,8211,71cbc9234d0e0b569658ea714c113bebc926d57eb08c70ea43b6183869bc8e8a
buffett,buffett-volume,2016,interview,巴菲特：对话八所商学院学生 2016,content/interviews/巴菲特：对话八所商学院学生_2016.md,zh,unknown,primary-interview-translation-candidate,candidate-primary-review,hold-until-manual-verification,no-local-original-language-base,,本地未找到可直接对应的原文或官方底本。,,buffett-interview-2016-91587f30,1,completeness-unproven|source-url-missing|local-original-language-base-missing|manual-authorship-or-source-review-required,4862,10649f209edefd9e11dc76ff3a15766a8d181ea366903e2c1c54195fe083669f
buffett,buffett-volume,2005,interview,巴菲特：对话范德比尔特大学学生 2005,content/interviews/巴菲特：对话范德比尔特大学学生_2005.md,zh,unknown,primary-interview-translation-candidate,candidate-primary-review,hold-until-manual-verification,no-local-original-language-base,,本地未找到可直接对应的原文或官方底本。,,buffett-interview-2005-6ba404b6,1,completeness-unproven|source-url-missing|local-original-language-base-missing|manual-authorship-or-source-review-required,6520,24e13a4db1bd25e8b25f3f7bf65098ebd192b87eddaad4ef007834e8e053746b
buffett,buffett-volume,2009,interview,巴菲特：对话哥大商学院学生,content/interviews/巴菲特：对话哥大商学院学生_2009.md,zh,unknown,primary-interview-translation-candidate,candidate-primary-review,hold-until-manual-verification,no-local-original-language-base,,本地未找到可直接对应的原文或官方底本。,,buffett-interview-2009-471d4cb8,1,completeness-unproven|source-url-missing|local-original-language-base-missing|manual-authorship-or-source-review-required,18778,01fa28c1a5de296d5066532e3858898db909d74730290abb55c4b2f22815643e
buffett,buffett-volume,2005,interview,巴菲特：对话堪萨斯大学学生 2005,content/interviews/巴菲特：对话堪萨斯大学学生_2005.md,zh,unknown,primary-interview-translation-candidate,candidate-primary-review,hold-until-manual-verification,no-local-original-language-base,,本地未找到可直接对应的原文或官方底本。,,buffett-interview-2005-96d06047,1,completeness-unproven|source-url-missing|local-original-language-base-missing|manual-authorship-or-source-review-required,5709,2dad598d7184dc7808b54f2ddfa1cd1543bd27076767345ee1f2f089ebc78e71
buffett,buffett-volume,2009,interview,巴菲特：对话六所商学院学生 2009,content/interviews/巴菲特：对话六所商学院学生_2009.md,zh,unknown,primary-interview-translation-candidate,candidate-primary-review,hold-until-manual-verification,no-local-original-language-base,,本地未找到可直接对应的原文或官方底本。,,buffett-interview-2009-308a4762,1,completeness-unproven|source-url-missing|local-original-language-base-missing|manual-authorship-or-source-review-required,7986,41f25c59a50e2c49303f438e5b8a6d2a5ecd349f07960eb6b1c41846e4077391
buffett,buffett-volume,2005,interview,巴菲特：对话内布拉斯加大学学生 2005,content/interviews/巴菲特：对话内布拉斯加大学学生_2005.md,zh,unknown,primary-interview-translation-candidate,candidate-primary-review,hold-until-manual-verification,no-local-original-language-base,,本地未找到可直接对应的原文或官方底本。,,buffett-interview-2005-7c764518,1,completeness-unproven|source-url-missing|local-original-language-base-missing|manual-authorship-or-source-review-required,10990,6f569e5cec62a7e954bec1d89ce2b0bbf21819db2bb3106be34cd9bd8c0b828d
buffett,buffett-volume,2001,interview,巴菲特：对话内大商学院 2001,content/interviews/巴菲特：对话内大商学院_2001.md,zh,unknown,primary-interview-translation-candidate,candidate-primary-review,hold-until-manual-verification,no-local-original-language-base,,本地未找到可直接对应的原文或官方底本。,,buffett-interview-2001-82705af2,1,completeness-unproven|source-url-missing|local-original-language-base-missing|manual-authorship-or-source-review-required,4144,6092f08c4fd8d38eabae126bfd11f26cfe31a4fff13683bd1ca3b20e7d5b9bab
buffett,buffett-volume,2008,interview,巴菲特：对话瑞士洛桑国际管理学院,content/interviews/巴菲特：对话瑞士洛桑国际管理学院_2008.md,zh,unknown,primary-interview-translation-candidate,candidate-primary-review,hold-until-manual-verification,no-local-original-language-base,,本地未找到可直接对应的原文或官方底本。,,buffett-interview-2008-8a3507bc,1,completeness-unproven|source-url-missing|local-original-language-base-missing|manual-authorship-or-source-review-required,13039,0bf646682a287062b5705aaed3e0c823b626f545e9d332337b3f36fc5c16e825
buffett,buffett-volume,2008,interview,巴菲特：对话商学院学生 2008,content/interviews/巴菲特：对话商学院学生_2008.md,zh,unknown,primary-interview-translation-candidate,candidate-primary-review,hold-until-manual-verification,no-local-original-language-base,,本地未找到可直接对应的原文或官方底本。,,buffett-interview-2008-4bce41ea,1,completeness-unproven|source-url-missing|local-original-language-base-missing|manual-authorship-or-source-review-required,7462,62219ba6df9187c6392f24dbed98d10c62679f3e5a9096dc367b97c620a4008f
buffett,buffett-volume,2003,interview,巴菲特：对话田纳西大学学生 2003,content/interviews/巴菲特：对话田纳西大学学生_2003.md,zh,unknown,primary-interview-translation-candidate,candidate-primary-review,hold-until-manual-verification,no-local-original-language-base,,本地未找到可直接对应的原文或官方底本。,,buffett-interview-2003-04e8d155,1,completeness-unproven|source-url-missing|local-original-language-base-missing|manual-authorship-or-source-review-required,6996,01cc523ef7e3ece8563a0102561a82854c0cf3b381ba891eb5611a437e95e01f
buffett,buffett-volume,2003,interview,巴菲特：对话沃顿商学院学生 2003,content/interviews/巴菲特：对话沃顿商学院学生_2003.md,zh,unknown,primary-interview-translation-candidate,candidate-primary-review,hold-until-manual-verification,no-local-original-language-base,,本地未找到可直接对应的原文或官方底本。,,buffett-interview-2003-6d5748b7,1,completeness-unproven|source-url-missing|local-original-language-base-missing|manual-authorship-or-source-review-required,7366,b2d735ca7cf84b9307dae778b3e69ed2250cf5590eaf62dbea66ca019250e3f5
buffett,buffett-volume,2004,interview,巴菲特：对话沃顿商学院学生 2004,content/interviews/巴菲特：对话沃顿商学院学生_2004.md,zh,unknown,primary-interview-translation-candidate,candidate-primary-review,hold-until-manual-verification,no-local-original-language-base,,本地未找到可直接对应的原文或官方底本。,,buffett-interview-2004-ca6d5d62,1,completeness-unproven|source-url-missing|local-original-language-base-missing|manual-authorship-or-source-review-required,10453,7dcdd58ec52eded18713871e9a02f29e48664111bfa26923717d7928e04ef117
buffett,buffett-volume,2007,interview,巴菲特：对话佐治亚大学学生 2007,content/interviews/巴菲特：对话佐治亚大学学生_2007.md,zh,unknown,primary-interview-translation-candidate,candidate-primary-review,hold-until-manual-verification,no-local-original-language-base,,本地未找到可直接对应的原文或官方底本。,,buffett-interview-2007-d86544f1,1,completeness-unproven|source-url-missing|local-original-language-base-missing|manual-authorship-or-source-review-required,17111,2d5cc54110805cc1f05eccafa2fb62cd1766ecb9564295b0e734652aa0f29bb6
buffett,buffett-volume,2013,interview,巴菲特：家族三代谈慈善 2013,content/interviews/巴菲特：家族三代谈慈善_2013.md,zh,selection-or-excerpt,primary-interview-translation-candidate,candidate-include-selection,selection-only-not-full-document,no-local-original-language-base,,本地未找到可直接对应的原文或官方底本。,,buffett-interview-2013-bc5d20df,1,selection-not-full-document|source-url-missing|local-original-language-base-missing,15455,8e0ecd97917ab1cc9145660bdfcac764d164a09a09fdab088ff4c6d034e9ccd4
buffett,buffett-volume,2008,interview,巴菲特：解析经济危机 2008,content/interviews/巴菲特：解析经济危机_2008.md,zh,unknown,primary-interview-translation-candidate,candidate-primary-review,hold-until-manual-verification,no-local-original-language-base,,本地未找到可直接对应的原文或官方底本。,,buffett-interview-2008-c02d19ce,1,completeness-unproven|source-url-missing|local-original-language-base-missing|manual-authorship-or-source-review-required,16163,e2f4f5f149d5143d9e34fa9091f44036520164235c7cfff8a7be7e02abb5898b
buffett,buffett-volume,2010,interview,巴菲特：金融危机调查委员会专访,content/interviews/巴菲特：金融危机调查委员会专访_2010.md,zh,unknown,primary-interview-translation-candidate,candidate-primary-review,hold-until-manual-verification,no-local-original-language-base,,本地未找到可直接对应的原文或官方底本。,,buffett-interview-2010-bf0bdbb8,1,completeness-unproven|source-url-missing|local-original-language-base-missing|manual-authorship-or-source-review-required,56008,c20dd522e905708576c0e3430e1485189ec942f69d3337973c7d602321dd8250
buffett,buffett-volume,2009,interview,巴菲特：恐慌是会传染的，我们必须做点什么,content/interviews/巴菲特：恐慌是会传染的，我们必须做点什么_2009.md,zh,unknown,primary-interview-translation-candidate,candidate-primary-review,hold-until-manual-verification,no-local-original-language-base,,本地未找到可直接对应的原文或官方底本。,,buffett-interview-2009-ebbde205,1,completeness-unproven|source-url-missing|local-original-language-base-missing|manual-authorship-or-source-review-required,43553,9a5493d4d9f287953e2640dc76bc0b6627a3c5501fdafdefeed09f15e0b7b64a
buffett,buffett-volume,2013,interview,巴菲特：如何教孩子理财 2013,content/interviews/巴菲特：如何教孩子理财_2013.md,zh,unknown,primary-interview-translation-candidate,candidate-primary-review,hold-until-manual-verification,no-local-original-language-base,,本地未找到可直接对应的原文或官方底本。,,buffett-interview-2013-f4e25105,1,completeness-unproven|source-url-missing|local-original-language-base-missing|manual-authorship-or-source-review-required,1004,22e281010c747b3112dec8ba6a495e92b814ea8a972f9ee09115adbe2471a213
buffett,buffett-volume,2014,interview,巴菲特：谈可口可乐薪酬方案,content/interviews/巴菲特：谈可口可乐薪酬方案_2014.md,zh,unknown,primary-interview-translation-candidate,candidate-primary-review,hold-until-manual-verification,no-local-original-language-base,,本地未找到可直接对应的原文或官方底本。,,buffett-interview-2014-fc4d5a31,1,completeness-unproven|source-url-missing|local-original-language-base-missing|manual-authorship-or-source-review-required,3792,c07c556253b4c4ced1524a9ea63d2e49d5f2c592766c91d905ec75869577cdce
buffett,buffett-volume,2012,interview,巴菲特：跳着踢踏舞去上班 2012,content/interviews/巴菲特：跳着踢踏舞去上班_2012.md,zh,unknown,primary-interview-translation-candidate,candidate-primary-review,hold-until-manual-verification,no-local-original-language-base,,本地未找到可直接对应的原文或官方底本。,,buffett-interview-2012-37d2ca40,1,completeness-unproven|source-url-missing|local-original-language-base-missing|manual-authorship-or-source-review-required,24297,edcb7e427eb040218fd8a24e58e7e1459bb7ea5c8bd4993319be37b79eb843b9
buffett,buffett-volume,2006,interview,巴菲特：我为什么慷慨解囊 2006,content/interviews/巴菲特：我为什么慷慨解囊_2006.md,zh,unknown,primary-interview-translation-candidate,candidate-primary-review,hold-until-manual-verification,no-local-original-language-base,,本地未找到可直接对应的原文或官方底本。,,buffett-interview-2006-fb91678e,1,completeness-unproven|source-url-missing|local-original-language-base-missing|manual-authorship-or-source-review-required,15200,b371789971f95821e24e78c67c4d155cb3da01127a2676ea934b89e2cfeb1cfc
buffett,buffett-volume,2015,interview,巴菲特：追忆唐基奥 2015,content/interviews/巴菲特：追忆唐基奥_2015.md,zh,unknown,primary-interview-translation-candidate,candidate-primary-review,hold-until-manual-verification,no-local-original-language-base,,本地未找到可直接对应的原文或官方底本。,,buffett-interview-2015-41ed87e1,1,completeness-unproven|source-url-missing|local-original-language-base-missing|manual-authorship-or-source-review-required,9624,e84c509ec9f5aaae30109d8457bc333281fe1a6acdf8b6e572cad74d303d46f0
buffett,buffett-volume,2009,interview,巴菲特：CNBC 专访 2009,content/interviews/巴菲特：CNBC_专访_2009.md,zh,unknown,primary-interview-translation-candidate,candidate-primary-review,hold-until-manual-verification,no-local-original-language-base,,本地未找到可直接对应的原文或官方底本。,,buffett-interview-2009-b98d1677,1,completeness-unproven|source-url-missing|local-original-language-base-missing|manual-authorship-or-source-review-required,6178,ee4eb33b4671bfd023cd21acb4bfe4652ed9391e69e254bb2af2d5dd7e12ac25
buffett,buffett-volume,2010,interview,巴菲特：CNBC 专访 2010,content/interviews/巴菲特：CNBC_专访_2010.md,zh,unknown,primary-interview-translation-candidate,candidate-primary-review,hold-until-manual-verification,no-local-original-language-base,,本地未找到可直接对应的原文或官方底本。,,buffett-interview-2010-ae5825ae,1,completeness-unproven|source-url-missing|local-original-language-base-missing|manual-authorship-or-source-review-required,3539,f541b71d4aa1fa01cdb139252e13a54334d1a2341a33bb578d246a758be23736
buffett,buffett-volume,2011,interview,巴菲特：CNBC 专访 2011,content/interviews/巴菲特：CNBC_专访_2011.md,zh,unknown,primary-interview-translation-candidate,candidate-primary-review,hold-until-manual-verification,no-local-original-language-base,,本地未找到可直接对应的原文或官方底本。,,buffett-interview-2011-45b24dd1,1,completeness-unproven|source-url-missing|local-original-language-base-missing|manual-authorship-or-source-review-required,7360,53f3aad083239ef816c51ec88c2ad6b3cb325a8c4bbe9e69aaee23dfc758e69d
buffett,buffett-volume,2014,interview,巴菲特：CNBC 专访 2014,content/interviews/巴菲特：CNBC_专访_2014.md,zh,unknown,primary-interview-translation-candidate,candidate-primary-review,hold-until-manual-verification,no-local-original-language-base,,本地未找到可直接对应的原文或官方底本。,,buffett-interview-2014-19ab421a,1,completeness-unproven|source-url-missing|local-original-language-base-missing|manual-authorship-or-source-review-required,27280,66bf3ecfe1137cc41fbc441b89e58d93c0657845a0825317344fb46e135aecee
buffett,buffett-volume,2006,interview,巴菲特慈善捐赠专访 2006,content/interviews/巴菲特慈善捐赠专访_2006.md,zh,unknown,primary-interview-translation-candidate,candidate-primary-review,hold-until-manual-verification,no-local-original-language-base,,本地未找到可直接对应的原文或官方底本。,,buffett-interview-2006-bcc819c1,1,completeness-unproven|source-url-missing|local-original-language-base-missing|manual-authorship-or-source-review-required,61488,fb70202d9df7aec6340bd601eb70c520ce24ec12aa0c8c70ad3183c95d68a4a8
buffett,buffett-volume,1965,shareholder-letter,1965 年巴菲特致伯克希尔股东信,content/letters/berkshire_1965-巴菲特致股东信.md,zh,full-candidate,corporate-letter-attribution-review,candidate-primary-review,hold-until-manual-verification,no-local-original-language-base,,本地未找到可直接对应的原文或官方底本。,,buffett-shareholder-letter-1965,1,source-url-missing|local-original-language-base-missing|manual-authorship-or-source-review-required,1152,2ea5ac1b083fb313a3948a6f061179f4d42dcf9cea56c983a0ee21f33c70165e
buffett,buffett-volume,1966,shareholder-letter,1966 年巴菲特致伯克希尔股东信,content/letters/berkshire_1966-巴菲特致股东信.md,zh,full-candidate,corporate-letter-attribution-review,candidate-primary-review,hold-until-manual-verification,no-local-original-language-base,,本地未找到可直接对应的原文或官方底本。,,buffett-shareholder-letter-1966,1,source-url-missing|local-original-language-base-missing|manual-authorship-or-source-review-required,3085,4d0e4baa4ce0124ae22987980d2f73b557a67010a53a29fce35d420b223b0819
buffett,buffett-volume,1967,shareholder-letter,1967 年巴菲特致伯克希尔股东信,content/letters/berkshire_1967-巴菲特致股东信.md,zh,full-candidate,corporate-letter-attribution-review,candidate-primary-review,hold-until-manual-verification,no-local-original-language-base,,本地未找到可直接对应的原文或官方底本。,,buffett-shareholder-letter-1967,1,source-url-missing|local-original-language-base-missing|manual-authorship-or-source-review-required,2347,9d267a697a25073731de2e9387949f8e89a2f86ec22ee4f7b6825543efd92f1e
buffett,buffett-volume,1968,shareholder-letter,1968 年巴菲特致伯克希尔股东信,content/letters/berkshire_1968-巴菲特致股东信.md,zh,full-candidate,corporate-letter-attribution-review,candidate-primary-review,hold-until-manual-verification,no-local-original-language-base,,本地未找到可直接对应的原文或官方底本。,,buffett-shareholder-letter-1968,1,source-url-missing|local-original-language-base-missing|manual-authorship-or-source-review-required,1333,23eb23c11e8d4ec743f85d3c1cce1064e037f6deb324dc377e151ea33835012a
buffett,buffett-volume,1969,shareholder-letter,1969 年巴菲特致伯克希尔股东信,content/letters/berkshire_1969-巴菲特致股东信.md,zh,full-candidate,corporate-letter-attribution-review,candidate-primary-review,hold-until-manual-verification,secondary-english-scan-local,content/source-documents/berkshire-early-shareholder-letters/buffett-letters-1969-1976-secondary-scan.pdf,本地有第三方英文扫描/OCR 合集；文件实际覆盖 1969、1971—1976，缺 1970，需逐年与更高等级原件复核。,https://assets.empirefinancialresearch.com/uploads/2021/02/Buffett-Letters-1969-76.pdf,buffett-shareholder-letter-1969,1,secondary-scan-needs-higher-grade-source-review|manual-authorship-or-source-review-required,1641,0a3626d99420bc9ce57a4fc05c5a3136659c8babc3d5387c7dec2c44055cab3c
buffett,buffett-volume,1970,shareholder-letter,1970 年巴菲特致伯克希尔股东信,content/letters/berkshire_1970-巴菲特致股东信.md,zh,full-candidate,primary-authored-translation-candidate,candidate-include-full,hold-until-original-source-added,no-local-original-language-base,,本地未找到可直接对应的原文或官方底本。,,buffett-shareholder-letter-1970,1,source-url-missing|local-original-language-base-missing,2004,a043bc0c690c8bb11a3c4a35ec5cc6711846c1c0511497815660753f1aff3300
buffett,buffett-volume,1971,shareholder-letter,1971 年巴菲特致伯克希尔股东信,content/letters/berkshire_1971-巴菲特致股东信.md,zh,full-candidate,primary-authored-translation-candidate,candidate-include-full,hold-until-higher-grade-source-review,secondary-english-scan-local,content/source-documents/berkshire-early-shareholder-letters/buffett-letters-1969-1976-secondary-scan.pdf,本地有第三方英文扫描/OCR 合集；文件实际覆盖 1969、1971—1976，缺 1970，需逐年与更高等级原件复核。,https://assets.empirefinancialresearch.com/uploads/2021/02/Buffett-Letters-1969-76.pdf,buffett-shareholder-letter-1971,1,secondary-scan-needs-higher-grade-source-review,3081,9928b05f05f9ec1fc0de1005fea6cc7aba9cd7dbf274674bb5a5524adafccde8
buffett,buffett-volume,1972,shareholder-letter,1972 年巴菲特致伯克希尔股东信,content/letters/berkshire_1972-巴菲特致股东信.md,zh,full-candidate,primary-authored-translation-candidate,candidate-include-full,hold-until-higher-grade-source-review,secondary-english-scan-local,content/source-documents/berkshire-early-shareholder-letters/buffett-letters-1969-1976-secondary-scan.pdf,本地有第三方英文扫描/OCR 合集；文件实际覆盖 1969、1971—1976，缺 1970，需逐年与更高等级原件复核。,https://assets.empirefinancialresearch.com/uploads/2021/02/Buffett-Letters-1969-76.pdf,buffett-shareholder-letter-1972,1,secondary-scan-needs-higher-grade-source-review,3642,57a615c1ae3750b86e0de20c892c3972e10587d34ad12332d0d589e6be26e687
buffett,buffett-volume,1973,shareholder-letter,1973 年巴菲特致伯克希尔股东信,content/letters/berkshire_1973-巴菲特致股东信.md,zh,full-candidate,primary-authored-translation-candidate,candidate-include-full,hold-until-higher-grade-source-review,secondary-english-scan-local,content/source-documents/berkshire-early-shareholder-letters/buffett-letters-1969-1976-secondary-scan.pdf,本地有第三方英文扫描/OCR 合集；文件实际覆盖 1969、1971—1976，缺 1970，需逐年与更高等级原件复核。,https://assets.empirefinancialresearch.com/uploads/2021/02/Buffett-Letters-1969-76.pdf,buffett-shareholder-letter-1973,1,secondary-scan-needs-higher-grade-source-review,4382,c58b88db03a22a6b3da1c9e7ba19a724fc39b97fd0690d1218ecd7e05c2a6804
buffett,buffett-volume,1974,shareholder-letter,1974 年巴菲特致伯克希尔股东信,content/letters/berkshire_1974-巴菲特致股东信.md,zh,full-candidate,primary-authored-translation-candidate,candidate-include-full,hold-until-higher-grade-source-review,secondary-english-scan-local,content/source-documents/berkshire-early-shareholder-letters/buffett-letters-1969-1976-secondary-scan.pdf,本地有第三方英文扫描/OCR 合集；文件实际覆盖 1969、1971—1976，缺 1970，需逐年与更高等级原件复核。,https://assets.empirefinancialresearch.com/uploads/2021/02/Buffett-Letters-1969-76.pdf,buffett-shareholder-letter-1974,1,secondary-scan-needs-higher-grade-source-review,4756,6106f5354c9f68c16e5f5dc7e2ffe067ed32a001846bfd59c2a0bc26a85762f1
buffett,buffett-volume,1975,shareholder-letter,1975 年巴菲特致伯克希尔股东信,content/letters/berkshire_1975-巴菲特致股东信.md,zh,full-candidate,primary-authored-translation-candidate,candidate-include-full,hold-until-higher-grade-source-review,secondary-english-scan-local,content/source-documents/berkshire-early-shareholder-letters/buffett-letters-1969-1976-secondary-scan.pdf,本地有第三方英文扫描/OCR 合集；文件实际覆盖 1969、1971—1976，缺 1970，需逐年与更高等级原件复核。,https://assets.empirefinancialresearch.com/uploads/2021/02/Buffett-Letters-1969-76.pdf,buffett-shareholder-letter-1975,1,secondary-scan-needs-higher-grade-source-review,5844,7f7a68fb3c0ff33983e2c63793cab9dd46cb69a608050aef67775b82f79a6dd8
buffett,buffett-volume,1976,shareholder-letter,1976 年巴菲特致伯克希尔股东信,content/letters/berkshire_1976-巴菲特致股东信.md,zh,full-candidate,primary-authored-translation-candidate,candidate-include-full,hold-until-higher-grade-source-review,secondary-english-scan-local,content/source-documents/berkshire-early-shareholder-letters/buffett-letters-1969-1976-secondary-scan.pdf,本地有第三方英文扫描/OCR 合集；文件实际覆盖 1969、1971—1976，缺 1970，需逐年与更高等级原件复核。,https://assets.empirefinancialresearch.com/uploads/2021/02/Buffett-Letters-1969-76.pdf,buffett-shareholder-letter-1976,1,secondary-scan-needs-higher-grade-source-review,5192,52507db23b094f43d948d708df9b2ef8bc135e1ebdc519fb6e4d9c03b1c9634c
buffett,buffett-volume,1977,shareholder-letter,1977 年巴菲特致伯克希尔股东信,content/letters/berkshire_1977-巴菲特致股东信.md,zh,full-candidate,primary-authored-translation-candidate,candidate-include-full,provisional-full-candidate-not-yet-approved,official-original-html-local,content/source-documents/berkshire-shareholder-letters/1977.html,本地有伯克希尔官方股东信原文底本。,https://berkshirehathaway.com/letters/1977.html,buffett-shareholder-letter-1977,1,,7780,89aa1d11a5c90e5dbb6d264d30ea43ee50cec7d93b41e8e900f12958c65f3c3c
buffett,buffett-volume,1978,shareholder-letter,1978 年巴菲特致伯克希尔股东信,content/letters/berkshire_1978-巴菲特致股东信.md,zh,full-candidate,primary-authored-translation-candidate,candidate-include-full,provisional-full-candidate-not-yet-approved,official-original-html-local,content/source-documents/berkshire-shareholder-letters/1978.html,本地有伯克希尔官方股东信原文底本。,https://berkshirehathaway.com/letters/1978.html,buffett-shareholder-letter-1978,1,,10789,f7f8303d9b10fd73b4b58b1ef0c69070937387400936d5b318ad27fc41665b87
buffett,buffett-volume,1979,shareholder-letter,1979 年巴菲特致伯克希尔股东信,content/letters/berkshire_1979-巴菲特致股东信.md,zh,full-candidate,primary-authored-translation-candidate,candidate-include-full,provisional-full-candidate-not-yet-approved,official-original-html-local,content/source-documents/berkshire-shareholder-letters/1979.html,本地有伯克希尔官方股东信原文底本。,https://berkshirehathaway.com/letters/1979.html,buffett-shareholder-letter-1979,1,,14650,3d4e93c881f261446f52a51dfb787ff061e6a73234636e42a080a072d554512a
buffett,buffett-volume,1980,shareholder-letter,1980 年巴菲特致伯克希尔股东信,content/letters/berkshire_1980-巴菲特致股东信.md,zh,full-candidate,primary-authored-translation-candidate,candidate-include-full,provisional-full-candidate-not-yet-approved,official-original-html-local,content/source-documents/berkshire-shareholder-letters/1980.html,本地有伯克希尔官方股东信原文底本。,https://berkshirehathaway.com/letters/1980.html,buffett-shareholder-letter-1980,1,,17290,6be07829e7e52c127d1f5bd77de81d740774679230001f9b609aaf98b346a874
buffett,buffett-volume,1981,shareholder-letter,1981 年巴菲特致伯克希尔股东信,content/letters/berkshire_1981-巴菲特致股东信.md,zh,full-candidate,primary-authored-translation-candidate,candidate-include-full,provisional-full-candidate-not-yet-approved,official-original-html-local,content/source-documents/berkshire-shareholder-letters/1981.html,本地有伯克希尔官方股东信原文底本。,https://berkshirehathaway.com/letters/1981.html,buffett-shareholder-letter-1981,1,,15104,6ddd9c3dec2bfec3071bc4c8fd0fe9b33b4fe7d0febff29f4327c1d816787ccd
buffett,buffett-volume,1982,shareholder-letter,1982 年巴菲特致伯克希尔股东信,content/letters/berkshire_1982-巴菲特致股东信.md,zh,full-candidate,primary-authored-translation-candidate,candidate-include-full,provisional-full-candidate-not-yet-approved,official-original-html-local,content/source-documents/berkshire-shareholder-letters/1982.html,本地有伯克希尔官方股东信原文底本。,https://berkshirehathaway.com/letters/1982.html,buffett-shareholder-letter-1982,1,,17725,15cd44d07a7332a38c6b903299ba9cd0b24cb779a4026f9cc9e3f0cca5923cda
buffett,buffett-volume,1983,shareholder-letter,1983 年巴菲特致伯克希尔股东信,content/letters/berkshire_1983-巴菲特致股东信.md,zh,full-candidate,primary-authored-translation-candidate,candidate-include-full,provisional-full-candidate-not-yet-approved,official-original-html-local,content/source-documents/berkshire-shareholder-letters/1983.html,本地有伯克希尔官方股东信原文底本。,https://berkshirehathaway.com/letters/1983.html,buffett-shareholder-letter-1983,1,,24967,70e3eb6a66d62870742761bd831b41e548b20119564db48290e4284e46fd8dd6
buffett,buffett-volume,1984,shareholder-letter,1984 年巴菲特致伯克希尔股东信,content/letters/berkshire_1984-巴菲特致股东信.md,zh,full-candidate,primary-authored-translation-candidate,candidate-include-full,provisional-full-candidate-not-yet-approved,official-original-html-local,content/source-documents/berkshire-shareholder-letters/1984.html,本地有伯克希尔官方股东信原文底本。,https://berkshirehathaway.com/letters/1984.html,buffett-shareholder-letter-1984,1,,26779,bcfc97cf3d359f8cd7acf93d7a8e7d2f650cfcf4fc993972855ab7e9095f9366
buffett,buffett-volume,1985,shareholder-letter,1985 年巴菲特致伯克希尔股东信,content/letters/berkshire_1985-巴菲特致股东信.md,zh,full-candidate,primary-authored-translation-candidate,candidate-include-full,provisional-full-candidate-not-yet-approved,official-original-html-local,content/source-documents/berkshire-shareholder-letters/1985.html,本地有伯克希尔官方股东信原文底本。,https://berkshirehathaway.com/letters/1985.html,buffett-shareholder-letter-1985,1,,28136,d4745abba5b7ad49cdf968ddab2b5545cee921c29b20b697d08775a9557a7efc
buffett,buffett-volume,1986,shareholder-letter,1986 年巴菲特致伯克希尔股东信,content/letters/berkshire_1986-巴菲特致股东信.md,zh,full-candidate,primary-authored-translation-candidate,candidate-include-full,provisional-full-candidate-not-yet-approved,official-original-html-local,content/source-documents/berkshire-shareholder-letters/1986.html,本地有伯克希尔官方股东信原文底本。,https://berkshirehathaway.com/letters/1986.html,buffett-shareholder-letter-1986,1,,28788,f709bfd622aacf9c7e1b310d82d978561dbada320793e1db36a0bf759f6c1791
buffett,buffett-volume,1987,shareholder-letter,1987 年巴菲特致伯克希尔股东信,content/letters/berkshire_1987-巴菲特致股东信.md,zh,full-candidate,primary-authored-translation-candidate,candidate-include-full,provisional-full-candidate-not-yet-approved,official-original-html-local,content/source-documents/berkshire-shareholder-letters/1987.html,本地有伯克希尔官方股东信原文底本。,https://berkshirehathaway.com/letters/1987.html,buffett-shareholder-letter-1987,1,,26503,08eafb0f98b556e99503057d0b3daad0928be168218e65a0bfc60d26671ce92f
buffett,buffett-volume,1988,shareholder-letter,1988 年巴菲特致伯克希尔股东信,content/letters/berkshire_1988-巴菲特致股东信.md,zh,full-candidate,primary-authored-translation-candidate,candidate-include-full,provisional-full-candidate-not-yet-approved,official-original-html-local,content/source-documents/berkshire-shareholder-letters/1988.html,本地有伯克希尔官方股东信原文底本。,https://berkshirehathaway.com/letters/1988.html,buffett-shareholder-letter-1988,1,,25139,4c01a31eeb148993ba0a41aa53a154b0ea3cb85dd36b1f635ccd6d9e0b5aee1d
buffett,buffett-volume,1989,shareholder-letter,1989 年巴菲特致伯克希尔股东信,content/letters/berkshire_1989-巴菲特致股东信.md,zh,full-candidate,primary-authored-translation-candidate,candidate-include-full,provisional-full-candidate-not-yet-approved,official-original-html-local,content/source-documents/berkshire-shareholder-letters/1989.html,本地有伯克希尔官方股东信原文底本。,https://berkshirehathaway.com/letters/1989.html,buffett-shareholder-letter-1989,1,,30889,1832341510a4f2cb5e6e3a737a20f4b2183f3a6e6ad8d24eb06d5098a10b62bc
buffett,buffett-volume,1990,shareholder-letter,1990 年巴菲特致伯克希尔股东信,content/letters/berkshire_1990-巴菲特致股东信.md,zh,full-candidate,primary-authored-translation-candidate,candidate-include-full,hold-until-source-or-completeness-fixed,official-original-html-local,content/source-documents/berkshire-shareholder-letters/1990.html,本地有伯克希尔官方股东信原文底本。,https://berkshirehathaway.com/letters/1990.html,buffett-shareholder-letter-1990,1,translator-source-language-footnote-not-original-body,33211,501ea5bd10d4db0f11cad7d933beee4e612f02d3911a6bb3de1d8bac8caeca9d
buffett,buffett-volume,1991,shareholder-letter,1991 年巴菲特致伯克希尔股东信,content/letters/berkshire_1991-巴菲特致股东信.md,zh,full-candidate,primary-authored-translation-candidate,candidate-include-full,provisional-full-candidate-not-yet-approved,official-original-html-local,content/source-documents/berkshire-shareholder-letters/1991.html,本地有伯克希尔官方股东信原文底本。,https://berkshirehathaway.com/letters/1991.html,buffett-shareholder-letter-1991,1,,21826,a0932ca318cd37dcb8f1fc55dbed0efa9595c1b38a51e758e52203fb9537b5d3
buffett,buffett-volume,1992,shareholder-letter,1992 年巴菲特致伯克希尔股东信,content/letters/berkshire_1992-巴菲特致股东信.md,zh,full-candidate,primary-authored-translation-candidate,candidate-include-full,provisional-full-candidate-not-yet-approved,official-original-html-local,content/source-documents/berkshire-shareholder-letters/1992.html,本地有伯克希尔官方股东信原文底本。,https://berkshirehathaway.com/letters/1992.html,buffett-shareholder-letter-1992,1,,25009,bb90bed5452d7f121f495b07df0f6a9a76fda7bcb88ab672eeec980e2c333a33
buffett,buffett-volume,1993,shareholder-letter,1993 年巴菲特致伯克希尔股东信,content/letters/berkshire_1993-巴菲特致股东信.md,zh,full-candidate,primary-authored-translation-candidate,candidate-include-full,provisional-full-candidate-not-yet-approved,official-original-html-local,content/source-documents/berkshire-shareholder-letters/1993.html,本地有伯克希尔官方股东信原文底本。,https://berkshirehathaway.com/letters/1993.html,buffett-shareholder-letter-1993,1,,24447,d49be52930f96a3e6dfae655ee3e80cb0516f1f14774fb8ec2884643ba9a170d
buffett,buffett-volume,1994,shareholder-letter,1994 年巴菲特致伯克希尔股东信,content/letters/berkshire_1994-巴菲特致股东信.md,zh,full-candidate,primary-authored-translation-candidate,candidate-include-full,provisional-full-candidate-not-yet-approved,official-original-html-local,content/source-documents/berkshire-shareholder-letters/1994.html,本地有伯克希尔官方股东信原文底本。,https://berkshirehathaway.com/letters/1994.html,buffett-shareholder-letter-1994,1,,22187,d204a9889161af62f46af96fb7a95420e693e8f9e1eb0e65a9b79f1ed88be6e5
buffett,buffett-volume,1995,shareholder-letter,1995 年巴菲特致伯克希尔股东信,content/letters/berkshire_1995-巴菲特致股东信.md,zh,full-candidate,primary-authored-translation-candidate,candidate-include-full,provisional-full-candidate-not-yet-approved,official-original-html-local,content/source-documents/berkshire-shareholder-letters/1995.html,本地有伯克希尔官方股东信原文底本。,https://berkshirehathaway.com/letters/1995.html,buffett-shareholder-letter-1995,1,,26923,c72a8b72668a51544cd3d460e6c909db8af47f0f02402aed50a8a4ad14b505ba
buffett,buffett-volume,1996,shareholder-letter,1996 年巴菲特致伯克希尔股东信,content/letters/berkshire_1996-巴菲特致股东信.md,zh,full-candidate,primary-authored-translation-candidate,candidate-include-full,provisional-full-candidate-not-yet-approved,official-original-html-local,content/source-documents/berkshire-shareholder-letters/1996.html,本地有伯克希尔官方股东信原文底本。,https://berkshirehathaway.com/letters/1996.html,buffett-shareholder-letter-1996,1,,26188,1608b85371446b320cc42a04fd171127e112d8b7a8bf9287ef895520eb864338
buffett,buffett-volume,1997,shareholder-letter,1997 年巴菲特致伯克希尔股东信,content/letters/berkshire_1997-巴菲特致股东信.md,zh,full-candidate,primary-authored-translation-candidate,candidate-include-full,provisional-full-candidate-not-yet-approved,official-original-html-local,content/source-documents/berkshire-shareholder-letters/1997.html,本地有伯克希尔官方股东信原文底本。,https://berkshirehathaway.com/letters/1997.html,buffett-shareholder-letter-1997,1,,26543,5a5b4700b613442a01f53a187a3147eb12d72a7604ef8ade25364b66f786e339
buffett,buffett-volume,1998,shareholder-letter,1998 年巴菲特致伯克希尔股东信,content/letters/berkshire_1998-巴菲特致股东信.md,zh,full-candidate,primary-authored-translation-candidate,candidate-include-full,provisional-full-candidate-not-yet-approved,official-original-pdf-local,content/source-documents/berkshire-shareholder-letters/1998pdf.pdf,本地有伯克希尔官方股东信原文底本。,https://berkshirehathaway.com/letters/1998pdf.pdf,buffett-shareholder-letter-1998,1,,25024,a37c5cc9e627713c92c3537489dcb165fa234409402e6d781827119b65f6e992
buffett,buffett-volume,1999,shareholder-letter,1999 年巴菲特致伯克希尔股东信,content/letters/berkshire_1999-巴菲特致股东信.md,zh,full-candidate,primary-authored-translation-candidate,candidate-include-full,provisional-full-candidate-not-yet-approved,official-original-pdf-local,content/source-documents/berkshire-shareholder-letters/final1999pdf.pdf,本地有伯克希尔官方股东信原文底本。,https://berkshirehathaway.com/letters/final1999pdf.pdf,buffett-shareholder-letter-1999,1,,26546,35583e8952bb72cb8caa95d04ce9ca27015b01a25c14f17d672ee75e263e5a0e
buffett,buffett-volume,2000,shareholder-letter,2000 年巴菲特致伯克希尔股东信,content/letters/berkshire_2000-巴菲特致股东信.md,zh,full-candidate,primary-authored-translation-candidate,candidate-include-full,provisional-full-candidate-not-yet-approved,official-original-pdf-local,content/source-documents/berkshire-shareholder-letters/2000pdf.pdf,本地有伯克希尔官方股东信原文底本。,https://berkshirehathaway.com/letters/2000pdf.pdf,buffett-shareholder-letter-2000,1,leading-layout-note-needs-editorial-separation,29751,91638fdb4d3ee3c66bb286ed4dbb96c8b3ec898198f4a04aa59a522afbda8690
buffett,buffett-volume,2001,shareholder-letter,2001 年巴菲特致伯克希尔股东信,content/letters/berkshire_2001-巴菲特致股东信.md,zh,full-candidate,primary-authored-translation-candidate,candidate-include-full,provisional-full-candidate-not-yet-approved,official-original-pdf-local,content/source-documents/berkshire-shareholder-letters/2001pdf.pdf,本地有伯克希尔官方股东信原文底本。,https://berkshirehathaway.com/letters/2001pdf.pdf,buffett-shareholder-letter-2001,1,leading-layout-note-needs-editorial-separation,28247,de1ae01ff7fbb57931f98d523a4c5f47f1f8bc8368d68d52afe85f054261198d
buffett,buffett-volume,2002,shareholder-letter,2002 年巴菲特致伯克希尔股东信,content/letters/berkshire_2002-巴菲特致股东信.md,zh,full-candidate,primary-authored-translation-candidate,candidate-include-full,provisional-full-candidate-not-yet-approved,official-original-pdf-local,content/source-documents/berkshire-shareholder-letters/2002pdf.pdf,本地有伯克希尔官方股东信原文底本。,https://berkshirehathaway.com/letters/2002pdf.pdf,buffett-shareholder-letter-2002,1,leading-layout-note-needs-editorial-separation,32437,ddc8fc233684714d354f63fbba6cc5e7eac213425dd20f7b1aa98d28a89b1db5
buffett,buffett-volume,2003,shareholder-letter,2003 年巴菲特致伯克希尔股东信,content/letters/berkshire_2003-巴菲特致股东信.md,zh,full-candidate,primary-authored-translation-candidate,candidate-include-full,provisional-full-candidate-not-yet-approved,official-original-pdf-local,content/source-documents/berkshire-shareholder-letters/2003ltr.pdf,本地有伯克希尔官方股东信原文底本。,https://berkshirehathaway.com/letters/2003ltr.pdf,buffett-shareholder-letter-2003,1,leading-layout-note-needs-editorial-separation,32458,7acf0d4cc852020439f7748efc0936a26c649a2bb4a93b55102615384a97736c
buffett,buffett-volume,2004,shareholder-letter,2004 年巴菲特致伯克希尔股东信,content/letters/berkshire_2004-巴菲特致股东信.md,zh,full-candidate,primary-authored-translation-candidate,candidate-include-full,provisional-full-candidate-not-yet-approved,official-original-pdf-local,content/source-documents/berkshire-shareholder-letters/2004ltr.pdf,本地有伯克希尔官方股东信原文底本。,https://berkshirehathaway.com/letters/2004ltr.pdf,buffett-shareholder-letter-2004,1,leading-layout-note-needs-editorial-separation,34524,275361b8ee169247b15d1cf7bb3bf9004014ed8f41a645b2c71da12110ff73ce
buffett,buffett-volume,2005,shareholder-letter,2005 年巴菲特致伯克希尔股东信,content/letters/berkshire_2005-巴菲特致股东信.md,zh,full-candidate,primary-authored-translation-candidate,candidate-include-full,provisional-full-candidate-not-yet-approved,official-original-pdf-local,content/source-documents/berkshire-shareholder-letters/2005ltr.pdf,本地有伯克希尔官方股东信原文底本。,https://berkshirehathaway.com/letters/2005ltr.pdf,buffett-shareholder-letter-2005,1,,28466,e6b1851b474d269a16f369721695138aafd20f45845ac1a89e359377d709b292
buffett,buffett-volume,2006,shareholder-letter,2006 年巴菲特致伯克希尔股东信,content/letters/berkshire_2006-巴菲特致股东信.md,zh,full-candidate,primary-authored-translation-candidate,candidate-include-full,provisional-full-candidate-not-yet-approved,official-original-pdf-local,content/source-documents/berkshire-shareholder-letters/2006ltr.pdf,本地有伯克希尔官方股东信原文底本。,https://berkshirehathaway.com/letters/2006ltr.pdf,buffett-shareholder-letter-2006,1,leading-layout-note-needs-editorial-separation,24164,ba8c5a8523f1826b03661e1bc74954de93ce1063d27376f191832c5685fd8b44
buffett,buffett-volume,2007,shareholder-letter,2007 年巴菲特致伯克希尔股东信,content/letters/berkshire_2007-巴菲特致股东信.md,zh,full-candidate,primary-authored-translation-candidate,candidate-include-full,provisional-full-candidate-not-yet-approved,official-original-pdf-local,content/source-documents/berkshire-shareholder-letters/2007ltr.pdf,本地有伯克希尔官方股东信原文底本。,https://berkshirehathaway.com/letters/2007ltr.pdf,buffett-shareholder-letter-2007,1,leading-layout-note-needs-editorial-separation,29256,187ac60912b36e23ff1be735ca8de65d26c332e2a315946ba980f6e89ad802c8
buffett,buffett-volume,2008,shareholder-letter,2008 年巴菲特致伯克希尔股东信,content/letters/berkshire_2008-巴菲特致股东信.md,zh,full-candidate,primary-authored-translation-candidate,candidate-include-full,provisional-full-candidate-not-yet-approved,official-original-pdf-local,content/source-documents/berkshire-shareholder-letters/2008ltr.pdf,本地有伯克希尔官方股东信原文底本。,https://berkshirehathaway.com/letters/2008ltr.pdf,buffett-shareholder-letter-2008,1,,30523,6f86a931ffe56c532f0d7dd971fc6dd4a4ed4232d2198de91331818b33ee104d
buffett,buffett-volume,2009,shareholder-letter,2009 年巴菲特致伯克希尔股东信,content/letters/berkshire_2009-巴菲特致股东信.md,zh,full-candidate,primary-authored-translation-candidate,candidate-include-full,provisional-full-candidate-not-yet-approved,official-original-pdf-local,content/source-documents/berkshire-shareholder-letters/2009ltr.pdf,本地有伯克希尔官方股东信原文底本。,https://berkshirehathaway.com/letters/2009ltr.pdf,buffett-shareholder-letter-2009,1,,26352,3d073008a9bfdf2d59792f6e7d08a3648b2aedeba37a181eb2d821a664e2e010
buffett,buffett-volume,2010,shareholder-letter,2010 年巴菲特致伯克希尔股东信,content/letters/berkshire_2010-巴菲特致股东信.md,zh,full-candidate,primary-authored-translation-candidate,candidate-include-full,provisional-full-candidate-not-yet-approved,official-original-pdf-local,content/source-documents/berkshire-shareholder-letters/2010ltr.pdf,本地有伯克希尔官方股东信原文底本。,https://berkshirehathaway.com/letters/2010ltr.pdf,buffett-shareholder-letter-2010,1,,36401,c42f29922cfec58aca80d202e25d1f0f67c0d17e687cfac5c9ef5ca2fbca9048
buffett,buffett-volume,2011,shareholder-letter,2011 年巴菲特致伯克希尔股东信,content/letters/berkshire_2011-巴菲特致股东信.md,zh,full-candidate,primary-authored-translation-candidate,candidate-include-full,provisional-full-candidate-not-yet-approved,official-original-pdf-local,content/source-documents/berkshire-shareholder-letters/2011ltr.pdf,本地有伯克希尔官方股东信原文底本。,https://berkshirehathaway.com/letters/2011ltr.pdf,buffett-shareholder-letter-2011,1,,31676,d352d7e2eb9406e0246b3c8e9b656e872dcde88f1890b20857face39ee074bba
buffett,buffett-volume,2012,shareholder-letter,2012 年巴菲特致伯克希尔股东信,content/letters/berkshire_2012-巴菲特致股东信.md,zh,full-candidate,primary-authored-translation-candidate,candidate-include-full,provisional-full-candidate-not-yet-approved,official-original-pdf-local,content/source-documents/berkshire-shareholder-letters/2012ltr.pdf,本地有伯克希尔官方股东信原文底本。,https://berkshirehathaway.com/letters/2012ltr.pdf,buffett-shareholder-letter-2012,1,,31875,272c19b3bddbd2f6bab7efd2406e3caa67c3e8d27319b65df976e6bf76b4ad27
buffett,buffett-volume,2013,shareholder-letter,2013 年巴菲特致伯克希尔股东信,content/letters/berkshire_2013-巴菲特致股东信.md,zh,full-candidate,primary-authored-translation-candidate,candidate-include-full,provisional-full-candidate-not-yet-approved,official-original-pdf-local,content/source-documents/berkshire-shareholder-letters/2013ltr.pdf,本地有伯克希尔官方股东信原文底本。,https://berkshirehathaway.com/letters/2013ltr.pdf,buffett-shareholder-letter-2013,1,,30664,0763f845fa6564d96bbae9178bd65a48d761814967bff17df2e7c8435dc3d3f4
buffett,buffett-volume,2014,shareholder-letter,2014 年巴菲特致伯克希尔股东信,content/letters/berkshire_2014-巴菲特致股东信.md,zh,full-candidate,primary-authored-translation-candidate,candidate-include-full,provisional-full-candidate-not-yet-approved,official-original-pdf-local,content/source-documents/berkshire-shareholder-letters/2014ltr.pdf,本地有伯克希尔官方股东信原文底本。,https://berkshirehathaway.com/letters/2014ltr.pdf,buffett-shareholder-letter-2014,1,,28258,f8535d7ac0714dc92d48c2c42820c202f87eaeea72ff848c2d35350d93fa003b
buffett,buffett-volume,2015,shareholder-letter,2015 年巴菲特致伯克希尔股东信,content/letters/berkshire_2015-巴菲特致股东信.md,zh,full-candidate,primary-authored-translation-candidate,candidate-include-full,provisional-full-candidate-not-yet-approved,official-original-pdf-local,content/source-documents/berkshire-shareholder-letters/2015ltr.pdf,本地有伯克希尔官方股东信原文底本。,https://berkshirehathaway.com/letters/2015ltr.pdf,buffett-shareholder-letter-2015,1,,37872,166df3b12fd2ecfed902e1cb412254bf2145bbef27037eaa652fcbddbb77f8a6
buffett,buffett-volume,2016,shareholder-letter,2016 年巴菲特致伯克希尔股东信,content/letters/berkshire_2016-巴菲特致股东信.md,zh,full-candidate,primary-authored-translation-candidate,candidate-include-full,hold-until-source-or-completeness-fixed,official-original-pdf-local,content/source-documents/berkshire-shareholder-letters/2016ltr.pdf,本地有伯克希尔官方股东信原文底本。,https://berkshirehathaway.com/letters/2016ltr.pdf,buffett-shareholder-letter-2016,1,translator-explanatory-footnotes-not-original-body,37250,80336500d1c88c5d27b31bfeb1377a51d48b718059623ff76cf8457b9492de9f
buffett,buffett-volume,2017,shareholder-letter,2017 年巴菲特致伯克希尔股东信,content/letters/berkshire_2017-巴菲特致股东信.md,zh,full-candidate,primary-authored-translation-candidate,candidate-include-full,provisional-full-candidate-not-yet-approved,official-original-pdf-local,content/source-documents/berkshire-shareholder-letters/2017ltr.pdf,本地有伯克希尔官方股东信原文底本。,https://berkshirehathaway.com/letters/2017ltr.pdf,buffett-shareholder-letter-2017,1,,22292,c33fc310f85f3ae3f2acb84b4c5134908c1fb7e8df4a0432263b84dc3e936d25
buffett,buffett-volume,2018,shareholder-letter,2018 年巴菲特致伯克希尔股东信,content/letters/berkshire_2018-巴菲特致股东信.md,zh,full-candidate,primary-authored-translation-candidate,candidate-include-full,provisional-full-candidate-not-yet-approved,official-original-pdf-local,content/source-documents/berkshire-shareholder-letters/2018ltr.pdf,本地有伯克希尔官方股东信原文底本。,https://berkshirehathaway.com/letters/2018ltr.pdf,buffett-shareholder-letter-2018,1,,17601,c082232697a0a4ca7dc0603a81aeba30ca0d97c79918bfdd6639229f2d748732
buffett,buffett-volume,2019,shareholder-letter,2019 年巴菲特致伯克希尔股东信,content/letters/berkshire_2019-巴菲特致股东信.md,zh,full-candidate,primary-authored-translation-candidate,candidate-include-full,provisional-full-candidate-not-yet-approved,official-original-pdf-local,content/source-documents/berkshire-shareholder-letters/2019ltr.pdf,本地有伯克希尔官方股东信原文底本。,https://berkshirehathaway.com/letters/2019ltr.pdf,buffett-shareholder-letter-2019,1,,17919,e57057420542ce2a009d61e43c9dd770efd437aba99c70fc6c1fd6baaa768796
buffett,buffett-volume,2020,shareholder-letter,2020 年巴菲特致伯克希尔股东信,content/letters/berkshire_2020-巴菲特致股东信.md,zh,full-candidate,primary-authored-translation-candidate,candidate-include-full,provisional-full-candidate-not-yet-approved,official-original-pdf-local,content/source-documents/berkshire-shareholder-letters/2020ltr.pdf,本地有伯克希尔官方股东信原文底本。,https://berkshirehathaway.com/letters/2020ltr.pdf,buffett-shareholder-letter-2020,1,,17352,0804eedcec9f227388b1c4ed9c36d8ab15dbe823c4c476472886b8764e846677
buffett,buffett-volume,2021,shareholder-letter,2021 年巴菲特致伯克希尔股东信,content/letters/berkshire_2021-巴菲特致股东信.md,zh,full-candidate,primary-authored-translation-candidate,candidate-include-full,provisional-full-candidate-not-yet-approved,official-original-pdf-local,content/source-documents/berkshire-shareholder-letters/2021ltr.pdf,本地有伯克希尔官方股东信原文底本。,https://berkshirehathaway.com/letters/2021ltr.pdf,buffett-shareholder-letter-2021,1,,11461,5c3a214f9e96ba9a0d46515eef5c6f91a52ed53eeed1c61840b80f6c25de5641
buffett,buffett-volume,2022,shareholder-letter,2022 年巴菲特致伯克希尔股东信,content/letters/berkshire_2022-巴菲特致股东信.md,zh,full-candidate,primary-authored-translation-candidate,candidate-include-full,provisional-full-candidate-not-yet-approved,official-original-pdf-local,content/source-documents/berkshire-shareholder-letters/2022ltr.pdf,本地有伯克希尔官方股东信原文底本。,https://berkshirehathaway.com/letters/2022ltr.pdf,buffett-shareholder-letter-2022,1,,9162,5b00f7418545b52185a03611153f9a63c90c7a405cbc2da9ccc8356174889e89
buffett,buffett-volume,2023,shareholder-letter,2023 年巴菲特致伯克希尔股东信,content/letters/berkshire_2023-巴菲特致股东信.md,zh,full-candidate,primary-authored-translation-candidate,candidate-include-full,provisional-full-candidate-not-yet-approved,official-original-pdf-local,content/source-documents/berkshire-shareholder-letters/2023ltr.pdf,本地有伯克希尔官方股东信原文底本。,https://berkshirehathaway.com/letters/2023ltr.pdf,buffett-shareholder-letter-2023,1,,14111,64eccbcf4a6392ceb7b1d5057b7f2e7ead92a53240b185cec77cd9f486dfdf53
buffett,buffett-volume,2024,shareholder-letter,2024 年巴菲特致伯克希尔股东信,content/letters/berkshire_2024-巴菲特致股东信.md,zh,full-candidate,primary-authored-translation-candidate,candidate-include-full,provisional-full-candidate-not-yet-approved,official-original-pdf-local,content/source-documents/berkshire-shareholder-letters/2024ltr.pdf,本地有伯克希尔官方股东信原文底本。,https://berkshirehathaway.com/letters/2024ltr.pdf,buffett-shareholder-letter-2024,1,,13127,ef5ada8535e77824db0cc6d6b38ba2f4f3fe7898270e7f313ae7a084eb0c359b
buffett,buffett-volume,2025,shareholder-letter,2025 年感恩节致股东信,content/letters/berkshire_2025-巴菲特致股东信.md,zh,full-candidate,primary-authored-translation-candidate,candidate-include-full,hold-until-source-or-completeness-fixed,official-original-pdf-local,content/source-documents/berkshire-shareholder-letters/2025-thanksgiving-message.pdf,本地有伯克希尔官网 2025 感恩节致股东信；这不是年度报告股东信。,https://berkshirehathaway.com/news/nov1025.pdf,buffett-shareholder-letter-2025,1,2025-thanksgiving-letter-not-annual-report-letter|official-press-release-wrapper-not-buffett-letter-body,7882,959a6dfd77bcaa6ab5858a3ab53df0140242715912af8ddf2dd6476818da26d5
munger,munger-volume,2018,munger-speech-or-interview,投资者如何做到耐心,content/munger-archive/recordings/2018-08 红周刊专访查理芒格.md,zh,full-candidate,primary-transcript-translation-candidate,candidate-primary-review,hold-until-source-or-completeness-fixed,no-local-original-language-base,,本地未找到可直接对应的原文或官方底本。,https://www.yuque.com/cooo/hg40yk/gyw9ou,,0,source-verification-pending|local-original-language-base-missing|manual-authorship-or-source-review-required,12065,16dbacbf4b802972d761269fc1a585ce421ececa36c1067226026715fe9e1b4c
munger,munger-volume,2023,munger-speech-or-interview,查理·芒格做客 Acquired 播客（2023）,content/munger-archive/recordings/acquired-charlie-munger-2023.md,zh,unknown,primary-transcript-translation-candidate,candidate-primary-review,hold-until-manual-verification,no-local-original-language-base,,本地未找到可直接对应的原文或官方底本。,https://mungerarchive.com/zh/recordings/acquired-charlie-munger-2023/,,0,completeness-unproven|local-original-language-base-missing|manual-authorship-or-source-review-required,2981,a9898bbe7ed7a0d9dfdb0227a0be53524133a3025b68a499dedd6ce63ae787d8
munger,munger-volume,2009,munger-speech-or-interview,查理·芒格论繁荣与萧条（BBC，2009）,content/munger-archive/recordings/bbc-boom-and-bust-2009.md,zh,unknown,primary-transcript-translation-candidate,candidate-primary-review,hold-until-manual-verification,no-local-original-language-base,,本地未找到可直接对应的原文或官方底本。,https://mungerarchive.com/zh/recordings/bbc-boom-and-bust-2009/,,0,completeness-unproven|local-original-language-base-missing|manual-authorship-or-source-review-required,964,1d40331f88c9e15fb924e9cf00afc08ee210364e4fa087cd37f98eef952bef1d
munger,munger-volume,2023,berkshire-meeting-record,伯克希尔-哈撒韦2023年年度股东大会——巴菲特与芒格最后一次同台,content/munger-archive/recordings/berkshire-2023-annual-meeting.md,zh,unknown,primary-transcript-translation-candidate,candidate-primary-review,hold-until-manual-verification,no-local-original-language-base,,本地未找到可直接对应的原文或官方底本。,https://mungerarchive.com/zh/recordings/berkshire-2023-annual-meeting/,berkshire-meeting-2023,2,completeness-unproven|local-original-language-base-missing|manual-authorship-or-source-review-required|version-family-needs-canonical-choice,984,6c21e6773b6a64ea042d7cacaca2817aea41d1d3c1e6403a863c90f510f74e69
munger,munger-volume,1994,berkshire-meeting-record,伯克希尔-哈撒韦年度股东大会(1994年至今),content/munger-archive/recordings/berkshire-hathaway-annual-meetings.md,zh,selection-or-excerpt,primary-transcript-translation-candidate,candidate-include-selection,selection-only-not-full-document,no-local-original-language-base,,本地未找到可直接对应的原文或官方底本。,https://mungerarchive.com/zh/recordings/berkshire-hathaway-annual-meetings/,berkshire-meeting-1994,2,selection-not-full-document|local-original-language-base-missing|version-family-needs-canonical-choice,1510,3976993d829ac80c5e7c5306daf552c0fb0e2198c07b95a809907bf66dd216fd
munger,munger-volume,2008,munger-speech-or-interview,加州理工学院杜布里奇杰出讲座(2008),content/munger-archive/recordings/caltech-2008.md,zh,unknown,primary-transcript-translation-candidate,candidate-primary-review,hold-until-manual-verification,no-local-original-language-base,,本地未找到可直接对应的原文或官方底本。,https://mungerarchive.com/zh/recordings/caltech-2008/,,0,completeness-unproven|local-original-language-base-missing|manual-authorship-or-source-review-required,1159,9ac37ac7785528036690cf25b8f0d739852dfede49470d7a4af781083ec0a04f
munger,munger-volume,2020,munger-speech-or-interview,与查理·芒格的一席谈——加州理工学院杰出校友(2020),content/munger-archive/recordings/caltech-2020.md,zh,unknown,primary-transcript-translation-candidate,candidate-primary-review,hold-until-manual-verification,no-local-original-language-base,,本地未找到可直接对应的原文或官方底本。,https://mungerarchive.com/zh/recordings/caltech-2020/,,0,completeness-unproven|local-original-language-base-missing|manual-authorship-or-source-review-required,1207,b1b27f249431d4f4925b926a59f6f4b37078f36b2011a5d83d791d62aedaabff
munger,munger-volume,2019,munger-speech-or-interview,"查理·芒格谈投资(CNBC,2019)",content/munger-archive/recordings/cnbc-2019.md,zh,unknown,primary-transcript-translation-candidate,candidate-primary-review,hold-until-manual-verification,no-local-original-language-base,,本地未找到可直接对应的原文或官方底本。,https://mungerarchive.com/zh/recordings/cnbc-2019/,,0,completeness-unproven|local-original-language-base-missing|manual-authorship-or-source-review-required,1006,d467573921c1934f91920e170e7ebe8b7aa9525b50ea64e19ac24d06b72d3731
munger,munger-volume,2023,munger-speech-or-interview,查理·芒格的最后一次CNBC访谈（2023）,content/munger-archive/recordings/cnbc-final-interview-2023.md,zh,unknown,primary-transcript-translation-candidate,candidate-primary-review,hold-until-manual-verification,no-local-original-language-base,,本地未找到可直接对应的原文或官方底本。,https://mungerarchive.com/zh/recordings/cnbc-final-interview-2023/,,0,completeness-unproven|local-original-language-base-missing|manual-authorship-or-source-review-required,3057,5524c10b48cd1cd9651e84e8716dba8757ce45634909ece6b7e982eaaef61608
munger,munger-volume,2014,daily-journal-meeting-record,每日期刊2014年年会,content/munger-archive/recordings/daily-journal-2014.md,zh,unknown,primary-transcript-translation-candidate,candidate-primary-review,hold-until-manual-verification,no-local-original-language-base,,本地未找到可直接对应的原文或官方底本。,https://mungerarchive.com/zh/recordings/daily-journal-2014/,,0,completeness-unproven|local-original-language-base-missing|manual-authorship-or-source-review-required,24669,1d4777443a9c350d4af26f71f45cf35b6edf3936c4ea3d0e7c6de949bd9d949a
munger,munger-volume,2015,daily-journal-meeting-record,每日期刊2015年年会,content/munger-archive/recordings/daily-journal-2015.md,zh,unknown,primary-transcript-translation-candidate,candidate-primary-review,hold-until-manual-verification,no-local-original-language-base,,本地未找到可直接对应的原文或官方底本。,https://mungerarchive.com/zh/recordings/daily-journal-2015/,,0,completeness-unproven|local-original-language-base-missing|manual-authorship-or-source-review-required,25964,056d8b5f4448104f00e2b71c8ca74afe22c117a61f5bebe05b4183677018a2f6
munger,munger-volume,2016,daily-journal-meeting-record,每日期刊2016年年会,content/munger-archive/recordings/daily-journal-2016.md,zh,unknown,primary-transcript-translation-candidate,candidate-primary-review,hold-until-manual-verification,no-local-original-language-base,,本地未找到可直接对应的原文或官方底本。,https://mungerarchive.com/zh/recordings/daily-journal-2016/,,0,completeness-unproven|local-original-language-base-missing|manual-authorship-or-source-review-required,19657,644bf8a9bdc9a522ee40ddd8e529d153d3b46dba811314896185784c85a2f152
munger,munger-volume,2017,daily-journal-meeting-record,2017 年每日期刊大会后的炉边谈话,content/munger-archive/recordings/daily-journal-2017-fireside.md,zh,unknown,primary-transcript-translation-candidate,candidate-primary-review,hold-until-manual-verification,no-local-original-language-base,,本地未找到可直接对应的原文或官方底本。,https://mungerarchive.com/zh/recordings/daily-journal-2017-fireside/,,0,completeness-unproven|local-original-language-base-missing|manual-authorship-or-source-review-required,1453,e7c50c00853d09f93f9a1265f60a3228a936c6df35b1a92a96c0be2e305cb5e7
munger,munger-volume,2017,daily-journal-meeting-record,每日期刊 2017 年股东大会,content/munger-archive/recordings/daily-journal-2017.md,zh,unknown,primary-transcript-translation-candidate,candidate-primary-review,hold-until-manual-verification,no-local-original-language-base,,本地未找到可直接对应的原文或官方底本。,https://mungerarchive.com/zh/recordings/daily-journal-2017/,,0,completeness-unproven|local-original-language-base-missing|manual-authorship-or-source-review-required,27257,d0ca5b9da2f06153b5c5ac730517a1bd4bfc2dc923ff9c6a9930c6bb62f1ff14
munger,munger-volume,2018,daily-journal-meeting-record,每日期刊 2018 年股东大会,content/munger-archive/recordings/daily-journal-2018.md,zh,unknown,primary-transcript-translation-candidate,candidate-primary-review,hold-until-manual-verification,no-local-original-language-base,,本地未找到可直接对应的原文或官方底本。,https://mungerarchive.com/zh/recordings/daily-journal-2018/,,0,completeness-unproven|local-original-language-base-missing|manual-authorship-or-source-review-required,24005,5ef71de0cc9ea6d6bd0d1d3d4d9053afc9234d668c5feab5bedc9610fae78c4d
munger,munger-volume,2019,daily-journal-meeting-record,2019年每日期刊年度股东会,content/munger-archive/recordings/daily-journal-2019.md,zh,unknown,primary-transcript-translation-candidate,candidate-primary-review,hold-until-manual-verification,no-local-original-language-base,,本地未找到可直接对应的原文或官方底本。,https://mungerarchive.com/zh/recordings/daily-journal-2019/,,0,completeness-unproven|local-original-language-base-missing|manual-authorship-or-source-review-required,26986,cc5a4d361507ae39a7ac3104faebe711707778b1c03f25959b3fd4388c9f05f1
munger,munger-volume,2020,daily-journal-meeting-record,2020年每日期刊年度股东会,content/munger-archive/recordings/daily-journal-2020.md,zh,unknown,primary-transcript-translation-candidate,candidate-primary-review,hold-until-manual-verification,no-local-original-language-base,,本地未找到可直接对应的原文或官方底本。,https://mungerarchive.com/zh/recordings/daily-journal-2020/,,0,completeness-unproven|local-original-language-base-missing|manual-authorship-or-source-review-required,25858,28334e0985a0feea8fd32de2c9a473f5a059ffab8db28f588e8fb909b99a184d
munger,munger-volume,2021,daily-journal-meeting-record,2021年每日期刊年度股东会,content/munger-archive/recordings/daily-journal-2021.md,zh,unknown,primary-transcript-translation-candidate,candidate-primary-review,hold-until-manual-verification,no-local-original-language-base,,本地未找到可直接对应的原文或官方底本。,https://mungerarchive.com/zh/recordings/daily-journal-2021/,,0,completeness-unproven|local-original-language-base-missing|manual-authorship-or-source-review-required,23443,af0ad1b1d03e19246d48f290f6bfefd0b854ab2f7c808b4066e48cefe6627c4f
munger,munger-volume,2022,daily-journal-meeting-record,每日期刊2022年年会,content/munger-archive/recordings/daily-journal-2022.md,zh,unknown,primary-transcript-translation-candidate,candidate-primary-review,hold-until-manual-verification,no-local-original-language-base,,本地未找到可直接对应的原文或官方底本。,https://mungerarchive.com/zh/recordings/daily-journal-2022/,,0,completeness-unproven|local-original-language-base-missing|manual-authorship-or-source-review-required,46641,74a41fbef7e6936a19068fdac1fe12f99773fff8b6717ca1b008384f2012c287
munger,munger-volume,2023,daily-journal-meeting-record,每日期刊2023年年会,content/munger-archive/recordings/daily-journal-2023.md,zh,unknown,primary-transcript-translation-candidate,candidate-primary-review,hold-until-manual-verification,no-local-original-language-base,,本地未找到可直接对应的原文或官方底本。,https://mungerarchive.com/zh/recordings/daily-journal-2023/,,0,completeness-unproven|local-original-language-base-missing|manual-authorship-or-source-review-required,1017,970e2635f9273e4c59a8ed35e462696cde560127243f6dd0115376516e06f6d7
munger,munger-volume,1986,munger-speech-or-interview,"如何确保一生悲惨(哈佛中学,1986)",content/munger-archive/recordings/harvard-1986-misery.md,zh,unknown,primary-transcript-translation-candidate,candidate-primary-review,hold-until-manual-verification,no-local-original-language-base,,本地未找到可直接对应的原文或官方底本。,https://mungerarchive.com/zh/recordings/harvard-1986-misery/,,0,completeness-unproven|local-original-language-base-missing|manual-authorship-or-source-review-required,3115,e23ab4a5345e976e2d710d54e4532e1264f12810eac73e4221571041fe7ff1ae
munger,munger-volume,1998,munger-speech-or-interview,对更多跨学科技能的需要（哈佛法学院50周年同学会，1998）,content/munger-archive/recordings/harvard-law-1998-multidisciplinary.md,zh,selection-or-excerpt,primary-transcript-translation-candidate,candidate-include-selection,selection-only-not-full-document,no-local-original-language-base,,本地未找到可直接对应的原文或官方底本。,https://mungerarchive.com/zh/recordings/harvard-law-1998-multidisciplinary/,,0,selection-not-full-document|local-original-language-base-missing,2326,bfbc937de740cf0a72743bab33c2c7ac92e320f3d767b9a092386fe9dc8ac4f5
munger,munger-volume,2023,munger-speech-or-interview,查理·芒格与约翰·科里森（《最好的投资》，2023）,content/munger-archive/recordings/invest-like-the-best-2023.md,zh,unknown,primary-transcript-translation-candidate,candidate-primary-review,hold-until-manual-verification,no-local-original-language-base,,本地未找到可直接对应的原文或官方底本。,https://mungerarchive.com/zh/recordings/invest-like-the-best-2023/,,0,completeness-unproven|local-original-language-base-missing|manual-authorship-or-source-review-required,1666,9f405f279af5753361d3cacc71f33501b6640c434d87eba9de86759ff861f551
munger,munger-volume,2011,munger-speech-or-interview,与查理·芒格的对话（密歇根大学，2011年）,content/munger-archive/recordings/michigan-2011.md,zh,unknown,primary-transcript-translation-candidate,candidate-primary-review,hold-until-manual-verification,no-local-original-language-base,,本地未找到可直接对应的原文或官方底本。,https://mungerarchive.com/zh/recordings/michigan-2011/,,0,completeness-unproven|local-original-language-base-missing|manual-authorship-or-source-review-required,1092,888002878b9bb833293368ffb1e8d7f424e64f7fbebac1dbe196bed4a1f2b640
munger,munger-volume,2017,munger-speech-or-interview,与查理·芒格的对话（密歇根罗斯商学院，2017年）,content/munger-archive/recordings/michigan-ross-2017.md,zh,unknown,primary-transcript-translation-candidate,candidate-primary-review,hold-until-manual-verification,no-local-original-language-base,,本地未找到可直接对应的原文或官方底本。,https://mungerarchive.com/zh/recordings/michigan-ross-2017/,,0,completeness-unproven|local-original-language-base-missing|manual-authorship-or-source-review-required,1190,afea0782a3bb64b6a3d9d21f31700645c487c409be582b97eb41343be9a4ee10
munger,munger-volume,2018,munger-speech-or-interview,查理·芒格与李录谈中国（2018年）,content/munger-archive/recordings/munger-li-lu-2018.md,zh,unknown,primary-transcript-translation-candidate,candidate-primary-review,hold-until-manual-verification,no-local-original-language-base,,本地未找到可直接对应的原文或官方底本。,https://mungerarchive.com/zh/recordings/munger-li-lu-2018/,,0,completeness-unproven|local-original-language-base-missing|manual-authorship-or-source-review-required,1182,125b10b18cd75484eacb7edecb0020342811419963190d9f0e106109039de8b1
munger,munger-volume,2016,munger-speech-or-interview,与沃伦·巴菲特合伙的力量(2016),content/munger-archive/recordings/power-of-partnership-2016.md,zh,unknown,primary-transcript-translation-candidate,candidate-primary-review,hold-until-manual-verification,no-local-original-language-base,,本地未找到可直接对应的原文或官方底本。,https://mungerarchive.com/zh/recordings/power-of-partnership-2016/,,0,completeness-unproven|local-original-language-base-missing|manual-authorship-or-source-review-required,1004,04877dbc67848e38029b8327fa75174b104a9758d2ce6b5cbe5975f4e653ff93
munger,munger-volume,1995,munger-speech-or-interview,人类误判心理学,content/munger-archive/recordings/psychology-of-human-misjudgment-1995.md,zh,unknown,primary-transcript-translation-candidate,candidate-primary-review,hold-until-manual-verification,no-local-original-language-base,,本地未找到可直接对应的原文或官方底本。,https://mungerarchive.com/zh/recordings/psychology-of-human-misjudgment-1995/,,0,completeness-unproven|local-original-language-base-missing|manual-authorship-or-source-review-required,1945,a0735b1337d0fb522ed80c8e6d9f007199f4601d25f53514890de95285f61436
munger,munger-volume,2022,munger-speech-or-interview,论领导力与资本配置，与托德·库姆斯对谈（2022）,content/munger-archive/recordings/singleton-prize-2022.md,zh,unknown,primary-transcript-translation-candidate,candidate-primary-review,hold-until-manual-verification,no-local-original-language-base,,本地未找到可直接对应的原文或官方底本。,https://mungerarchive.com/zh/recordings/singleton-prize-2022/,,0,completeness-unproven|local-original-language-base-missing|manual-authorship-or-source-review-required,1186,9791a3986c287f229d55e599d00876dbc13593903c4004d80cf14d50a841ae85
munger,munger-volume,1996,munger-speech-or-interview,普世智慧再探（斯坦福法学院，1996）,content/munger-archive/recordings/stanford-1996-worldly-wisdom.md,zh,unknown,primary-transcript-translation-candidate,candidate-primary-review,hold-until-manual-verification,no-local-original-language-base,,本地未找到可直接对应的原文或官方底本。,https://mungerarchive.com/zh/recordings/stanford-1996-worldly-wisdom/,,0,completeness-unproven|local-original-language-base-missing|manual-authorship-or-source-review-required,2696,5d31d098f91effe1353cb63743f71f3062e368c9911432ab04ecf0d06dacb96f
munger,munger-volume,2009,munger-speech-or-interview,"当前的经济危机——芒格与约瑟夫·格伦德费斯特对谈(斯坦福,2009)",content/munger-archive/recordings/stanford-grundfest-2009.md,zh,unknown,primary-transcript-translation-candidate,candidate-primary-review,hold-until-manual-verification,no-local-original-language-base,,本地未找到可直接对应的原文或官方底本。,https://mungerarchive.com/zh/recordings/stanford-grundfest-2009/,,0,completeness-unproven|local-original-language-base-missing|manual-authorship-or-source-review-required,960,c4023b0db77060a348455a8d6c11e74b4bee034ec09a5a5771747f4e8072ca86
munger,munger-volume,2003,munger-speech-or-interview,"学院派经济学:长处与缺陷(加州大学圣巴巴拉分校,2003)",content/munger-archive/recordings/ucsb-2003-academic-economics.md,zh,unknown,primary-transcript-translation-candidate,candidate-primary-review,hold-until-manual-verification,no-local-original-language-base,,本地未找到可直接对应的原文或官方底本。,https://mungerarchive.com/zh/recordings/ucsb-2003-academic-economics/,,0,completeness-unproven|local-original-language-base-missing|manual-authorship-or-source-review-required,2746,494b80f6b661f6cba75dc9062ce38dbad69409ee35141e4337274b60b502ce97
munger,munger-volume,1994,munger-speech-or-interview,"关于基本的世俗智慧的一课(南加州大学,1994)",content/munger-archive/recordings/usc-1994-worldly-wisdom.md,zh,unknown,primary-transcript-translation-candidate,candidate-primary-review,hold-until-manual-verification,no-local-original-language-base,,本地未找到可直接对应的原文或官方底本。,https://mungerarchive.com/zh/recordings/usc-1994-worldly-wisdom/,,0,completeness-unproven|local-original-language-base-missing|manual-authorship-or-source-review-required,2387,5ea1661dd57923651a77e98c6480062fde945a67affbb75211388577b307000d
munger,munger-volume,2007,munger-speech-or-interview,南加州大学法学院毕业典礼演讲（2007）,content/munger-archive/recordings/usc-law-2007.md,zh,unknown,primary-transcript-translation-candidate,candidate-primary-review,hold-until-manual-verification,no-local-original-language-base,,本地未找到可直接对应的原文或官方底本。,https://mungerarchive.com/zh/recordings/usc-law-2007/,,0,completeness-unproven|local-original-language-base-missing|manual-authorship-or-source-review-required,1328,9214c883c552a0fa0d0121900cf142652b528f0b206c87fe11f119701152b1cb
munger,munger-volume,2019,munger-speech-or-interview,查理·芒格，畅所欲言（《华尔街日报》/ 杰森·茨威格，2019）,content/munger-archive/recordings/wsj-unplugged-2019.md,zh,unknown,primary-transcript-translation-candidate,candidate-primary-review,hold-until-manual-verification,no-local-original-language-base,,本地未找到可直接对应的原文或官方底本。,https://mungerarchive.com/zh/recordings/wsj-unplugged-2019/,,0,completeness-unproven|local-original-language-base-missing|manual-authorship-or-source-review-required,2430,45ce5f9450f37fd8dc3113c642d7b10080498289ef2980320fbbae7e65e3de3e
munger,munger-volume,2019,munger-speech-or-interview,查理·芒格谈中国崛起与埃隆·马斯克（雅虎财经，2019）,content/munger-archive/recordings/yahoo-2019-china.md,zh,unknown,primary-transcript-translation-candidate,candidate-primary-review,hold-until-manual-verification,no-local-original-language-base,,本地未找到可直接对应的原文或官方底本。,https://mungerarchive.com/zh/recordings/yahoo-2019-china/,,0,completeness-unproven|local-original-language-base-missing|manual-authorship-or-source-review-required,1073,a2c962480ac56a2dccfaceb242871f73d2d419d1eb7b1ceb26b74c326e6fc8f7
munger,munger-volume,2019,munger-speech-or-interview,查理·芒格谈投资与成就财富的人生抉择（2019）,content/munger-archive/recordings/yahoo-2019-wealth.md,zh,unknown,primary-transcript-translation-candidate,candidate-primary-review,hold-until-manual-verification,no-local-original-language-base,,本地未找到可直接对应的原文或官方底本。,https://mungerarchive.com/zh/recordings/yahoo-2019-wealth/,,0,completeness-unproven|local-original-language-base-missing|manual-authorship-or-source-review-required,1063,ee1f095f68501a37c6584a69883f83e39982d83c2c4928057a6499d0d3ce3b39
munger,munger-volume,1997,wesco-letter,Wesco Financial Corporation Letter to Shareholders 1997,content/munger-originals/wesco-letter-1997.md,en,full-candidate,primary-authored-original-language-candidate,candidate-source-version,source-reference-not-reading-copy,official-original-pdf-local,content/source-pdfs/wesco/wesco-1997.pdf,本地有伯克希尔官方 Wesco 英文 PDF。,https://www.berkshirehathaway.com/wesco/cm1997.pdf,munger-wesco-letter-1997,1,,28129,db895aa61305636b524843e4cbf4689d9cee7f40f3160879e4167f1c77195d83
munger,munger-volume,1998,wesco-letter,Wesco Financial Corporation Letter to Shareholders 1998,content/munger-originals/wesco-letter-1998.md,en,full-candidate,primary-authored-original-language-candidate,candidate-source-version,source-reference-not-reading-copy,official-original-pdf-local,content/source-pdfs/wesco/wesco-1998.pdf,本地有伯克希尔官方 Wesco 英文 PDF。,https://www.berkshirehathaway.com/wesco/cm1998.pdf,munger-wesco-letter-1998,1,,26066,fd0ec7d37bc1c9c06f75d6febde89259718a52af4d2dad0f64101bf7250e487f
munger,munger-volume,1999,wesco-letter,Wesco Financial Corporation Letter to Shareholders 1999,content/munger-originals/wesco-letter-1999.md,en,full-candidate,primary-authored-original-language-candidate,candidate-source-version,source-reference-not-reading-copy,official-original-pdf-local,content/source-pdfs/wesco/wesco-1999.pdf,本地有伯克希尔官方 Wesco 英文 PDF。,https://www.berkshirehathaway.com/wesco/cm1999.pdf,munger-wesco-letter-1999,1,,23358,1029146492eeab8917e678b7f75a8ea8488c18d206d8319a565e065aa7e72c21
munger,munger-volume,2000,wesco-letter,Wesco Financial Corporation Letter to Shareholders 2000,content/munger-originals/wesco-letter-2000.md,en,selection-or-excerpt,primary-authored-original-language-candidate,candidate-source-version,source-reference-not-reading-copy,official-original-pdf-local,content/source-pdfs/wesco/wesco-2000.pdf,本地有伯克希尔官方 Wesco 英文 PDF。,https://www.berkshirehathaway.com/wesco/cm2000.pdf,munger-wesco-letter-2000,1,selection-not-full-document,18878,eaba2ba72f144ec89b93d6923d55ae135884fd8198c9e41ce689b5d23573c03c
munger,munger-volume,2001,wesco-letter,Wesco Financial Corporation Letter to Shareholders 2001,content/munger-originals/wesco-letter-2001.md,en,selection-or-excerpt,primary-authored-original-language-candidate,candidate-source-version,source-reference-not-reading-copy,official-original-pdf-local,content/source-pdfs/wesco/wesco-2001.pdf,本地有伯克希尔官方 Wesco 英文 PDF。,https://www.berkshirehathaway.com/wesco/cm2001.pdf,munger-wesco-letter-2001,1,selection-not-full-document,21327,ad2dc7ee8327cdefe1aefabe6f9a58e079cc90a77b3e77c2593ed668d06bc0fa
munger,munger-volume,2002,wesco-letter,Wesco Financial Corporation Letter to Shareholders 2002,content/munger-originals/wesco-letter-2002.md,en,selection-or-excerpt,primary-authored-original-language-candidate,candidate-source-version,source-reference-not-reading-copy,official-original-pdf-local,content/source-pdfs/wesco/wesco-2002.pdf,本地有伯克希尔官方 Wesco 英文 PDF。,https://www.berkshirehathaway.com/wesco/cm2002.pdf,munger-wesco-letter-2002,1,selection-not-full-document,24566,37776a81bb4c044f3a191113bada97fa5fb6a5ff8dd713447a7f92151200bb2f
munger,munger-volume,2003,wesco-letter,Wesco Financial Corporation Letter to Shareholders 2003,content/munger-originals/wesco-letter-2003.md,en,selection-or-excerpt,primary-authored-original-language-candidate,candidate-source-version,source-reference-not-reading-copy,official-original-pdf-local,content/source-pdfs/wesco/wesco-2003.pdf,本地有伯克希尔官方 Wesco 英文 PDF。,https://www.berkshirehathaway.com/wesco/cm2003.pdf,munger-wesco-letter-2003,1,selection-not-full-document,23283,84babc8863f88b54f29818e1b594a16fa5e87bf8f2d81bfb19210b445be1bc09
munger,munger-volume,2004,wesco-letter,Wesco Financial Corporation Letter to Shareholders 2004,content/munger-originals/wesco-letter-2004.md,en,selection-or-excerpt,primary-authored-original-language-candidate,candidate-source-version,source-reference-not-reading-copy,official-original-pdf-local,content/source-pdfs/wesco/wesco-2004.pdf,本地有伯克希尔官方 Wesco 英文 PDF。,https://www.berkshirehathaway.com/wesco/cm2004.pdf,munger-wesco-letter-2004,1,selection-not-full-document,26263,e347020847417c80d8823cb22ae480c478bb706860e5a63ff0516b000b294a07
munger,munger-volume,2005,wesco-letter,Wesco Financial Corporation Letter to Shareholders 2005,content/munger-originals/wesco-letter-2005.md,en,selection-or-excerpt,primary-authored-original-language-candidate,candidate-source-version,source-reference-not-reading-copy,official-original-pdf-local,content/source-pdfs/wesco/wesco-2005.pdf,本地有伯克希尔官方 Wesco 英文 PDF。,https://www.berkshirehathaway.com/wesco/cm2005.pdf,munger-wesco-letter-2005,1,selection-not-full-document,26589,2aa023893d1b1b0fcb723476a9dfce5fd1e774e4d9ff8d29608e1d3def43c14b
munger,munger-volume,2006,wesco-letter,Wesco Financial Corporation Letter to Shareholders 2006,content/munger-originals/wesco-letter-2006.md,en,selection-or-excerpt,primary-authored-original-language-candidate,candidate-source-version,source-reference-not-reading-copy,official-original-pdf-local,content/source-pdfs/wesco/wesco-2006.pdf,本地有伯克希尔官方 Wesco 英文 PDF。,https://www.berkshirehathaway.com/wesco/cm2006.pdf,munger-wesco-letter-2006,1,selection-not-full-document,25050,256c230bd72545ee01842cbf8374cd81136f64453c898e33ff8b970750866ecd
munger,munger-volume,2007,wesco-letter,Wesco Financial Corporation Letter to Shareholders 2007,content/munger-originals/wesco-letter-2007.md,en,selection-or-excerpt,primary-authored-original-language-candidate,candidate-source-version,source-reference-not-reading-copy,official-original-pdf-local,content/source-pdfs/wesco/wesco-2007.pdf,本地有伯克希尔官方 Wesco 英文 PDF。,https://www.berkshirehathaway.com/wesco/cm2007.pdf,munger-wesco-letter-2007,1,selection-not-full-document,23938,ad583791acab4707bc5120c49c904e1cfac8b64f08b84b8f3088e7239131ea9a
munger,munger-volume,2008,wesco-letter,Wesco Financial Corporation Letter to Shareholders 2008,content/munger-originals/wesco-letter-2008.md,en,selection-or-excerpt,primary-authored-original-language-candidate,candidate-source-version,source-reference-not-reading-copy,official-original-pdf-local,content/source-pdfs/wesco/wesco-2008.pdf,本地有伯克希尔官方 Wesco 英文 PDF。,https://www.berkshirehathaway.com/wesco/cm2008.pdf,munger-wesco-letter-2008,1,selection-not-full-document,26710,9982b198dba4d819fd6f730c28701427fad798c71fb827d606c71d1863d0e7ce
munger,munger-volume,2009,wesco-letter,Wesco Financial Corporation Letter to Shareholders 2009,content/munger-originals/wesco-letter-2009.md,en,selection-or-excerpt,primary-authored-original-language-candidate,candidate-source-version,source-reference-not-reading-copy,official-original-pdf-local,content/source-pdfs/wesco/wesco-2009.pdf,本地有伯克希尔官方 Wesco 英文 PDF。,https://www.berkshirehathaway.com/wesco/cm2009.pdf,munger-wesco-letter-2009,1,selection-not-full-document,24835,691f02b7110d8e44d8e2080a6b4eb986cfb85eeaa4e12720750dd7693576cdb7
buffett,buffett-volume,1956,partnership-agreement,1956 年有限合伙协议,content/partnership/partnership_1956-有限合伙协议.md,zh,unknown,partnership-legal-document-attribution-review,candidate-primary-review,hold-until-manual-verification,no-local-original-language-base,,法律协议，不是 Ivey 合编本中的一封书信；需另找带签署页的完整协议扫描件。,,buffett-partnership-agreement-1956,1,completeness-unproven|source-url-missing|local-original-language-base-missing|manual-authorship-or-source-review-required,2140,15deebcaff135f7f9b8521b4cbb13024bc17a64bbba831afc7e708f212834322
buffett,buffett-volume,1957,partnership-letter,1957 年致合伙人信,content/partnership/partnership_1957-巴菲特致合伙人信.md,zh,full-candidate,primary-authored-translation-candidate,candidate-include-full,hold-until-source-or-completeness-fixed,institutional-english-compilation-page-mapped,content/source-documents/buffett-partnership-letters/ivey-buffett-partnership-letters.pdf,已定位到 Ivey 英文合编本 PDF 物理页 1—3；仍需逐段校核中文，且不能冒充逐封原件扫描。,https://www.ivey.uwo.ca/media/2975913/buffett-partnership-letters.pdf,buffett-partnership-1957-general,1,institutional-compilation-not-original-scan,2232,27e786417e8142cd81ecf8a8120216b26619dacd517415a92bea02c7e17d7ac0
buffett,buffett-volume,1958,partnership-letter,1958 年致合伙人信,content/partnership/partnership_1958-巴菲特致合伙人信.md,zh,full-candidate,primary-authored-translation-candidate,candidate-include-full,hold-until-source-or-completeness-fixed,institutional-english-compilation-page-mapped,content/source-documents/buffett-partnership-letters/ivey-buffett-partnership-letters.pdf,已定位到 Ivey 英文合编本 PDF 物理页 4—6；仍需逐段校核中文，且不能冒充逐封原件扫描。 中文文件含一条校对注，正式成书时必须与本人正文隔离。,https://www.ivey.uwo.ca/media/2975913/buffett-partnership-letters.pdf,buffett-partnership-1958-general,1,institutional-compilation-not-original-scan,2464,a6d1312b0c93b1e7c00915d0ddfa5f454c30b9313ef9e44434f4b15b447b1cf8
buffett,buffett-volume,1959,partnership-letter,1959 年致合伙人信,content/partnership/partnership_1959-巴菲特致合伙人信.md,zh,full-candidate,primary-authored-translation-candidate,candidate-include-full,hold-until-source-or-completeness-fixed,institutional-english-compilation-page-mapped,content/source-documents/buffett-partnership-letters/ivey-buffett-partnership-letters.pdf,已定位到 Ivey 英文合编本 PDF 物理页 7—8；仍需逐段校核中文，且不能冒充逐封原件扫描。,https://www.ivey.uwo.ca/media/2975913/buffett-partnership-letters.pdf,buffett-partnership-1959-general,1,institutional-compilation-not-original-scan,1718,a14db9ab753cd6d8ffe0544e7ee922cd73a06185eba1aba840a2dc64535efa05
buffett,buffett-volume,1960,partnership-letter,1960 年致合伙人信,content/partnership/partnership_1960-巴菲特致合伙人信.md,zh,full-candidate,primary-authored-translation-candidate,candidate-include-full,hold-until-source-or-completeness-fixed,institutional-english-compilation-page-mapped,content/source-documents/buffett-partnership-letters/ivey-buffett-partnership-letters.pdf,已定位到 Ivey 英文合编本 PDF 物理页 9—13；仍需逐段校核中文，且不能冒充逐封原件扫描。,https://www.ivey.uwo.ca/media/2975913/buffett-partnership-letters.pdf,buffett-partnership-1960-general,1,institutional-compilation-not-original-scan,4639,9303d7e8ba71c94d952bd758a72c741e9276d306956e5d65bbba22c9c5a5e3d7
buffett,buffett-volume,1961,partnership-letter,1961 年度致合伙人信,content/partnership/partnership_1961-annual-巴菲特致合伙人信.md,zh,full-candidate,primary-authored-translation-candidate,candidate-include-full,hold-until-source-or-completeness-fixed,institutional-english-compilation-page-mapped,content/source-documents/buffett-partnership-letters/ivey-buffett-partnership-letters.pdf,已定位到 Ivey 英文合编本 PDF 物理页 17—25；仍需逐段校核中文，且不能冒充逐封原件扫描。,https://www.ivey.uwo.ca/media/2975913/buffett-partnership-letters.pdf,buffett-partnership-1961-annual,1,institutional-compilation-not-original-scan,9157,313f04f37f26055228fd7c5ce83df9ec8f628bad0238985a4e5f7d89294bf4af
buffett,buffett-volume,1961,partnership-letter,1961 年 年中致合伙人信,content/partnership/partnership_1961-interim-巴菲特致合伙人信.md,zh,full-candidate,primary-authored-translation-candidate,candidate-include-full,hold-until-source-or-completeness-fixed,institutional-english-compilation-page-mapped,content/source-documents/buffett-partnership-letters/ivey-buffett-partnership-letters.pdf,已定位到 Ivey 英文合编本 PDF 物理页 14—16；仍需逐段校核中文，且不能冒充逐封原件扫描。,https://www.ivey.uwo.ca/media/2975913/buffett-partnership-letters.pdf,buffett-partnership-1961-interim,1,institutional-compilation-not-original-scan,2471,38e6f01ff4dad35541532693f2f5ae038927c97e2b6cde022e2e0c43b61f98ae
buffett,buffett-volume,1962,partnership-letter,1962 年 11月致合伙人信,content/partnership/partnership_1962-11月-巴菲特致合伙人信.md,zh,full-candidate,primary-authored-translation-candidate,candidate-include-full,hold-until-source-or-completeness-fixed,institutional-english-compilation-page-mapped,content/source-documents/buffett-partnership-letters/ivey-buffett-partnership-letters.pdf,已定位到 Ivey 英文合编本 PDF 物理页 30—31；仍需逐段校核中文，且不能冒充逐封原件扫描。,https://www.ivey.uwo.ca/media/2975913/buffett-partnership-letters.pdf,buffett-partnership-1962-month-11,1,institutional-compilation-not-original-scan,2040,0b03db75a63552c0f4233fe8ac585bccc57c8bd3afeeb2828fe93870cf6599f6
buffett,buffett-volume,1962,partnership-letter,1962 年 12月致合伙人信,content/partnership/partnership_1962-12月-巴菲特致合伙人信.md,zh,full-candidate,primary-authored-translation-candidate,candidate-include-full,hold-until-original-source-added,no-local-original-language-base,,1962 年 12 月 24 日税务信未出现在 Ivey 合编本。,,buffett-partnership-1962-month-12,1,source-url-missing|local-original-language-base-missing,923,c427df45796111392304bcff1ce1c04115acf02fd54a7fc60cab7da36aa314fa
buffett,buffett-volume,1962,partnership-letter,1962 年度致合伙人信,content/partnership/partnership_1962-annual-巴菲特致合伙人信.md,zh,full-candidate,primary-authored-translation-candidate,candidate-include-full,hold-until-source-or-completeness-fixed,institutional-english-compilation-page-mapped,content/source-documents/buffett-partnership-letters/ivey-buffett-partnership-letters.pdf,已定位到 Ivey 英文合编本 PDF 物理页 32—41；仍需逐段校核中文，且不能冒充逐封原件扫描。,https://www.ivey.uwo.ca/media/2975913/buffett-partnership-letters.pdf,buffett-partnership-1962-annual,1,institutional-compilation-not-original-scan,11837,471765ac166a08d629d4d0cbd6e1a5232e1d9c5de1b8af13378a889fbff4f8d5
buffett,buffett-volume,1962,partnership-letter,1962 年 年中致合伙人信,content/partnership/partnership_1962-interim-巴菲特致合伙人信.md,zh,full-candidate,primary-authored-translation-candidate,candidate-include-full,hold-until-source-or-completeness-fixed,institutional-english-compilation-page-mapped,content/source-documents/buffett-partnership-letters/ivey-buffett-partnership-letters.pdf,已定位到 Ivey 英文合编本 PDF 物理页 26—29；仍需逐段校核中文，且不能冒充逐封原件扫描。,https://www.ivey.uwo.ca/media/2975913/buffett-partnership-letters.pdf,buffett-partnership-1962-interim,1,institutional-compilation-not-original-scan,4804,9c929fcc4ef762e23c6e2a80a1e7d4131bc818d8dac76eb7a71b59e22ab8c38e
buffett,buffett-volume,1963,partnership-letter,1963 年 11月致合伙人信,content/partnership/partnership_1963-11月-巴菲特致合伙人信.md,zh,full-candidate,primary-authored-translation-candidate,candidate-include-full,hold-until-source-or-completeness-fixed,institutional-english-compilation-page-mapped,content/source-documents/buffett-partnership-letters/ivey-buffett-partnership-letters.pdf,已定位到 Ivey 英文合编本 PDF 物理页 49—50；仍需逐段校核中文，且不能冒充逐封原件扫描。,https://www.ivey.uwo.ca/media/2975913/buffett-partnership-letters.pdf,buffett-partnership-1963-month-11,1,institutional-compilation-not-original-scan,1505,65ba6fa58ed332ae53fc5b64c3fc1fd606833424234b7fb0d15afbae60a13eef
buffett,buffett-volume,1963,partnership-letter,1963 年 12月致合伙人信,content/partnership/partnership_1963-12月-巴菲特致合伙人信.md,zh,full-candidate,primary-authored-translation-candidate,candidate-include-full,hold-until-original-source-added,no-local-original-language-base,,1963 年 12 月 26 日税务信未出现在 Ivey 合编本。,,buffett-partnership-1963-month-12,1,source-url-missing|local-original-language-base-missing,843,4509ba404dbf8672e26728aad9f2c1461cc1dbf82d775296c073ba22b2108209
buffett,buffett-volume,1963,partnership-letter,1963 年度致合伙人信,content/partnership/partnership_1963-annual-巴菲特致合伙人信.md,zh,full-candidate,primary-authored-translation-candidate,candidate-include-full,hold-until-source-or-completeness-fixed,institutional-english-compilation-page-mapped,content/source-documents/buffett-partnership-letters/ivey-buffett-partnership-letters.pdf,已定位到 Ivey 英文合编本 PDF 物理页 51—62；仍需逐段校核中文，且不能冒充逐封原件扫描。,https://www.ivey.uwo.ca/media/2975913/buffett-partnership-letters.pdf,buffett-partnership-1963-annual,1,institutional-compilation-not-original-scan,12817,884698f4da4fa41fc54503360b95bf9a9e2fa443bdd94772922c100b789c8f95
buffett,buffett-volume,1963,partnership-letter,1963 年 年中致合伙人信,content/partnership/partnership_1963-interim-巴菲特致合伙人信.md,zh,full-candidate,primary-authored-translation-candidate,candidate-include-full,hold-until-source-or-completeness-fixed,institutional-english-compilation-page-mapped,content/source-documents/buffett-partnership-letters/ivey-buffett-partnership-letters.pdf,已定位到 Ivey 英文合编本 PDF 物理页 42—48；仍需逐段校核中文，且不能冒充逐封原件扫描。,https://www.ivey.uwo.ca/media/2975913/buffett-partnership-letters.pdf,buffett-partnership-1963-interim,1,institutional-compilation-not-original-scan,6339,88d5b2f459de68bcf55cacdc7f84a7a529708ef4c95acc47ee44d25e26f5bf08
buffett,buffett-volume,1964,partnership-letter,1964 年度致合伙人信,content/partnership/partnership_1964-annual-巴菲特致合伙人信.md,zh,full-candidate,primary-authored-translation-candidate,candidate-include-full,hold-until-source-or-completeness-fixed,institutional-english-compilation-page-mapped,content/source-documents/buffett-partnership-letters/ivey-buffett-partnership-letters.pdf,已定位到 Ivey 英文合编本 PDF 物理页 67—78；仍需逐段校核中文，且不能冒充逐封原件扫描。,https://www.ivey.uwo.ca/media/2975913/buffett-partnership-letters.pdf,buffett-partnership-1964-annual,1,institutional-compilation-not-original-scan,15677,a12bb8113117c785b211beb5d0772f3ae2d0e690d9b8f4c2f3543624272e054d
buffett,buffett-volume,1964,partnership-letter,1964 年 年中致合伙人信,content/partnership/partnership_1964-interim-巴菲特致合伙人信.md,zh,full-candidate,primary-authored-translation-candidate,candidate-include-full,hold-until-source-or-completeness-fixed,institutional-english-compilation-page-mapped,content/source-documents/buffett-partnership-letters/ivey-buffett-partnership-letters.pdf,已定位到 Ivey 英文合编本 PDF 物理页 63—66；仍需逐段校核中文，且不能冒充逐封原件扫描。,https://www.ivey.uwo.ca/media/2975913/buffett-partnership-letters.pdf,buffett-partnership-1964-interim,1,institutional-compilation-not-original-scan,4205,3b74c04c99adda17d292483cbf9f5f80eac67662403ab26785ed2a32ed577787
buffett,buffett-volume,1965,partnership-letter,1965 年 11月致合伙人信,content/partnership/partnership_1965-11月-巴菲特致合伙人信.md,zh,full-candidate,primary-authored-translation-candidate,candidate-include-full,hold-until-source-or-completeness-fixed,institutional-english-compilation-page-mapped,content/source-documents/buffett-partnership-letters/ivey-buffett-partnership-letters.pdf,已定位到 Ivey 英文合编本 PDF 物理页 83—84；仍需逐段校核中文，且不能冒充逐封原件扫描。 中文文件在原信签名及附言之后追加了 1963 年‘基本原则’和美国运通解释；这些不是本信正文，正式成书必须剥离。,https://www.ivey.uwo.ca/media/2975913/buffett-partnership-letters.pdf,buffett-partnership-1965-month-11,1,institutional-compilation-not-original-scan,2091,90113307ea2a571ef96cc91401adddbc91eab3dbffe38304149db4c8641b5169
buffett,buffett-volume,1965,partnership-letter,1965 年度致合伙人信,content/partnership/partnership_1965-annual-巴菲特致合伙人信.md,zh,full-candidate,primary-authored-translation-candidate,candidate-include-full,hold-until-source-or-completeness-fixed,institutional-english-compilation-page-mapped,content/source-documents/buffett-partnership-letters/ivey-buffett-partnership-letters.pdf,已定位到 Ivey 英文合编本 PDF 物理页 85—94；仍需逐段校核中文，且不能冒充逐封原件扫描。 中文文件含译者扩充说明脚注，需与英文逐句核对并与本人正文隔离。,https://www.ivey.uwo.ca/media/2975913/buffett-partnership-letters.pdf,buffett-partnership-1965-annual,1,institutional-compilation-not-original-scan,12579,def0243f7740531ba2748a9f88ca9d8a6532ab6c34c920c6c4f8026205f2f378
buffett,buffett-volume,1965,partnership-letter,1965 年 年中致合伙人信,content/partnership/partnership_1965-interim-巴菲特致合伙人信.md,zh,full-candidate,primary-authored-translation-candidate,candidate-include-full,hold-until-source-or-completeness-fixed,institutional-english-compilation-page-mapped,content/source-documents/buffett-partnership-letters/ivey-buffett-partnership-letters.pdf,已定位到 Ivey 英文合编本 PDF 物理页 79—82；仍需逐段校核中文，且不能冒充逐封原件扫描。,https://www.ivey.uwo.ca/media/2975913/buffett-partnership-letters.pdf,buffett-partnership-1965-interim,1,institutional-compilation-not-original-scan,4369,d31c9ff337a6d404c6f3f53b4b28b946f350821efd0da91b558a8c3e930f11a2
buffett,buffett-volume,1966,partnership-letter,1966 年 11月致合伙人信,content/partnership/partnership_1966-11月-巴菲特致合伙人信.md,zh,full-candidate,primary-authored-translation-candidate,candidate-include-full,hold-until-original-source-added,no-local-original-language-base,,1966 年 11 月承诺书信未出现在 Ivey 合编本。,,buffett-partnership-1966-month-11,1,source-url-missing|local-original-language-base-missing,2197,0b78895b1bb1690e31609b8577a3061cfbc67c3cdc9471be4273c9c29ffb34c0
buffett,buffett-volume,1966,partnership-letter,1966 年度致合伙人信,content/partnership/partnership_1966-annual-巴菲特致合伙人信.md,zh,full-candidate,primary-authored-translation-candidate,candidate-include-full,hold-until-source-or-completeness-fixed,institutional-english-compilation-page-mapped,content/source-documents/buffett-partnership-letters/ivey-buffett-partnership-letters.pdf,已定位到 Ivey 英文合编本 PDF 物理页 100—107；仍需逐段校核中文，且不能冒充逐封原件扫描。,https://www.ivey.uwo.ca/media/2975913/buffett-partnership-letters.pdf,buffett-partnership-1966-annual,1,institutional-compilation-not-original-scan,9000,84551bf6e316a23e906dbdcd214c779d63750f7c10c9a7ff5c9c351a292c5abc
buffett,buffett-volume,1966,partnership-letter,1966 年 年中致合伙人信,content/partnership/partnership_1966-interim-巴菲特致合伙人信.md,zh,full-candidate,primary-authored-translation-candidate,candidate-include-full,hold-until-source-or-completeness-fixed,institutional-english-compilation-page-mapped,content/source-documents/buffett-partnership-letters/ivey-buffett-partnership-letters.pdf,已定位到 Ivey 英文合编本 PDF 物理页 95—99；仍需逐段校核中文，且不能冒充逐封原件扫描。,https://www.ivey.uwo.ca/media/2975913/buffett-partnership-letters.pdf,buffett-partnership-1966-interim,1,institutional-compilation-not-original-scan,5679,214446a0a33bc609de1a854e1332a14b8ea9db58331f2438d5ccc7fd2953e94b
buffett,buffett-volume,1967,partnership-letter,1967 年 10月致合伙人信,content/partnership/partnership_1967-10月-巴菲特致合伙人信.md,zh,full-candidate,primary-authored-translation-candidate,candidate-include-full,hold-until-source-or-completeness-fixed,institutional-english-compilation-page-mapped,content/source-documents/buffett-partnership-letters/ivey-buffett-partnership-letters.pdf,已定位到 Ivey 英文合编本 PDF 物理页 111—114；仍需逐段校核中文，且不能冒充逐封原件扫描。,https://www.ivey.uwo.ca/media/2975913/buffett-partnership-letters.pdf,buffett-partnership-1967-month-10,1,institutional-compilation-not-original-scan,4125,631b05fb84a065643971ac19dd7462857d9021c29d269dceede350d8e5f5eac6
buffett,buffett-volume,1967,partnership-letter,1967 年 11月致合伙人信,content/partnership/partnership_1967-11月-巴菲特致合伙人信.md,zh,full-candidate,primary-authored-translation-candidate,candidate-include-full,hold-until-original-source-added,no-local-original-language-base,,1967 年 11 月承诺书信未出现在 Ivey 合编本。,,buffett-partnership-1967-month-11,1,source-url-missing|local-original-language-base-missing,1259,46670f251e782c98c18104ea800070e4aa40378b574c15fb89fbd6386c63eef3
buffett,buffett-volume,1967,partnership-letter,1967 年度致合伙人信,content/partnership/partnership_1967-annual-巴菲特致合伙人信.md,zh,full-candidate,primary-authored-translation-candidate,candidate-include-full,hold-until-source-or-completeness-fixed,institutional-english-compilation-page-mapped,content/source-documents/buffett-partnership-letters/ivey-buffett-partnership-letters.pdf,已定位到 Ivey 英文合编本 PDF 物理页 115—119；仍需逐段校核中文，且不能冒充逐封原件扫描。,https://www.ivey.uwo.ca/media/2975913/buffett-partnership-letters.pdf,buffett-partnership-1967-annual,1,institutional-compilation-not-original-scan,5768,25bfcc0fe272ed195fc0b2202e43baed89d25158cffa86a64921bea6bcd99cb3
buffett,buffett-volume,1967,partnership-letter,1967 年 年中致合伙人信,content/partnership/partnership_1967-interim-巴菲特致合伙人信.md,zh,full-candidate,primary-authored-translation-candidate,candidate-include-full,hold-until-source-or-completeness-fixed,institutional-english-compilation-page-mapped,content/source-documents/buffett-partnership-letters/ivey-buffett-partnership-letters.pdf,已定位到 Ivey 英文合编本 PDF 物理页 108—110；仍需逐段校核中文，且不能冒充逐封原件扫描。,https://www.ivey.uwo.ca/media/2975913/buffett-partnership-letters.pdf,buffett-partnership-1967-interim,1,institutional-compilation-not-original-scan,3502,627eb6b1f1ff686dec417cbe90bd6405294644663ade4d14b32cbddfd58e393e
buffett,buffett-volume,1968,partnership-letter,1968 年 11月致合伙人信,content/partnership/partnership_1968-11月-巴菲特致合伙人信.md,zh,full-candidate,primary-authored-translation-candidate,candidate-include-full,hold-until-original-source-added,no-local-original-language-base,,1968 年 11 月承诺书信未出现在 Ivey 合编本。,,buffett-partnership-1968-month-11,1,source-url-missing|local-original-language-base-missing,1297,04053107c07431e7abc92af4ca51424a96929959fb144f3603ef5b42b1c15409
buffett,buffett-volume,1968,partnership-letter,1968 年度致合伙人信,content/partnership/partnership_1968-annual-巴菲特致合伙人信.md,zh,full-candidate,primary-authored-translation-candidate,candidate-include-full,hold-until-source-or-completeness-fixed,institutional-english-compilation-page-mapped,content/source-documents/buffett-partnership-letters/ivey-buffett-partnership-letters.pdf,已定位到 Ivey 英文合编本 PDF 物理页 123—128；仍需逐段校核中文，且不能冒充逐封原件扫描。,https://www.ivey.uwo.ca/media/2975913/buffett-partnership-letters.pdf,buffett-partnership-1968-annual,1,institutional-compilation-not-original-scan,7595,c06e5ed6decc5ec2bf88cc58c93c2c60d5b6a7b5d4289ada720b197857da0f2b
buffett,buffett-volume,1968,partnership-letter,1968 年 年中致合伙人信,content/partnership/partnership_1968-interim-巴菲特致合伙人信.md,zh,full-candidate,primary-authored-translation-candidate,candidate-include-full,hold-until-source-or-completeness-fixed,institutional-english-compilation-page-mapped,content/source-documents/buffett-partnership-letters/ivey-buffett-partnership-letters.pdf,已定位到 Ivey 英文合编本 PDF 物理页 120—122；仍需逐段校核中文，且不能冒充逐封原件扫描。,https://www.ivey.uwo.ca/media/2975913/buffett-partnership-letters.pdf,buffett-partnership-1968-interim,1,institutional-compilation-not-original-scan,4081,9083aec05e034e332111bbba49aa378442c24e6389745e81221930eb04fa5f48
buffett,buffett-volume,1969,partnership-letter,1969 年 10月致合伙人信,content/partnership/partnership_1969-10月-巴菲特致合伙人信.md,zh,full-candidate,primary-authored-translation-candidate,candidate-include-full,hold-until-source-or-completeness-fixed,institutional-english-compilation-page-mapped,content/source-documents/buffett-partnership-letters/ivey-buffett-partnership-letters.pdf,已定位到 Ivey 英文合编本 PDF 物理页 132—136；仍需逐段校核中文，且不能冒充逐封原件扫描。,https://www.ivey.uwo.ca/media/2975913/buffett-partnership-letters.pdf,buffett-partnership-1969-month-10,1,institutional-compilation-not-original-scan,5732,9b9bdd47ae7a81b692da9513b5a9542d3ed067a0759510cb0a7391391f92085d
buffett,buffett-volume,1969,partnership-letter,1969 年 12月致合伙人信,content/partnership/partnership_1969-12月-巴菲特致合伙人信.md,zh,full-candidate,primary-authored-translation-candidate,candidate-include-full,hold-until-source-or-completeness-fixed,institutional-english-compilation-page-mapped,content/source-documents/buffett-partnership-letters/ivey-buffett-partnership-letters.pdf,已定位到 Ivey 英文合编本 PDF 物理页 137—140；仍需逐段校核中文，且不能冒充逐封原件扫描。,https://www.ivey.uwo.ca/media/2975913/buffett-partnership-letters.pdf,buffett-partnership-1969-month-12,2,institutional-compilation-not-original-scan|version-family-needs-canonical-choice,4415,762643e0a790eee5e75b92653f8b8fe21358ccaadf82bfb68cc357eea129cd04
buffett,buffett-volume,1969,partnership-letter,1969 年 12月26日致合伙人信,content/partnership/partnership_1969-12月26日-巴菲特致合伙人信.md,zh,full-candidate,primary-authored-translation-candidate,candidate-include-full,hold-until-source-or-completeness-fixed,institutional-english-compilation-page-mapped,content/source-documents/buffett-partnership-letters/ivey-buffett-partnership-letters.pdf,已定位到 Ivey 英文合编本 PDF 物理页 141—144；仍需逐段校核中文，且不能冒充逐封原件扫描。,https://www.ivey.uwo.ca/media/2975913/buffett-partnership-letters.pdf,buffett-partnership-1969-month-12,2,institutional-compilation-not-original-scan|version-family-needs-canonical-choice,3946,7885e58d3934498968f1a58ef13464b9b091545304a1199bc3b13ded61d167c2
buffett,buffett-volume,1969,partnership-letter,1969 年 5月致合伙人信,content/partnership/partnership_1969-5月-巴菲特致合伙人信.md,zh,full-candidate,primary-authored-translation-candidate,candidate-include-full,hold-until-source-or-completeness-fixed,institutional-english-compilation-page-mapped,content/source-documents/buffett-partnership-letters/ivey-buffett-partnership-letters.pdf,已定位到 Ivey 英文合编本 PDF 物理页 129—131；仍需逐段校核中文，且不能冒充逐封原件扫描。,https://www.ivey.uwo.ca/media/2975913/buffett-partnership-letters.pdf,buffett-partnership-1969-month-5,1,institutional-compilation-not-original-scan,2878,c99c2ce76a8a5f5f6a26802e84ff3c4e9849cd9ff90129f1f62886ee41513c38
buffett,buffett-volume,1969,partnership-letter,1969 年度致合伙人信,content/partnership/partnership_1969-annual-巴菲特致合伙人信.md,zh,full-candidate,primary-authored-translation-candidate,candidate-include-full,exclude-duplicate-version-from-book,duplicate-markdown-of-mapped-source,,与 content/partnership/partnership_1969-5月-巴菲特致合伙人信.md 对应同一封信，书中不得重复收入。,,buffett-partnership-1969-annual,1,source-url-missing|duplicate-markdown-version-exclude-from-book,6784,a9a8465a1e3e36b276b20b2f0b1450d0d0d715f0212d84641d65bfb3578b72b8
buffett,buffett-volume,1969,partnership-letter,1969 年 清算致合伙人信,content/partnership/partnership_1969-liquidation-巴菲特致合伙人信.md,zh,full-candidate,primary-authored-translation-candidate,candidate-include-full,exclude-duplicate-version-from-book,duplicate-markdown-of-mapped-source,,与 content/partnership/partnership_1969-12月26日-巴菲特致合伙人信.md 对应同一封信，书中不得重复收入。,,buffett-partnership-1969-liquidation,1,source-url-missing|duplicate-markdown-version-exclude-from-book,3723,92c849f0ebf6dbcda77e9ab99089844ba582d9684577dab8d9e357f27f8c28e8
buffett,buffett-volume,1970,partnership-letter,1970 年 免税债券致合伙人信,content/partnership/partnership_1970-bond-巴菲特致合伙人信.md,zh,full-candidate,primary-authored-translation-candidate,candidate-include-full,hold-until-source-or-completeness-fixed,institutional-english-compilation-page-mapped,content/source-documents/buffett-partnership-letters/ivey-buffett-partnership-letters.pdf,已定位到 Ivey 英文合编本 PDF 物理页 145—152；仍需逐段校核中文，且不能冒充逐封原件扫描。,https://www.ivey.uwo.ca/media/2975913/buffett-partnership-letters.pdf,buffett-partnership-1970-bond,1,institutional-compilation-not-original-scan,9473,6563e9eaba7a79ca4f1966175d6b0c3b680c8f80308376fd044bb6d772344612
munger,munger-volume,2005,book-derived-section,人类误判心理学,content/poor-charlies-almanack/11-psychology.md,zh,unknown,primary-transcript-translation-candidate,candidate-primary-review,hold-until-manual-verification,no-local-original-language-base,,本地未找到可直接对应的原文或官方底本。,,,0,completeness-unproven|source-url-missing|local-original-language-base-missing|manual-authorship-or-source-review-required,2407,5efbf25485b09f1e086b8900f70b74d4db9380e2ec370864661a74a07facd615
buffett,buffett-volume,2020,berkshire-annual-meeting-qa,第一部分,content/qa/2020.05 伯克希尔股东大会文字记录.md,zh,unknown,primary-qa-translation-candidate,candidate-include-selection,hold-until-source-or-completeness-fixed,no-local-original-language-base,,本地未找到可直接对应的原文或官方底本。,https://www.yuque.com/cooo/hg40yk/qmktnm,berkshire-meeting-2020,2,source-verification-pending|completeness-unproven|local-original-language-base-missing|version-family-needs-canonical-choice,42143,80699cebb7c59fa27e06e2aabbf3e433b8b728da0150256ecb2902237f25f63d
buffett,buffett-volume,2010,qa-record,巴菲特：慈善中国行 2010,content/qa/巴菲特：慈善中国行_2010.md,zh,unknown,primary-qa-translation-candidate,candidate-include-selection,selection-only-not-full-document,no-local-original-language-base,,本地未找到可直接对应的原文或官方底本。,,,0,completeness-unproven|source-url-missing|local-original-language-base-missing,4894,0bd0abbf8641772feb983ca1b10d05725d8be6f55cd752442d1d38d14ab6c180
both,joint-document-placement-pending,2009,berkshire-annual-meeting-qa,伯克希尔股东大会发布会 2009,content/qa/伯克希尔股东大会发布会_2009.md,zh,unknown,primary-qa-translation-candidate,candidate-include-selection,selection-only-not-full-document,local-english-session-candidates,content/buffettfaq_cnbc/2009/Afternoon_Session_-_2009_Meeting.md|content/buffettfaq_cnbc/2009/Morning_Session_-_2009__Meeting.md|content/buffettfaq_cnbc/2009/Morning_Session_-_2009_Meeting.md,本地有 3 个 CNBC 英文场次文件，仍需与中文问答逐段对齐。,https://buffett.cnbc.com/,berkshire-meeting-2009,2,completeness-unproven|version-family-needs-canonical-choice|joint-document-volume-placement-pending,7915,ba7f389867f35150a26067ddaa5a95037ec3339ff556e39bf88b3bbcb049108f
both,joint-document-placement-pending,1994,berkshire-annual-meeting-qa,1994 年伯克希尔股东大会实录,content/qa/伯克希尔股东大会实录_1994.md,zh,incomplete-or-omitted-sections,primary-qa-translation-candidate,candidate-include-selection,hold-until-source-or-completeness-fixed,local-english-session-candidates,content/buffettfaq_cnbc/1994/Afternoon_Session_-_1994_Meeting.md|content/buffettfaq_cnbc/1994/Morning_Session_-_1994_Meeting.md,本地有 2 个 CNBC 英文场次文件，仍需与中文问答逐段对齐。,,berkshire-meeting-1994,2,explicit-omission-or-missing-text|explicitly-incomplete-document|source-url-missing|version-family-needs-canonical-choice|joint-document-volume-placement-pending,49105,2d1e9011c03cc5c6f205d00e61510e82acc443017d66e59876295dcd65a8ec2e
both,joint-document-placement-pending,1995,berkshire-annual-meeting-qa,1995 年伯克希尔股东大会实录,content/qa/伯克希尔股东大会实录_1995.md,zh,incomplete-or-omitted-sections,primary-qa-translation-candidate,candidate-include-selection,hold-until-source-or-completeness-fixed,local-english-session-candidates,content/buffettfaq_cnbc/1995/Afternoon_Session_-_1995_Meeting.md|content/buffettfaq_cnbc/1995/Morning_Session_-_1995_Meeting.md,本地有 2 个 CNBC 英文场次文件，仍需与中文问答逐段对齐。,,berkshire-meeting-1995,1,explicit-omission-or-missing-text|explicitly-incomplete-document|source-url-missing|joint-document-volume-placement-pending,70314,237fe0c0a2722533b4eb3ea803e7c7d725bf9cbc3058c8292654b88196ee8878
both,joint-document-placement-pending,1996,berkshire-annual-meeting-qa,1996 年伯克希尔股东大会实录,content/qa/伯克希尔股东大会实录_1996.md,zh,incomplete-or-omitted-sections,primary-qa-translation-candidate,candidate-include-selection,hold-until-source-or-completeness-fixed,local-english-session-candidates,content/buffettfaq_cnbc/1996/Afternoon_Session_-_1996_Meeting.md|content/buffettfaq_cnbc/1996/Morning_Session_-_1996_Meeting.md,本地有 2 个 CNBC 英文场次文件，仍需与中文问答逐段对齐。,,berkshire-meeting-1996,1,explicit-omission-or-missing-text|explicitly-incomplete-document|source-url-missing|joint-document-volume-placement-pending,79749,662314d861e35d2c761fa43add68ea18cb7579817e0062f0fd16fa0a4e366152
both,joint-document-placement-pending,1997,berkshire-annual-meeting-qa,1997 年伯克希尔股东大会实录,content/qa/伯克希尔股东大会实录_1997.md,zh,incomplete-or-omitted-sections,primary-qa-translation-candidate,candidate-include-selection,hold-until-source-or-completeness-fixed,local-english-session-candidates,content/buffettfaq_cnbc/1997/Afternoon_Session_-_1997_Meeting.md|content/buffettfaq_cnbc/1997/Morning_Session_-_1997_Meeting.md,本地有 2 个 CNBC 英文场次文件，仍需与中文问答逐段对齐。,https://en.wikipedia.org/wiki/Yogi_Berra,berkshire-meeting-1997,1,explicit-omission-or-missing-text|explicitly-incomplete-document|joint-document-volume-placement-pending,83386,003315a86602efabc32c693ea245c39e4ced88859f750c30509a036e2190e985
both,joint-document-placement-pending,1998,berkshire-annual-meeting-qa,1998 年伯克希尔股东大会实录,content/qa/伯克希尔股东大会实录_1998.md,zh,incomplete-or-omitted-sections,primary-qa-translation-candidate,candidate-include-selection,hold-until-source-or-completeness-fixed,local-english-session-candidates,content/buffettfaq_cnbc/1998/Afternoon_Session_-_1998_Meeting.md|content/buffettfaq_cnbc/1998/Morning_Session_-_1998_Meeting.md,本地有 2 个 CNBC 英文场次文件，仍需与中文问答逐段对齐。,,berkshire-meeting-1998,1,explicit-omission-or-missing-text|explicitly-incomplete-document|source-url-missing|joint-document-volume-placement-pending,86760,4d73aa9736c15b7dc28653a983dc05aa0295543e14b85a3816b01a6393e924a2
both,joint-document-placement-pending,1999,berkshire-annual-meeting-qa,1999 年伯克希尔股东大会实录,content/qa/伯克希尔股东大会实录_1999.md,zh,incomplete-or-omitted-sections,primary-qa-translation-candidate,candidate-include-selection,hold-until-source-or-completeness-fixed,local-english-session-candidates,content/buffettfaq_cnbc/1999/Afternoon_Session_-_1999_Meeting.md|content/buffettfaq_cnbc/1999/Morning_Session_-_1999_Meeting.md,本地有 2 个 CNBC 英文场次文件，仍需与中文问答逐段对齐。,,berkshire-meeting-1999,1,explicit-omission-or-missing-text|explicitly-incomplete-document|source-url-missing|joint-document-volume-placement-pending,82772,d91c819cb776858a78d8430048a12af7592ab8caa3714d32a146f7c59677d42e
both,joint-document-placement-pending,2000,berkshire-annual-meeting-qa,伯克希尔股东大会实录 2000,content/qa/伯克希尔股东大会实录_2000.md,zh,full-candidate,primary-qa-translation-candidate,candidate-include-full,provisional-full-candidate-not-yet-approved,local-english-session-candidates,content/buffettfaq_cnbc/2000/Afternoon_Session_-_2000_Meeting.md|content/buffettfaq_cnbc/2000/Morning_Session_-_2000_Meeting.md,本地有 2 个 CNBC 英文场次文件，仍需与中文问答逐段对齐。,,berkshire-meeting-2000,1,source-url-missing|joint-document-volume-placement-pending,76596,8d2a5160cc9d10cd330d42d313881238ea52caa478fda4504f2d7c331249a04d
both,joint-document-placement-pending,2001,berkshire-annual-meeting-qa,伯克希尔股东大会实录 2001,content/qa/伯克希尔股东大会实录_2001.md,zh,full-candidate,primary-qa-translation-candidate,candidate-include-full,provisional-full-candidate-not-yet-approved,local-english-session-candidates,content/buffettfaq_cnbc/2001/Afternoon_Session_-_2001_Meeting.md|content/buffettfaq_cnbc/2001/Morning_Session_-_2001_Meeting.md,本地有 2 个 CNBC 英文场次文件，仍需与中文问答逐段对齐。,,berkshire-meeting-2001,1,source-url-missing|joint-document-volume-placement-pending,83749,2755cf528a6906a143b27ed0d0f365b1545eec9b3afbb8352122dbf923485ca3
both,joint-document-placement-pending,2002,berkshire-annual-meeting-qa,伯克希尔股东大会实录 2002,content/qa/伯克希尔股东大会实录_2002.md,zh,full-candidate,primary-qa-translation-candidate,candidate-include-full,provisional-full-candidate-not-yet-approved,local-english-session-candidates,content/buffettfaq_cnbc/2002/Afternoon_Session_-_2002_Meeting.md|content/buffettfaq_cnbc/2002/Morning_Session_-_2002_Meeting.md,本地有 2 个 CNBC 英文场次文件，仍需与中文问答逐段对齐。,,berkshire-meeting-2002,1,source-url-missing|joint-document-volume-placement-pending,96508,a3e4ff891ba69a19f25f354354c8e79dcb4b678e44f501a2aff4b51e365122a0
both,joint-document-placement-pending,2003,berkshire-annual-meeting-qa,2003 年伯克希尔股东大会实录,content/qa/伯克希尔股东大会实录_2003.md,zh,incomplete-or-omitted-sections,primary-qa-translation-candidate,candidate-include-selection,hold-until-source-or-completeness-fixed,local-english-session-candidates,content/buffettfaq_cnbc/2003/Afternoon_Session_-_2003_Meeting.md|content/buffettfaq_cnbc/2003/Morning_Session_-_2003_Meeting.md,本地有 2 个 CNBC 英文场次文件，仍需与中文问答逐段对齐。,https://xueqiu.com/S/WMT?from=status_stock_match,berkshire-meeting-2003,1,explicit-omission-or-missing-text|explicitly-incomplete-document|joint-document-volume-placement-pending,96874,3f4baaf3dfdd685d87f73a4c4c0346176f6694d53be6f382122787b45470b814
both,joint-document-placement-pending,2004,berkshire-annual-meeting-qa,2004 年伯克希尔股东大会实录,content/qa/伯克希尔股东大会实录_2004.md,zh,incomplete-or-omitted-sections,primary-qa-translation-candidate,candidate-include-selection,hold-until-source-or-completeness-fixed,local-english-session-candidates,content/buffettfaq_cnbc/2004/Afternoon_Session_-_2004_Meeting.md|content/buffettfaq_cnbc/2004/Morning_Session_-_2004_Meeting.md,本地有 2 个 CNBC 英文场次文件，仍需与中文问答逐段对齐。,https://xueqiu.com/S/WMT?from=status_stock_match,berkshire-meeting-2004,1,explicit-omission-or-missing-text|explicitly-incomplete-document|joint-document-volume-placement-pending,87451,fd77c5f71e75679dc0520090b43e7d9bd1499907db8c0a6923d1ccfc169a2f42
both,joint-document-placement-pending,2005,berkshire-annual-meeting-qa,2005 年伯克希尔股东大会实录,content/qa/伯克希尔股东大会实录_2005.md,zh,incomplete-or-omitted-sections,primary-qa-translation-candidate,candidate-include-selection,hold-until-source-or-completeness-fixed,local-english-session-candidates,content/buffettfaq_cnbc/2005/Afternoon_Session_-_2005_Meeting.md|content/buffettfaq_cnbc/2005/Morning_Session_-_2005_Meeting.md,本地有 2 个 CNBC 英文场次文件，仍需与中文问答逐段对齐。,https://xueqiu.com/S/ATRN?from=status_stock_match,berkshire-meeting-2005,1,explicit-omission-or-missing-text|explicitly-incomplete-document|joint-document-volume-placement-pending,86113,6290a3d2320613b53668dd2db8220cc54fcff5f9d4d96869b2511ef37c2f9ce0
both,joint-document-placement-pending,2006,berkshire-annual-meeting-qa,2006 年伯克希尔股东大会实录,content/qa/伯克希尔股东大会实录_2006.md,zh,incomplete-or-omitted-sections,primary-qa-translation-candidate,candidate-include-selection,hold-until-source-or-completeness-fixed,local-english-session-candidates,content/buffettfaq_cnbc/2006/Afternoon_Session_-_2006_Meeting.md|content/buffettfaq_cnbc/2006/Morning_Session_-_2006_Meeting.md,本地有 2 个 CNBC 英文场次文件，仍需与中文问答逐段对齐。,https://xueqiu.com/S/KO?from=status_stock_match,berkshire-meeting-2006,1,explicit-omission-or-missing-text|explicitly-incomplete-document|joint-document-volume-placement-pending,78527,463bbe909f5c9df37cc2ca027aa25ee200641f88e2e0ffc797d1b707612088cb
both,joint-document-placement-pending,2007,berkshire-annual-meeting-qa,2007 年伯克希尔股东大会实录,content/qa/伯克希尔股东大会实录_2007.md,zh,incomplete-or-omitted-sections,primary-qa-translation-candidate,candidate-include-selection,hold-until-source-or-completeness-fixed,local-english-session-candidates,content/buffettfaq_cnbc/2007/Afternoon_Session_-_2007_Meeting.md|content/buffettfaq_cnbc/2007/Morning_Session_-_2007_Meeting.md,本地有 2 个 CNBC 英文场次文件，仍需与中文问答逐段对齐。,https://xueqiu.com/S/NYT?from=status_stock_match,berkshire-meeting-2007,1,explicit-omission-or-missing-text|explicitly-incomplete-document|joint-document-volume-placement-pending,95398,310cee8d6b8d3cba650258cc2d29cd4a5f23a8948ea7c2fa40270fa4f668785e
both,joint-document-placement-pending,2008,berkshire-annual-meeting-qa,2008 年伯克希尔股东大会实录,content/qa/伯克希尔股东大会实录_2008.md,zh,incomplete-or-omitted-sections,primary-qa-translation-candidate,candidate-include-selection,hold-until-source-or-completeness-fixed,local-english-session-candidates,content/buffettfaq_cnbc/2008/Afternoon_Session_-_2008_Meeting.md|content/buffettfaq_cnbc/2008/Morning_Session_-_2008_Meeting.md,本地有 2 个 CNBC 英文场次文件，仍需与中文问答逐段对齐。,https://xueqiu.com/S/KO?from=status_stock_match,berkshire-meeting-2008,1,explicit-omission-or-missing-text|explicitly-incomplete-document|joint-document-volume-placement-pending,81226,af1452dd7a8c41552ec7b1d5aeca6206f30885f2ead76ddd1301786d6500865d
both,joint-document-placement-pending,2009,berkshire-annual-meeting-qa,2009 年伯克希尔股东大会实录,content/qa/伯克希尔股东大会实录_2009.md,zh,incomplete-or-omitted-sections,primary-qa-translation-candidate,candidate-include-selection,hold-until-source-or-completeness-fixed,local-english-session-candidates,content/buffettfaq_cnbc/2009/Afternoon_Session_-_2009_Meeting.md|content/buffettfaq_cnbc/2009/Morning_Session_-_2009__Meeting.md|content/buffettfaq_cnbc/2009/Morning_Session_-_2009_Meeting.md,本地有 3 个 CNBC 英文场次文件，仍需与中文问答逐段对齐。,https://xueqiu.com/S/NYT?from=status_stock_match,berkshire-meeting-2009,2,explicit-omission-or-missing-text|explicitly-incomplete-document|version-family-needs-canonical-choice|joint-document-volume-placement-pending,92130,d5cab5fcdb20eb3702f2d63b43d4eb30d612367b57ab95531a071002e51916da
both,joint-document-placement-pending,2010,berkshire-annual-meeting-qa,2010 年伯克希尔股东大会实录,content/qa/伯克希尔股东大会实录_2010.md,zh,incomplete-or-omitted-sections,primary-qa-translation-candidate,candidate-include-selection,hold-until-source-or-completeness-fixed,local-english-session-candidates,content/buffettfaq_cnbc/2010/Afternoon_Session_-_2010_Meeting.md|content/buffettfaq_cnbc/2010/Morning_Session_-_2010_Meeting.md,本地有 2 个 CNBC 英文场次文件，仍需与中文问答逐段对齐。,https://xueqiu.com/S/NYT?from=status_stock_match,berkshire-meeting-2010,1,explicit-omission-or-missing-text|explicitly-incomplete-document|joint-document-volume-placement-pending,91039,66c4f0d979494d95a097def16b4cc3d9b41afb11642e93ab4b67918ca7dc8fc0
both,joint-document-placement-pending,2011,berkshire-annual-meeting-qa,2011 年伯克希尔股东大会实录,content/qa/伯克希尔股东大会实录_2011.md,zh,incomplete-or-omitted-sections,primary-qa-translation-candidate,candidate-include-selection,hold-until-source-or-completeness-fixed,local-english-session-candidates,content/buffettfaq_cnbc/2011/Afternoon_Session_-_2011_Meeting.md|content/buffettfaq_cnbc/2011/Morning_Session_-_2011_Meeting.md,本地有 2 个 CNBC 英文场次文件，仍需与中文问答逐段对齐。,https://xueqiu.com/S/CRI?from=status_stock_match,berkshire-meeting-2011,1,explicit-omission-or-missing-text|explicitly-incomplete-document|joint-document-volume-placement-pending,86001,d3deeedea8515b56400349ee53ccd31911fde5fbb0af12f1c4a7a75d44e20e26
buffett,buffett-volume,2012,berkshire-annual-meeting-qa,2012 年伯克希尔股东大会实录,content/qa/伯克希尔股东大会实录_2012.md,zh,incomplete-or-omitted-sections,primary-qa-translation-candidate,candidate-include-selection,hold-until-source-or-completeness-fixed,local-english-session-candidates,content/buffettfaq_cnbc/2012/Afternoon_Session_-_2012_Meeting.md|content/buffettfaq_cnbc/2012/Morning_Session_-_2012_Meeting.md,本地有 2 个 CNBC 英文场次文件，仍需与中文问答逐段对齐。,https://xueqiu.com/S/GS?from=status_stock_match,berkshire-meeting-2012,1,explicit-omission-or-missing-text|explicitly-incomplete-document,94067,7fae2f5103144ae95de6c5916163c6faa16ad01cd3873d622f614976f075698c
both,joint-document-placement-pending,2013,berkshire-annual-meeting-qa,2013 年伯克希尔股东大会实录,content/qa/伯克希尔股东大会实录_2013.md,zh,incomplete-or-omitted-sections,primary-qa-translation-candidate,candidate-include-selection,hold-until-source-or-completeness-fixed,local-english-session-candidates,content/buffettfaq_cnbc/2013/Afternoon_Session_-_2013_Meeting.md|content/buffettfaq_cnbc/2013/Morning_Session_-_2013_Meeting.md,本地有 2 个 CNBC 英文场次文件，仍需与中文问答逐段对齐。,https://xueqiu.com/S/CP?from=status_stock_match,berkshire-meeting-2013,1,explicit-omission-or-missing-text|explicitly-incomplete-document|joint-document-volume-placement-pending,87219,feadcd244374abb89c6bed35d20568c0bd243a87c2091b8ac048ce93435babee
both,joint-document-placement-pending,2014,berkshire-annual-meeting-qa,2014 年伯克希尔股东大会实录,content/qa/伯克希尔股东大会实录_2014.md,zh,selection-or-excerpt,primary-qa-translation-candidate,candidate-include-selection,selection-only-not-full-document,local-english-session-candidates,content/buffettfaq_cnbc/2014/Afternoon_Session_-_2014_Meeting.md|content/buffettfaq_cnbc/2014/Morning_Session_-_2014_Meeting.md,本地有 2 个 CNBC 英文场次文件，仍需与中文问答逐段对齐。,https://xueqiu.com/S/PEP?from=status_stock_match,berkshire-meeting-2014,1,explicit-omission-or-missing-text|selection-not-full-document|joint-document-volume-placement-pending,98185,18d5dd07f6925c3a63aec3bc01f7a849eb0e3a26abe11c87e63ef919cd2c7131
both,joint-document-placement-pending,2015,berkshire-annual-meeting-qa,2015 年伯克希尔股东大会实录,content/qa/伯克希尔股东大会实录_2015.md,zh,incomplete-or-omitted-sections,primary-qa-translation-candidate,candidate-include-selection,hold-until-source-or-completeness-fixed,local-english-session-candidates,content/buffettfaq_cnbc/2015/Afternoon_Session_-_2015_Meeting.md|content/buffettfaq_cnbc/2015/Morning_Session_-_2015_Meeting.md,本地有 2 个 CNBC 英文场次文件，仍需与中文问答逐段对齐。,https://xueqiu.com/S/M?from=status_stock_match,berkshire-meeting-2015,1,explicit-omission-or-missing-text|explicitly-incomplete-document|joint-document-volume-placement-pending,92597,d7aea69bce44b92276bf780140b07cccb0a6c0112d7431d5006c501e23e588a2
both,joint-document-placement-pending,2016,berkshire-annual-meeting-qa,伯克希尔股东大会实录 2016,content/qa/伯克希尔股东大会实录_2016.md,zh,full-candidate,primary-qa-translation-candidate,candidate-include-full,provisional-full-candidate-not-yet-approved,local-english-session-candidates,content/buffettfaq_cnbc/2016/Afternoon_Session_-_2016_Meeting.md|content/buffettfaq_cnbc/2016/Morning_Session_-_2016_Meeting.md,本地有 2 个 CNBC 英文场次文件，仍需与中文问答逐段对齐。,https://buffett.cnbc.com/,berkshire-meeting-2016,1,joint-document-volume-placement-pending,90296,89a6b998997fa87b10ec42225ba2f17d8c2c1d1843266b289b0aeb8ca18d9ec4
both,joint-document-placement-pending,2017,berkshire-annual-meeting-qa,伯克希尔股东大会实录 2017,content/qa/伯克希尔股东大会实录_2017.md,zh,full-candidate,primary-qa-translation-candidate,candidate-include-full,provisional-full-candidate-not-yet-approved,local-english-session-candidates,content/buffettfaq_cnbc/2017/Afternoon_Session_-_2017_Meeting.md|content/buffettfaq_cnbc/2017/Morning_Session_-_2017_Meeting.md,本地有 2 个 CNBC 英文场次文件，仍需与中文问答逐段对齐。,https://buffett.cnbc.com/,berkshire-meeting-2017,1,joint-document-volume-placement-pending,94942,84626d523b4bba8af591c7d8a5ac281a8c8e8ad39e2c3b9fd48fa8e8440bba3a
both,joint-document-placement-pending,2018,berkshire-annual-meeting-qa,伯克希尔股东大会实录 2018,content/qa/伯克希尔股东大会实录_2018.md,zh,full-candidate,primary-qa-translation-candidate,candidate-include-full,provisional-full-candidate-not-yet-approved,local-english-session-candidates,content/buffettfaq_cnbc/2018/Afternoon_Session_-_2018_Meeting.md|content/buffettfaq_cnbc/2018/Morning_Session_-_2018_Meeting.md,本地有 2 个 CNBC 英文场次文件，仍需与中文问答逐段对齐。,https://buffett.cnbc.com/,berkshire-meeting-2018,1,joint-document-volume-placement-pending,84860,fa2031d090011192251a9daafe682c16eeba5579783526b1117e8eaf68671c0a
both,joint-document-placement-pending,2019,berkshire-annual-meeting-qa,伯克希尔股东大会实录 2019,content/qa/伯克希尔股东大会实录_2019.md,zh,full-candidate,primary-qa-translation-candidate,candidate-include-full,provisional-full-candidate-not-yet-approved,local-english-session-candidates,content/buffettfaq_cnbc/2019/Afternoon_Session_-_2019_Meeting.md|content/buffettfaq_cnbc/2019/Morning_Session_-_2019_Meeting.md,本地有 2 个 CNBC 英文场次文件，仍需与中文问答逐段对齐。,https://buffett.cnbc.com/,berkshire-meeting-2019,1,joint-document-volume-placement-pending,89635,84e2c3dd6b7a03b8fb7479f0914601b538385625361a26f5b24bd88ae1216d60
buffett,buffett-volume,2020,berkshire-annual-meeting-qa,伯克希尔股东大会实录 2020,content/qa/伯克希尔股东大会实录_2020.md,zh,full-candidate,primary-qa-translation-candidate,candidate-include-full,hold-until-original-source-added,no-local-original-language-base,,本地未找到可直接对应的原文或官方底本。,,berkshire-meeting-2020,2,source-url-missing|local-original-language-base-missing|version-family-needs-canonical-choice,42132,99793f7951d6568a7bdc35ef4ba8686b11c7ece9f6d55c2fa8f8a17f15ca3d56
both,joint-document-placement-pending,2021,berkshire-annual-meeting-qa,伯克希尔股东大会实录 2021,content/qa/伯克希尔股东大会实录_2021.md,zh,full-candidate,primary-qa-translation-candidate,candidate-include-full,hold-until-original-source-added,no-local-original-language-base,,本地未找到可直接对应的原文或官方底本。,,berkshire-meeting-2021,1,source-url-missing|local-original-language-base-missing|joint-document-volume-placement-pending,60937,5afc89a09f1b5ed7beef0ce4c0f525d8f68a68e65abee5324031696dc7466bd1
both,joint-document-placement-pending,2022,berkshire-annual-meeting-qa,伯克希尔股东大会实录 2022,content/qa/伯克希尔股东大会实录_2022.md,zh,full-candidate,primary-qa-translation-candidate,candidate-include-full,provisional-full-candidate-not-yet-approved,local-english-session-candidates,content/buffettfaq_cnbc/2022/Afternoon_Session_-_2022_Meeting.md|content/buffettfaq_cnbc/2022/Morning_Session_-_2022_Meeting.md,本地有 2 个 CNBC 英文场次文件，仍需与中文问答逐段对齐。,https://buffett.cnbc.com/,berkshire-meeting-2022,1,joint-document-volume-placement-pending,90573,e44ba462cabca8681ce0d55609ef1710f8cac8a91c1aedbf884599dd0780bea1
both,joint-document-placement-pending,2023,berkshire-annual-meeting-qa,伯克希尔股东大会实录 2023,content/qa/伯克希尔股东大会实录_2023.md,zh,full-candidate,primary-qa-translation-candidate,candidate-include-full,provisional-full-candidate-not-yet-approved,local-english-session-candidates,content/buffettfaq_cnbc/2023/Afternoon_Session_-_2023_Meeting.md|content/buffettfaq_cnbc/2023/Morning_Session_-_2023_Meeting.md,本地有 2 个 CNBC 英文场次文件，仍需与中文问答逐段对齐。,https://buffett.cnbc.com/,berkshire-meeting-2023,2,version-family-needs-canonical-choice|joint-document-volume-placement-pending,78853,37635be5463d6debe97e5b37c4718f8bddb4a11f9430f1e3826fa5aeaeb92cbc
both,joint-document-placement-pending,2024,berkshire-annual-meeting-qa,伯克希尔股东大会实录 2024,content/qa/伯克希尔股东大会实录_2024.md,zh,full-candidate,chronology-conflict-or-mixed-historical-material,candidate-primary-review,hold-until-manual-verification,local-english-session-candidates,content/buffettfaq_cnbc/2024/Afternoon_Session_-_2024_Meeting.md|content/buffettfaq_cnbc/2024/Morning_Session_-_2024_Meeting.md,本地有 2 个 CNBC 英文场次文件，仍需与中文问答逐段对齐。,https://buffett.cnbc.com/,berkshire-meeting-2024,1,munger-speech-after-2023-check-historical-or-misdated|manual-authorship-or-source-review-required|joint-document-volume-placement-pending,76386,f29bff28a03f922b6ba2e960319ce76dc92bc70904aa57ec13612379837c2c46
both,joint-document-placement-pending,2025,berkshire-annual-meeting-qa,伯克希尔股东大会实录 2025,content/qa/伯克希尔股东大会实录_2025.md,zh,full-candidate,chronology-conflict-or-mixed-historical-material,candidate-primary-review,hold-until-manual-verification,local-english-session-candidates,content/buffettfaq_cnbc/2025/Afternoon_Session_-_2025_Meeting.md|content/buffettfaq_cnbc/2025/Morning_Session_-_2025_Meeting.md,本地有 2 个 CNBC 英文场次文件，仍需与中文问答逐段对齐。,https://buffett.cnbc.com/,berkshire-meeting-2025,1,munger-speech-after-2023-check-historical-or-misdated|manual-authorship-or-source-review-required|joint-document-volume-placement-pending,53742,cd43fe9e2ac21b29548893aa9b7c089b9009f2ddd66199494a8e3714261df870
both,joint-document-placement-pending,1985,berkshire-annual-meeting-qa,伯克希尔股东大会问答 1985,content/qa/伯克希尔股东大会问答_1985.md,zh,selection-or-excerpt,primary-qa-translation-candidate,candidate-include-selection,selection-only-not-full-document,no-local-original-language-base,,本地未找到可直接对应的原文或官方底本。,,berkshire-meeting-1985,1,selection-not-full-document|source-url-missing|local-original-language-base-missing|joint-document-volume-placement-pending,2079,c5b977287f7a43762545618f244ad66f85c55371ca8b4c2ff5ec8ad8c7094009
both,joint-document-placement-pending,1986,berkshire-annual-meeting-qa,伯克希尔股东大会问答 1986,content/qa/伯克希尔股东大会问答_1986.md,zh,selection-or-excerpt,primary-qa-translation-candidate,candidate-include-selection,selection-only-not-full-document,no-local-original-language-base,,本地未找到可直接对应的原文或官方底本。,,berkshire-meeting-1986,1,selection-not-full-document|source-url-missing|local-original-language-base-missing|joint-document-volume-placement-pending,7775,d9c285ad640425f69448383361a79b2e278d89bc1797ffdc953875c88d49d48f
both,joint-document-placement-pending,1987,berkshire-annual-meeting-qa,伯克希尔股东大会问答 1987,content/qa/伯克希尔股东大会问答_1987.md,zh,selection-or-excerpt,primary-qa-translation-candidate,candidate-include-selection,selection-only-not-full-document,no-local-original-language-base,,本地未找到可直接对应的原文或官方底本。,,berkshire-meeting-1987,1,selection-not-full-document|source-url-missing|local-original-language-base-missing|joint-document-volume-placement-pending,11505,089bc27647ac5415b5b646403321aeb3b6ec35e6e89882e1db1eab550062575d
both,joint-document-placement-pending,1988,berkshire-annual-meeting-qa,伯克希尔股东大会问答 1988,content/qa/伯克希尔股东大会问答_1988.md,zh,selection-or-excerpt,primary-qa-translation-candidate,candidate-include-selection,selection-only-not-full-document,no-local-original-language-base,,本地未找到可直接对应的原文或官方底本。,,berkshire-meeting-1988,1,selection-not-full-document|source-url-missing|local-original-language-base-missing|joint-document-volume-placement-pending,15942,dc819bab7e1267b896dcf17cd01889215247cc57906b085e3764712136cf191d
both,joint-document-placement-pending,1989,berkshire-annual-meeting-qa,伯克希尔股东大会问答 1989,content/qa/伯克希尔股东大会问答_1989.md,zh,selection-or-excerpt,primary-qa-translation-candidate,candidate-include-selection,selection-only-not-full-document,no-local-original-language-base,,本地未找到可直接对应的原文或官方底本。,,berkshire-meeting-1989,1,selection-not-full-document|source-url-missing|local-original-language-base-missing|joint-document-volume-placement-pending,18582,0e78173467109727ba62ea61fe203a83f99e804117432db1338152c122281ecb
both,joint-document-placement-pending,1990,berkshire-annual-meeting-qa,伯克希尔股东大会问答 1990,content/qa/伯克希尔股东大会问答_1990.md,zh,selection-or-excerpt,primary-qa-translation-candidate,candidate-include-selection,selection-only-not-full-document,no-local-original-language-base,,本地未找到可直接对应的原文或官方底本。,,berkshire-meeting-1990,1,selection-not-full-document|source-url-missing|local-original-language-base-missing|joint-document-volume-placement-pending,15522,e084ee12c5af7dc4d7a1cfb2e5beb89b8fe957a1395389eb25aaef966aefcd90
both,joint-document-placement-pending,1991,berkshire-annual-meeting-qa,伯克希尔股东大会问答 1991,content/qa/伯克希尔股东大会问答_1991.md,zh,selection-or-excerpt,primary-qa-translation-candidate,candidate-include-selection,selection-only-not-full-document,no-local-original-language-base,,本地未找到可直接对应的原文或官方底本。,,berkshire-meeting-1991,1,selection-not-full-document|source-url-missing|local-original-language-base-missing|joint-document-volume-placement-pending,34641,a0a61d59a4bf73bda6223f0a21955b8f78ef3f4bef7d3faa0df487cf4c81f15b
both,joint-document-placement-pending,1992,berkshire-annual-meeting-qa,伯克希尔股东大会问答 1992,content/qa/伯克希尔股东大会问答_1992.md,zh,selection-or-excerpt,primary-qa-translation-candidate,candidate-include-selection,selection-only-not-full-document,no-local-original-language-base,,本地未找到可直接对应的原文或官方底本。,,berkshire-meeting-1992,1,selection-not-full-document|source-url-missing|local-original-language-base-missing|joint-document-volume-placement-pending,38402,278df24778379cc92daa587ba292bb4d134e160ae2588f37f5c21008ca2bfa66
both,joint-document-placement-pending,1993,berkshire-annual-meeting-qa,伯克希尔股东大会问答 1993,content/qa/伯克希尔股东大会问答_1993.md,zh,selection-or-excerpt,primary-qa-translation-candidate,candidate-include-selection,selection-only-not-full-document,no-local-original-language-base,,本地未找到可直接对应的原文或官方底本。,,berkshire-meeting-1993,1,selection-not-full-document|source-url-missing|local-original-language-base-missing|joint-document-volume-placement-pending,51013,3b1b789ca4a4a1c2db1d9b0388f555a4430fb2501f0b8040dc113cb29989a2df
munger,munger-volume,1987,wesco-annual-meeting-qa,Wesco 股东大会 1987,content/qa/Wesco_股东大会_1987.md,zh,selection-or-excerpt,primary-qa-translation-candidate,candidate-include-selection,selection-only-not-full-document,no-local-original-language-base,,本地未找到可直接对应的原文或官方底本。,,munger-wesco-meeting-1987,1,selection-not-full-document|source-url-missing|local-original-language-base-missing,6585,f29ef796adc0c312ed4dd1033843515b38426b8ff238d53bf3e50d57d64a6d6c
munger,munger-volume,1988,wesco-annual-meeting-qa,Wesco 股东大会 1988,content/qa/Wesco_股东大会_1988.md,zh,selection-or-excerpt,primary-qa-translation-candidate,candidate-include-selection,selection-only-not-full-document,no-local-original-language-base,,本地未找到可直接对应的原文或官方底本。,,munger-wesco-meeting-1988,1,selection-not-full-document|source-url-missing|local-original-language-base-missing,5040,464f882059c885777bb9862d31c33d5ba1d95a7cf79513eedc3ce0c7dbc0880a
munger,munger-volume,1989,wesco-annual-meeting-qa,Wesco 股东大会 1989,content/qa/Wesco_股东大会_1989.md,zh,selection-or-excerpt,primary-qa-translation-candidate,candidate-include-selection,selection-only-not-full-document,no-local-original-language-base,,本地未找到可直接对应的原文或官方底本。,,munger-wesco-meeting-1989,1,selection-not-full-document|source-url-missing|local-original-language-base-missing,27007,e09dd6d76bd391b2e84a65db3fa196fc7122750db94d507f5c487d56a300862a
munger,munger-volume,1990,wesco-annual-meeting-qa,Wesco 股东大会 1990,content/qa/Wesco_股东大会_1990.md,zh,selection-or-excerpt,primary-qa-translation-candidate,candidate-include-selection,selection-only-not-full-document,no-local-original-language-base,,本地未找到可直接对应的原文或官方底本。,,munger-wesco-meeting-1990,1,selection-not-full-document|source-url-missing|local-original-language-base-missing,12325,f2c3ee48af6487d34794b5edf8cd0d4149bd67e2e217c59606a66c2dc99ad095
munger,munger-volume,1991,wesco-annual-meeting-qa,Wesco 股东大会 1991,content/qa/Wesco_股东大会_1991.md,zh,selection-or-excerpt,primary-qa-translation-candidate,candidate-include-selection,selection-only-not-full-document,no-local-original-language-base,,本地未找到可直接对应的原文或官方底本。,,munger-wesco-meeting-1991,1,selection-not-full-document|source-url-missing|local-original-language-base-missing,5982,441b9749b7cfe32b3a161c5e73687a40c9ec73ac16c82cb403638e25f2f514f6
munger,munger-volume,1992,wesco-annual-meeting-qa,Wesco 股东大会 1992,content/qa/Wesco_股东大会_1992.md,zh,selection-or-excerpt,primary-qa-translation-candidate,candidate-include-selection,selection-only-not-full-document,no-local-original-language-base,,本地未找到可直接对应的原文或官方底本。,,munger-wesco-meeting-1992,1,selection-not-full-document|source-url-missing|local-original-language-base-missing,7156,6d2fe230fef4e768856b109623b1dcafea9364f1027da20a9b4b262d83eda95b
munger,munger-volume,1993,wesco-annual-meeting-qa,Wesco 股东大会 1993,content/qa/Wesco_股东大会_1993.md,zh,selection-or-excerpt,primary-qa-translation-candidate,candidate-include-selection,selection-only-not-full-document,no-local-original-language-base,,本地未找到可直接对应的原文或官方底本。,,munger-wesco-meeting-1993,1,selection-not-full-document|source-url-missing|local-original-language-base-missing,13368,c772e0b72412a03a81816647295e447ece60f60bcfce66a760f2d70479aef88a
munger,munger-volume,1994,wesco-annual-meeting-qa,Wesco 股东大会 1994,content/qa/Wesco_股东大会_1994.md,zh,selection-or-excerpt,primary-qa-translation-candidate,candidate-include-selection,selection-only-not-full-document,no-local-original-language-base,,本地未找到可直接对应的原文或官方底本。,,munger-wesco-meeting-1994,1,selection-not-full-document|source-url-missing|local-original-language-base-missing,10778,625284acfb1ae8a0214fd1aebb660f479886b8a12278afd2d117d9195445dcc5
munger,munger-volume,1995,wesco-annual-meeting-qa,Wesco 股东大会 1995,content/qa/Wesco_股东大会_1995.md,zh,selection-or-excerpt,primary-qa-translation-candidate,candidate-include-selection,selection-only-not-full-document,no-local-original-language-base,,本地未找到可直接对应的原文或官方底本。,,munger-wesco-meeting-1995,1,selection-not-full-document|source-url-missing|local-original-language-base-missing,7894,befe63b4a90139574fcb0d1c376cb95c0e9d728c4f673bf530bff5b81cf33e8e
munger,munger-volume,1996,wesco-annual-meeting-qa,Wesco 股东大会 1996,content/qa/Wesco_股东大会_1996.md,zh,selection-or-excerpt,primary-qa-translation-candidate,candidate-include-selection,selection-only-not-full-document,no-local-original-language-base,,本地未找到可直接对应的原文或官方底本。,,munger-wesco-meeting-1996,1,selection-not-full-document|source-url-missing|local-original-language-base-missing,9274,fe62a82272973ec2941d6119ff8b3c77f3529d4d7ebb329fbd4a884f229e04e6
munger,munger-volume,1997,wesco-annual-meeting-qa,Wesco 股东大会 1997,content/qa/Wesco_股东大会_1997.md,zh,selection-or-excerpt,primary-qa-translation-candidate,candidate-include-selection,selection-only-not-full-document,no-local-original-language-base,,本地未找到可直接对应的原文或官方底本。,,munger-wesco-meeting-1997,1,selection-not-full-document|source-url-missing|local-original-language-base-missing,9757,a9d88573d16a93629c1b156c2981f62063e845bb35069cac0d541689bd395c11
munger,munger-volume,1998,wesco-annual-meeting-qa,Wesco 股东大会 1998,content/qa/Wesco_股东大会_1998.md,zh,selection-or-excerpt,primary-qa-translation-candidate,candidate-include-selection,selection-only-not-full-document,no-local-original-language-base,,本地未找到可直接对应的原文或官方底本。,,munger-wesco-meeting-1998,1,selection-not-full-document|source-url-missing|local-original-language-base-missing,17425,e5035221263b78ad20b8a3ef1275f2017f5202f6f206e6c137853d2c99575ea8
munger,munger-volume,1999,wesco-annual-meeting-qa,Wesco 股东大会 1999,content/qa/Wesco_股东大会_1999.md,zh,unknown,primary-qa-translation-candidate,candidate-include-selection,selection-only-not-full-document,no-local-original-language-base,,本地未找到可直接对应的原文或官方底本。,,munger-wesco-meeting-1999,1,completeness-unproven|source-url-missing|local-original-language-base-missing,33512,cc5cc4b2b237395d08092f19cdcbf6d65088a2d58cc7c5a1addbc3503d69fa36
munger,munger-volume,2000,wesco-annual-meeting-qa,Wesco 股东大会 2000,content/qa/Wesco_股东大会_2000.md,zh,unknown,primary-qa-translation-candidate,candidate-include-selection,selection-only-not-full-document,no-local-original-language-base,,本地未找到可直接对应的原文或官方底本。,,munger-wesco-meeting-2000,1,completeness-unproven|source-url-missing|local-original-language-base-missing,22392,9a2711a7fe0a6d3d8c3b62e1539a9285ce27aed3594ce1eb4a1c347eb60fc79a
munger,munger-volume,2001,wesco-annual-meeting-qa,Wesco 股东大会 2001,content/qa/Wesco_股东大会_2001.md,zh,selection-or-excerpt,primary-qa-translation-candidate,candidate-include-selection,selection-only-not-full-document,no-local-original-language-base,,本地未找到可直接对应的原文或官方底本。,,munger-wesco-meeting-2001,1,selection-not-full-document|source-url-missing|local-original-language-base-missing,11101,7a7d4d578ed43129e3f4a4285f77cb66bb730d8a05604d86bac32c3436d6be80
munger,munger-volume,2002,wesco-annual-meeting-qa,Wesco 股东大会 2002,content/qa/Wesco_股东大会_2002.md,zh,selection-or-excerpt,primary-qa-translation-candidate,candidate-include-selection,selection-only-not-full-document,no-local-original-language-base,,本地未找到可直接对应的原文或官方底本。,,munger-wesco-meeting-2002,1,selection-not-full-document|source-url-missing|local-original-language-base-missing,22764,d79d1aa2e2d56a07f20389b0bd2c179c5f2fe46b6aa90f26a851c2e07514e0a4
munger,munger-volume,2003,wesco-annual-meeting-qa,Wesco 股东大会 2003,content/qa/Wesco_股东大会_2003.md,zh,unknown,primary-qa-translation-candidate,candidate-include-selection,selection-only-not-full-document,no-local-original-language-base,,本地未找到可直接对应的原文或官方底本。,,munger-wesco-meeting-2003,1,completeness-unproven|source-url-missing|local-original-language-base-missing,25020,87bb4530d293c244f9398b2814d7fdb8903ae9269442fdf786b9c618a6ff2151
munger,munger-volume,2004,wesco-annual-meeting-qa,Wesco 股东大会 2004,content/qa/Wesco_股东大会_2004.md,zh,selection-or-excerpt,primary-qa-translation-candidate,candidate-include-selection,selection-only-not-full-document,no-local-original-language-base,,本地未找到可直接对应的原文或官方底本。,,munger-wesco-meeting-2004,1,selection-not-full-document|source-url-missing|local-original-language-base-missing,22027,eb72c8b6ed01f674c15517d30701fa7f99cdf94bd19a42c7da85b1693679eb29
munger,munger-volume,2005,wesco-annual-meeting-qa,Wesco 股东大会 2005,content/qa/Wesco_股东大会_2005.md,zh,selection-or-excerpt,primary-qa-translation-candidate,candidate-include-selection,selection-only-not-full-document,no-local-original-language-base,,本地未找到可直接对应的原文或官方底本。,,munger-wesco-meeting-2005,1,selection-not-full-document|source-url-missing|local-original-language-base-missing,17896,e3d4d39b67f0ed4dab1d01900b95642ee71d0ff25b997d2ae73c6c1ebaf71b5a
munger,munger-volume,2006,wesco-annual-meeting-qa,Wesco 股东大会 2006,content/qa/Wesco_股东大会_2006.md,zh,selection-or-excerpt,primary-qa-translation-candidate,candidate-include-selection,selection-only-not-full-document,no-local-original-language-base,,本地未找到可直接对应的原文或官方底本。,,munger-wesco-meeting-2006,1,selection-not-full-document|source-url-missing|local-original-language-base-missing,17231,4bae5bcdf4cc2c830823e00ee34300a2c1bbbb4c0880d392869ea51633538f02
munger,munger-volume,2007,wesco-annual-meeting-qa,Wesco 股东大会 2007,content/qa/Wesco_股东大会_2007.md,zh,unknown,primary-qa-translation-candidate,candidate-include-selection,selection-only-not-full-document,no-local-original-language-base,,本地未找到可直接对应的原文或官方底本。,,munger-wesco-meeting-2007,1,completeness-unproven|source-url-missing|local-original-language-base-missing,31299,8301936f4f45e58f312b5c73a762f35742a3670d0f9fca15954119568ec72a85
munger,munger-volume,2008,wesco-annual-meeting-qa,Wesco 股东大会 2008,content/qa/Wesco_股东大会_2008.md,zh,selection-or-excerpt,primary-qa-translation-candidate,candidate-include-selection,selection-only-not-full-document,no-local-original-language-base,,本地未找到可直接对应的原文或官方底本。,,munger-wesco-meeting-2008,1,selection-not-full-document|source-url-missing|local-original-language-base-missing,16315,8886d43bc4f5bcc5f64a20f10a63690ab2ce1f0e61ae8b46ba3ce9d7de5d8baf
munger,munger-volume,2009,wesco-annual-meeting-qa,Wesco 股东大会 2009,content/qa/Wesco_股东大会_2009.md,zh,selection-or-excerpt,primary-qa-translation-candidate,candidate-include-selection,selection-only-not-full-document,no-local-original-language-base,,本地未找到可直接对应的原文或官方底本。,,munger-wesco-meeting-2009,1,selection-not-full-document|source-url-missing|local-original-language-base-missing,14122,ea92b1c96737ba5cf73be1a845868b015cf06a2fffbb29120d4e92723a45869a
munger,munger-volume,2010,wesco-annual-meeting-qa,Wesco 股东大会 2010,content/qa/Wesco_股东大会_2010.md,zh,unknown,primary-qa-translation-candidate,candidate-include-selection,selection-only-not-full-document,no-local-original-language-base,,本地未找到可直接对应的原文或官方底本。,,munger-wesco-meeting-2010,1,completeness-unproven|source-url-missing|local-original-language-base-missing,35763,0acfb79b53050889fa1c60cb6b99567a4658af07bc76a1c14ea0b19fe335e910
munger,munger-volume,2011,wesco-annual-meeting-qa,Wesco 股东大会 2011,content/qa/Wesco_股东大会_2011.md,zh,unknown,primary-qa-translation-candidate,candidate-include-selection,selection-only-not-full-document,no-local-original-language-base,,本地未找到可直接对应的原文或官方底本。,,munger-wesco-meeting-2011,1,completeness-unproven|source-url-missing|local-original-language-base-missing,17606,23d72e02d97a5bbacc9391e9b0bcab97ba8758c29034cb2f32006aee36d4319c
buffett,buffett-volume,1999,speech-or-talk,1999.12 巴菲特在太阳谷的演讲,content/talks/1999.12 巴菲特在太阳谷的演讲.md,zh,unknown,primary-transcript-translation-candidate,candidate-primary-review,hold-until-source-or-completeness-fixed,no-local-original-language-base,,本地未找到可直接对应的原文或官方底本。,https://www.yuque.com/cooo/hg40yk/fs8fgw,buffett-speech-or-talk-1999-94633891,1,source-verification-pending|completeness-unproven|local-original-language-base-missing|manual-authorship-or-source-review-required,3994,c28a3b760195ab3d963c2d86bb8bbd37896e443625d9138e17ee1f10e8972f51
buffett,buffett-volume,2013,speech-or-talk,2013.11 巴菲特在马里兰大学的演讲,content/talks/2013.11 巴菲特在马里兰大学的演讲.md,zh,unknown,primary-transcript-translation-candidate,candidate-primary-review,hold-until-source-or-completeness-fixed,no-local-original-language-base,,本地未找到可直接对应的原文或官方底本。,https://www.yuque.com/cooo/hg40yk/szcv4s,buffett-speech-or-talk-2013-26cc2f1f,1,source-verification-pending|completeness-unproven|local-original-language-base-missing|manual-authorship-or-source-review-required,8229,934eaaa5f81d93589b3465562100f0c83d582b0a2b20f6c8aeccbcf1f437d66c
buffett,buffett-volume,2018,speech-or-talk,2018.02 北京大学光华管理学院,content/talks/2018.02 北京大学光华管理学院.md,zh,unknown,primary-transcript-translation-candidate,candidate-primary-review,hold-until-source-or-completeness-fixed,no-local-original-language-base,,本地未找到可直接对应的原文或官方底本。,https://www.yuque.com/cooo/hg40yk/sggb33,buffett-speech-or-talk-2018-ee33015d,1,source-verification-pending|completeness-unproven|local-original-language-base-missing|manual-authorship-or-source-review-required,7135,7c156f4ebfe007669e5082e3681a6ef52028ebced33e3e79ffbf41caf6310fab
buffett,buffett-volume,1998,speech-or-talk,巴菲特：佛罗里达大学演讲 1998,content/talks/巴菲特：佛罗里达大学演讲_1998.md,zh,unknown,primary-transcript-translation-candidate,candidate-primary-review,hold-until-manual-verification,no-local-original-language-base,,本地未找到可直接对应的原文或官方底本。,,buffett-speech-or-talk-1998-799d8dd5,1,completeness-unproven|source-url-missing|local-original-language-base-missing|manual-authorship-or-source-review-required,26603,88bd4963f97c2460078e9f57b6d17aa12c1b95e305e014d129d6dd9fb5e884b7
buffett,buffett-volume,1984,speech-or-talk,巴菲特：哥大商学院演讲 1984,content/talks/巴菲特：哥大商学院演讲_1984.md,zh,unknown,primary-transcript-translation-candidate,candidate-primary-review,hold-until-manual-verification,no-local-original-language-base,,本地未找到可直接对应的原文或官方底本。,,buffett-speech-or-talk-1984-a4b5a515,1,completeness-unproven|source-url-missing|local-original-language-base-missing|manual-authorship-or-source-review-required,17991,1cf75ae3c666e3a1fcfca8d1af65974fc5bd643f4d2b732c2af88e0a1228aaa0
buffett,buffett-volume,2002,speech-or-talk,巴菲特：哥大商学院演讲 2002,content/talks/巴菲特：哥大商学院演讲_2002.md,zh,unknown,primary-transcript-translation-candidate,candidate-primary-review,hold-until-manual-verification,no-local-original-language-base,,本地未找到可直接对应的原文或官方底本。,,buffett-speech-or-talk-2002-6fa91995,1,completeness-unproven|source-url-missing|local-original-language-base-missing|manual-authorship-or-source-review-required,8538,afbeba829557d429aaad646695d9fef6e337d28e13d86cd6854eaba07b94e187
buffett,buffett-volume,1998,speech-or-talk,巴菲特：华盛顿大学谈话 1998,content/talks/巴菲特：华盛顿大学谈话_1998.md,zh,unknown,primary-transcript-translation-candidate,candidate-primary-review,hold-until-manual-verification,no-local-original-language-base,,本地未找到可直接对应的原文或官方底本。,,buffett-speech-or-talk-1998-f2cc767b,1,completeness-unproven|source-url-missing|local-original-language-base-missing|manual-authorship-or-source-review-required,5443,3e2de3f89c85655ba7c1a2e78652cff28c0ea645ed70d71fc01c7227681a8b5b
buffett,buffett-volume,1994,speech-or-talk,巴菲特：内布拉斯加大学演讲 1994,content/talks/巴菲特：内布拉斯加大学演讲_1994.md,zh,unknown,primary-transcript-translation-candidate,candidate-primary-review,hold-until-manual-verification,no-local-original-language-base,,本地未找到可直接对应的原文或官方底本。,,buffett-speech-or-talk-1994-91bd0270,1,completeness-unproven|source-url-missing|local-original-language-base-missing|manual-authorship-or-source-review-required,28850,cee38964f3b81f1c8738964d996ae3c98ed897894f80521ce91631ee20ed6b64
buffett,buffett-volume,1999,speech-or-talk,巴菲特：内布拉斯加教育论坛演讲 1999,content/talks/巴菲特：内布拉斯加教育论坛演讲_1999.md,zh,unknown,primary-transcript-translation-candidate,candidate-primary-review,hold-until-manual-verification,no-local-original-language-base,,本地未找到可直接对应的原文或官方底本。,,buffett-speech-or-talk-1999-61cab6c2,1,completeness-unproven|source-url-missing|local-original-language-base-missing|manual-authorship-or-source-review-required,9792,58db9d8139ffdec3ee6d8bcf2291ffbc610d9ebf9416363dcb9909db6ba8e956
buffett,buffett-volume,1991,speech-or-talk,巴菲特：圣母大学演讲 1991,content/talks/巴菲特：圣母大学演讲_1991.md,zh,full-candidate,primary-transcript-translation-candidate,candidate-include-full,hold-until-original-source-added,no-local-original-language-base,,本地未找到可直接对应的原文或官方底本。,,buffett-speech-or-talk-1991-0b05ce25,1,source-url-missing|local-original-language-base-missing,47829,06e33342d9a143c232d3cf89365e235ba86cc12ba282cc50a453a13b0c5a4689
buffett,buffett-volume,1990,speech-or-talk,巴菲特：斯坦福法学院演讲 1990,content/talks/巴菲特：斯坦福法学院演讲_1990.md,zh,selection-or-excerpt,primary-transcript-translation-candidate,candidate-include-selection,selection-only-not-full-document,no-local-original-language-base,,本地未找到可直接对应的原文或官方底本。,,buffett-speech-or-talk-1990-82ee3b6e,1,selection-not-full-document|source-url-missing|local-original-language-base-missing,10533,89f21208b1e18dbe9ed3d3a60eb5361edb2f1d654b8d33806d822b514c0b8de6
buffett,buffett-volume,2001,speech-or-talk,巴菲特：佐治亚大学演讲 2001,content/talks/巴菲特：佐治亚大学演讲_2001.md,zh,unknown,primary-transcript-translation-candidate,candidate-primary-review,hold-until-manual-verification,no-local-original-language-base,,本地未找到可直接对应的原文或官方底本。,,buffett-speech-or-talk-2001-03aa21bd,1,completeness-unproven|source-url-missing|local-original-language-base-missing|manual-authorship-or-source-review-required,24044,f889349f7c66df37174b702fe7063e5f5b9d984c4e3f9d31023bf6520a208c08
buffett,buffett-volume,1992,speech-or-talk,巴菲特奥马哈新闻俱乐部 1992,content/talks/巴菲特奥马哈新闻俱乐部_1992.md,zh,unknown,primary-transcript-translation-candidate,candidate-primary-review,hold-until-manual-verification,no-local-original-language-base,,本地未找到可直接对应的原文或官方底本。,,buffett-speech-or-talk-1992-3e2ad9ba,1,completeness-unproven|source-url-missing|local-original-language-base-missing|manual-authorship-or-source-review-required,14009,d7b22ca0e1131044bb5a6f4df9e736bd09222b578dbf11aa91547cfd29d4db31
buffett,buffett-volume,1999,speech-or-talk,巴菲特太阳谷演讲 1999,content/talks/巴菲特太阳谷演讲_1999.md,zh,selection-or-excerpt,primary-transcript-translation-candidate,candidate-include-selection,selection-only-not-full-document,no-local-original-language-base,,本地未找到可直接对应的原文或官方底本。,,buffett-speech-or-talk-1999-1c05fa51,1,selection-not-full-document|source-url-missing|local-original-language-base-missing,5745,7d71de675cfa492c1a158c82d442770c3168b68d149e4747db8eaafd1951511f
munger,munger-volume,1998,speech-or-talk,芒格：财务总监联合会演讲 1998,content/talks/芒格：财务总监联合会演讲_1998.md,zh,unknown,primary-transcript-translation-candidate,candidate-primary-review,hold-until-manual-verification,no-local-original-language-base,,本地未找到可直接对应的原文或官方底本。,,munger-speech-or-talk-1998-12bdfe1a,1,completeness-unproven|source-url-missing|local-original-language-base-missing|manual-authorship-or-source-review-required,6974,c4ac759ab3853ecdb764bc7030957302835c8e065fe23b4c45c68fb61ba3c5ef
munger,munger-volume,2000,speech-or-talk,芒格：慈善圆桌会议讲话 2000,content/talks/芒格：慈善圆桌会议讲话_2000.md,zh,selection-or-excerpt,primary-transcript-translation-candidate,candidate-include-selection,selection-only-not-full-document,no-local-original-language-base,,本地未找到可直接对应的原文或官方底本。,,munger-speech-or-talk-2000-9c16b8eb,1,selection-not-full-document|source-url-missing|local-original-language-base-missing,6575,e129e7c06f7d1d604b195303822386ec985fdfef8ad05cf470db4a20dd782594
munger,munger-volume,1996,speech-or-talk,芒格：关于实践思维的现实思考 1996,content/talks/芒格：关于实践思维的现实思考_1996.md,zh,unknown,primary-transcript-translation-candidate,candidate-primary-review,hold-until-manual-verification,no-local-original-language-base,,本地未找到可直接对应的原文或官方底本。,,munger-speech-or-talk-1996-1e24282f,1,completeness-unproven|source-url-missing|local-original-language-base-missing|manual-authorship-or-source-review-required,8569,b16adf7f27d73dc1d5ebab1307d70a858f6144693e42833800a753fcb91cc76c
munger,munger-volume,1998,speech-or-talk,芒格：哈佛法学院演讲 1998,content/talks/芒格：哈佛法学院演讲_1998.md,zh,unknown,primary-transcript-translation-candidate,candidate-primary-review,hold-until-manual-verification,no-local-original-language-base,,本地未找到可直接对应的原文或官方底本。,,munger-speech-or-talk-1998-9aca1a0b,1,completeness-unproven|source-url-missing|local-original-language-base-missing|manual-authorship-or-source-review-required,7418,15b79e782559b310f03dccb9796dd6380cbede4ad444d523bb21da359a46f182
munger,munger-volume,1986,speech-or-talk,芒格：哈佛中学演讲 1986,content/talks/芒格：哈佛中学演讲_1986.md,zh,unknown,primary-transcript-translation-candidate,candidate-primary-review,hold-until-manual-verification,no-local-original-language-base,,本地未找到可直接对应的原文或官方底本。,,munger-speech-or-talk-1986-2780f504,1,completeness-unproven|source-url-missing|local-original-language-base-missing|manual-authorship-or-source-review-required,4391,f49cdf1625a5919ac8ff483254bf10bf1bb700e0402aeda8995996ac7764bd97
munger,munger-volume,2003,speech-or-talk,芒格：论学院派经济学 2003,content/talks/芒格：论学院派经济学_2003.md,zh,unknown,primary-transcript-translation-candidate,candidate-primary-review,hold-until-manual-verification,no-local-original-language-base,,本地未找到可直接对应的原文或官方底本。,,munger-speech-or-talk-2003-747c8927,1,completeness-unproven|source-url-missing|local-original-language-base-missing|manual-authorship-or-source-review-required,29685,c1d761f0cdfd84b28668547c9ec34fab2c4e19f3eb5e4badf32e7ef5a57ce2f0
munger,munger-volume,2007,speech-or-talk,芒格：南加大法学院演讲 2007,content/talks/芒格：南加大法学院演讲_2007.md,zh,unknown,primary-transcript-translation-candidate,candidate-primary-review,hold-until-manual-verification,no-local-original-language-base,,本地未找到可直接对应的原文或官方底本。,,munger-speech-or-talk-2007-f10afde6,1,completeness-unproven|source-url-missing|local-original-language-base-missing|manual-authorship-or-source-review-required,13104,737967bfbb6d461d67ba872d9737eb31d5d8209d2ffb336fe4b0cd864bca1125
munger,munger-volume,1994,speech-or-talk,芒格：南加大商学院演讲 1994,content/talks/芒格：南加大商学院演讲_1994.md,zh,unknown,primary-transcript-translation-candidate,candidate-primary-review,hold-until-manual-verification,no-local-original-language-base,,本地未找到可直接对应的原文或官方底本。,,munger-speech-or-talk-1994-c3268126,1,completeness-unproven|source-url-missing|local-original-language-base-missing|manual-authorship-or-source-review-required,25317,ad871ef72dbe343b92e3a0fbd196532bab04abbfea2cd4a05d7990ba47d9bb0c
munger,munger-volume,1996,speech-or-talk,芒格：斯坦福法学院演讲 1996,content/talks/芒格：斯坦福法学院演讲_1996.md,zh,unknown,primary-transcript-translation-candidate,candidate-primary-review,hold-until-manual-verification,no-local-original-language-base,,本地未找到可直接对应的原文或官方底本。,,munger-speech-or-talk-1996-0c6da6c8,1,completeness-unproven|source-url-missing|local-original-language-base-missing|manual-authorship-or-source-review-required,28593,cce441f46984e4e455a6abf68b2ba8dabd979571d142011cb663bf0d837e0348
munger,munger-volume,2013,speech-or-talk,芒格：DJ 年会 2013,content/talks/芒格：DJ_年会_2013.md,zh,incomplete-or-omitted-sections,primary-transcript-translation-candidate,candidate-primary-review,hold-until-source-or-completeness-fixed,no-local-original-language-base,,本地未找到可直接对应的原文或官方底本。,,munger-speech-or-talk-2013-4ce23323,1,explicit-omission-or-missing-text|explicitly-incomplete-document|source-url-missing|local-original-language-base-missing|manual-authorship-or-source-review-required,26703,cea126661a45041775b9d3f3684ad86c7451c601ea3d8ba6c4766858eedf6048
munger,munger-volume,2003,speech-original-language,Poor Charlie's Almanack — Talk Eight: The Great Financial Scandal of 2003,poor-charlies-almanack/_english-source/poor-charlies-almanack-talk-eight.md,en,unknown,primary-transcript-original-language-candidate,candidate-source-version,source-reference-not-reading-copy,local-original-language-text-with-url,poor-charlies-almanack/_english-source/poor-charlies-almanack-talk-eight.md,文件自身为英文逐字文本候选；来源权威性仍按 URL 和元数据复核。,https://www.stripe.press/poor-charlies-almanack/talk-eight,munger-poor-charlie-talk-eight,2,completeness-unproven|version-family-needs-canonical-choice,6559,e15a6f34d749f89f4ece2368931d93479a9af86c925d508e06f2ed1483e69e5e
munger,munger-volume,2005,speech-original-language,Talk Eleven: The Psychology of Human Misjudgment,poor-charlies-almanack/_english-source/poor-charlies-almanack-talk-eleven.md,en,selection-or-excerpt,primary-transcript-original-language-fragment,candidate-primary-review,hold-until-manual-verification,official-web-rendered-original-local,content/source-documents/poor-charlies-almanack-stripe/rendered/talk-eleven.source.txt|content/source-documents/poor-charlies-almanack-stripe/rendered/talk-eleven.source.html,已由浏览器执行 Stripe Press 官方页面并提取书页正文 article；本地同时保存渲染 HTML、纯文本和 SHA-256。含原版图注与 “Revisited” 附文，进入中文稿前仍须逐段校勘边界。,https://www.stripe.press/poor-charlies-almanack/talk-eleven,munger-poor-charlie-talk-eleven,2,local-source-is-summary-or-incomplete-capture|selection-not-full-document|manual-authorship-or-source-review-required|version-family-needs-canonical-choice,29924,7cf9da5b26b46ba8fc2e1b994906b71d4a784545a0d7f6c08eb5da5186b62ecb
munger,munger-volume,1998,speech-original-language,Poor Charlie's Almanack — Talk Five: The Need for More Multidisciplinary Skills from Professionals: Educational Implications,poor-charlies-almanack/_english-source/poor-charlies-almanack-talk-five.md,en,selection-or-excerpt,primary-transcript-original-language-fragment,candidate-primary-review,hold-until-manual-verification,official-web-rendered-original-local,content/source-documents/poor-charlies-almanack-stripe/rendered/talk-five.source.txt|content/source-documents/poor-charlies-almanack-stripe/rendered/talk-five.source.html,已由浏览器执行 Stripe Press 官方页面并提取书页正文 article；本地同时保存渲染 HTML、纯文本和 SHA-256。含原版图注与 “Revisited” 附文，进入中文稿前仍须逐段校勘边界。,https://www.stripe.press/poor-charlies-almanack/talk-five,munger-poor-charlie-talk-five,2,local-source-is-summary-or-incomplete-capture|selection-not-full-document|manual-authorship-or-source-review-required|version-family-needs-canonical-choice,5837,92f0ab222b172603f01e804f87200fbc9eb96af8c82f42695603b902382fcd28
munger,munger-volume,,speech-original-language,Talk Four: Practical Thought about Practical Thought?,poor-charlies-almanack/_english-source/poor-charlies-almanack-talk-four.md,en,unknown,primary-transcript-original-language-candidate,candidate-source-version,source-reference-not-reading-copy,local-original-language-text-with-url,poor-charlies-almanack/_english-source/poor-charlies-almanack-talk-four.md,文件自身为英文逐字文本候选；来源权威性仍按 URL 和元数据复核。,https://www.stripe.press/poor-charlies-almanack/talk-four,munger-poor-charlie-talk-four,2,completeness-unproven|version-family-needs-canonical-choice,7522,a1712c4d7693bd84015c1e72f4bb230d4e37d37758c237c3021b3ba45de6fe53
munger,munger-volume,2003,speech-original-language,Poor Charlie's Almanack — Talk Nine: Academic Economics: Strengths and Faults After Considering Interdisciplinary Needs,poor-charlies-almanack/_english-source/poor-charlies-almanack-talk-nine.md,en,unknown,primary-transcript-original-language-fragment,candidate-primary-review,hold-until-manual-verification,official-web-rendered-original-local,content/source-documents/poor-charlies-almanack-stripe/rendered/talk-nine.source.txt|content/source-documents/poor-charlies-almanack-stripe/rendered/talk-nine.source.html,已由浏览器执行 Stripe Press 官方页面并提取书页正文 article；本地同时保存渲染 HTML、纯文本和 SHA-256。含原版图注与 “Revisited” 附文，进入中文稿前仍须逐段校勘边界。,https://www.stripe.press/poor-charlies-almanack/talk-nine,munger-poor-charlie-talk-nine,2,local-source-is-summary-or-incomplete-capture|completeness-unproven|manual-authorship-or-source-review-required|version-family-needs-canonical-choice,5657,b04fb7a7e24b5447ab529fd13446cb0b0b0344719046e550bff7f67f848f571b
munger,munger-volume,1986,speech-original-language,Poor Charlie's Almanack — Talk One: Harvard School Commencement Speech,poor-charlies-almanack/_english-source/poor-charlies-almanack-talk-one.md,en,unknown,primary-transcript-original-language-candidate,candidate-source-version,source-reference-not-reading-copy,local-original-language-text-with-url,poor-charlies-almanack/_english-source/poor-charlies-almanack-talk-one.md,文件自身为英文逐字文本候选；来源权威性仍按 URL 和元数据复核。,https://www.stripe.press/poor-charlies-almanack/talk-one,munger-poor-charlie-talk-one,2,completeness-unproven|version-family-needs-canonical-choice,13783,1206e7347d9f9a3b8562ad7f35e49253cbf705984027662084c0a4f5ddf0f025
munger,munger-volume,2000,speech-original-language,Poor Charlie's Almanack — Talk Seven: Breakfast Meeting of the Philanthropy Roundtable,poor-charlies-almanack/_english-source/poor-charlies-almanack-talk-seven.md,en,unknown,primary-transcript-original-language-candidate,candidate-source-version,source-reference-not-reading-copy,local-original-language-text-with-url,poor-charlies-almanack/_english-source/poor-charlies-almanack-talk-seven.md,文件自身为英文逐字文本候选；来源权威性仍按 URL 和元数据复核。,https://www.stripe.press/poor-charlies-almanack/talk-seven,munger-poor-charlie-talk-seven,2,completeness-unproven|version-family-needs-canonical-choice,6773,9971179e3b182439595486a6f7331d136b16d86b169e9bdee4d394be08a49bb1
munger,munger-volume,1998,speech-original-language,Poor Charlie's Almanack — Talk Six: Investment Practices of Leading Charitable Foundations,poor-charlies-almanack/_english-source/poor-charlies-almanack-talk-six.md,en,unknown,primary-transcript-original-language-candidate,candidate-source-version,source-reference-not-reading-copy,local-original-language-text-with-url,poor-charlies-almanack/_english-source/poor-charlies-almanack-talk-six.md,文件自身为英文逐字文本候选；来源权威性仍按 URL 和元数据复核。,https://www.stripe.press/poor-charlies-almanack/talk-six,munger-poor-charlie-talk-six,2,completeness-unproven|version-family-needs-canonical-choice,8432,7417f98bf1aeb3858dc9d65ae18af33364d73f59be7b48af3b6d6ef44952821f
munger,munger-volume,2007,speech-original-language,Talk Ten: USC Gould School of Law Commencement Address,poor-charlies-almanack/_english-source/poor-charlies-almanack-talk-ten.md,en,unknown,primary-transcript-original-language-candidate,candidate-source-version,source-reference-not-reading-copy,local-original-language-text-with-url,poor-charlies-almanack/_english-source/poor-charlies-almanack-talk-ten.md,文件自身为英文逐字文本候选；来源权威性仍按 URL 和元数据复核。,https://www.stripe.press/poor-charlies-almanack/talk-ten,munger-poor-charlie-talk-ten,2,completeness-unproven|version-family-needs-canonical-choice,29895,d1529508484267cbebe77f4d565f14f4995e38599d1fc08e367d12059840301f
munger,munger-volume,1996,speech-original-language,"Poor Charlie's Almanack — Talk Three: A Lesson on Elementary, Worldly Wisdom as It Relates to Investment Management and Business",poor-charlies-almanack/_english-source/poor-charlies-almanack-talk-three.md,en,selection-or-excerpt,primary-transcript-original-language-fragment,candidate-primary-review,hold-until-manual-verification,official-web-rendered-original-local,content/source-documents/poor-charlies-almanack-stripe/rendered/talk-three.source.txt|content/source-documents/poor-charlies-almanack-stripe/rendered/talk-three.source.html,已由浏览器执行 Stripe Press 官方页面并提取书页正文 article；本地同时保存渲染 HTML、纯文本和 SHA-256。含原版图注与 “Revisited” 附文，进入中文稿前仍须逐段校勘边界。,https://www.stripe.press/poor-charlies-almanack/talk-three,munger-poor-charlie-talk-three,2,selection-not-full-document|manual-authorship-or-source-review-required|version-family-needs-canonical-choice,31943,ba800d860cd52d961d49511d7d86dfcf3cc5121dc2d6eebe6fee63179d07df7c
munger,munger-volume,1994,speech-original-language,"Poor Charlie's Almanack — Talk Two: A Lesson on Elementary, Worldly Wisdom as It Relates to Investment Management and Business",poor-charlies-almanack/_english-source/poor-charlies-almanack-talk-two.md,en,unknown,primary-transcript-original-language-candidate,candidate-source-version,source-reference-not-reading-copy,local-original-language-text-with-url,poor-charlies-almanack/_english-source/poor-charlies-almanack-talk-two.md,文件自身为英文逐字文本候选；来源权威性仍按 URL 和元数据复核。,https://www.stripe.press/poor-charlies-almanack/talk-two,munger-poor-charlie-talk-two,2,completeness-unproven|version-family-needs-canonical-choice,27361,d49d391c154dea89313c74fc873d1f21984e7f9eae7a2f53d0d86d216f0b3bb2
munger,munger-volume,2003,speech-translation,芒格：2003 年的金融大丑闻,poor-charlies-almanack/poor-charlies-almanack-talk-eight.md,zh,unknown,primary-transcript-translation-candidate,candidate-primary-review,hold-until-manual-verification,local-english-peer-candidate,poor-charlies-almanack/_english-source/poor-charlies-almanack-talk-eight.md,本地有英文对应文件，仍需逐段校核中文译文。,https://www.stripe.press/poor-charlies-almanack/talk-eight,munger-poor-charlie-talk-eight,2,completeness-unproven|manual-authorship-or-source-review-required|version-family-needs-canonical-choice,9610,faa3a2a67d49d76937797b16d4c22af9f6cd263467741c5c430e8679e75881b5
munger,munger-volume,2005,speech-translation,第十一讲：人类误判心理学,poor-charlies-almanack/poor-charlies-almanack-talk-eleven.md,zh,selection-or-excerpt,primary-transcript-translation-candidate,candidate-include-selection,selection-only-not-full-document,official-web-rendered-original-local,content/source-documents/poor-charlies-almanack-stripe/rendered/talk-eleven.source.txt|content/source-documents/poor-charlies-almanack-stripe/rendered/talk-eleven.source.html,已由浏览器执行 Stripe Press 官方页面并提取书页正文 article；本地同时保存渲染 HTML、纯文本和 SHA-256。含原版图注与 “Revisited” 附文，进入中文稿前仍须逐段校勘边界。,https://www.stripe.press/poor-charlies-almanack/talk-eleven,munger-poor-charlie-talk-eleven,2,selection-not-full-document|version-family-needs-canonical-choice,9227,04b41906bf392f2f031a8ac477175e5ce1cc18e2e89cc844796e45c16b318b71
munger,munger-volume,1998,speech-translation,芒格：哈佛法学院演讲 1998,poor-charlies-almanack/poor-charlies-almanack-talk-five.md,zh,unknown,primary-transcript-translation-candidate,candidate-primary-review,hold-until-manual-verification,official-web-rendered-original-local,content/source-documents/poor-charlies-almanack-stripe/rendered/talk-five.source.txt|content/source-documents/poor-charlies-almanack-stripe/rendered/talk-five.source.html,已由浏览器执行 Stripe Press 官方页面并提取书页正文 article；本地同时保存渲染 HTML、纯文本和 SHA-256。含原版图注与 “Revisited” 附文，进入中文稿前仍须逐段校勘边界。,https://www.stripe.press/poor-charlies-almanack/talk-five,munger-poor-charlie-talk-five,2,completeness-unproven|manual-authorship-or-source-review-required|version-family-needs-canonical-choice,7420,9c70a0159b276ddf48cfd3b74641a48b0bd34751555deca65bf57314388d05c6
munger,munger-volume,1996,speech-translation,芒格：关于实践思维的现实思考 1996,poor-charlies-almanack/poor-charlies-almanack-talk-four.md,zh,unknown,primary-transcript-translation-candidate,candidate-primary-review,hold-until-manual-verification,local-english-peer-candidate,poor-charlies-almanack/_english-source/poor-charlies-almanack-talk-four.md,本地有英文对应文件，仍需逐段校核中文译文。,https://www.stripe.press/poor-charlies-almanack/talk-four,munger-poor-charlie-talk-four,2,completeness-unproven|manual-authorship-or-source-review-required|version-family-needs-canonical-choice,8547,40c3afd2294532b836aee4c8184e19909816d940a6cdbe8639373f9f9b0497c8
munger,munger-volume,2003,speech-translation,芒格：论学院派经济学 2003,poor-charlies-almanack/poor-charlies-almanack-talk-nine.md,zh,unknown,primary-transcript-translation-candidate,candidate-primary-review,hold-until-manual-verification,official-web-rendered-original-local,content/source-documents/poor-charlies-almanack-stripe/rendered/talk-nine.source.txt|content/source-documents/poor-charlies-almanack-stripe/rendered/talk-nine.source.html,已由浏览器执行 Stripe Press 官方页面并提取书页正文 article；本地同时保存渲染 HTML、纯文本和 SHA-256。含原版图注与 “Revisited” 附文，进入中文稿前仍须逐段校勘边界。,https://www.stripe.press/poor-charlies-almanack/talk-nine,munger-poor-charlie-talk-nine,2,completeness-unproven|manual-authorship-or-source-review-required|version-family-needs-canonical-choice,29634,f8597fe7029b26f39bae9d8f4dae8c0b9eca55c83a89b39e1f3ce983f3f7e729
munger,munger-volume,1986,speech-translation,芒格：哈佛中学演讲 1986,poor-charlies-almanack/poor-charlies-almanack-talk-one.md,zh,unknown,primary-transcript-translation-candidate,candidate-primary-review,hold-until-manual-verification,local-english-peer-candidate,poor-charlies-almanack/_english-source/poor-charlies-almanack-talk-one.md,本地有英文对应文件，仍需逐段校核中文译文。,https://www.stripe.press/poor-charlies-almanack/talk-one,munger-poor-charlie-talk-one,2,completeness-unproven|manual-authorship-or-source-review-required|version-family-needs-canonical-choice,4380,0fffe56f1bc536202dcc3b59c15dd572cf4a626b752972d60101897c36f43e47
munger,munger-volume,2000,speech-translation,芒格：慈善圆桌会议讲话 2000,poor-charlies-almanack/poor-charlies-almanack-talk-seven.md,zh,selection-or-excerpt,primary-transcript-translation-candidate,candidate-include-selection,selection-only-not-full-document,local-english-peer-candidate,poor-charlies-almanack/_english-source/poor-charlies-almanack-talk-seven.md,本地有英文对应文件，仍需逐段校核中文译文。,https://www.stripe.press/poor-charlies-almanack/talk-seven,munger-poor-charlie-talk-seven,2,selection-not-full-document|version-family-needs-canonical-choice,6559,b72f5a87ab7254847f8651b53cd90691ed2ed975c39fdd6756bac4519d9736c8
munger,munger-volume,1998,speech-translation,芒格：财务总监联合会演讲 1998,poor-charlies-almanack/poor-charlies-almanack-talk-six.md,zh,unknown,primary-transcript-translation-candidate,candidate-primary-review,hold-until-manual-verification,local-english-peer-candidate,poor-charlies-almanack/_english-source/poor-charlies-almanack-talk-six.md,本地有英文对应文件，仍需逐段校核中文译文。,https://www.stripe.press/poor-charlies-almanack/talk-six,munger-poor-charlie-talk-six,2,completeness-unproven|manual-authorship-or-source-review-required|version-family-needs-canonical-choice,6952,2cae3161da61c43e02b5668720d76250c3a27122a433c4b2ceea6eda01fe0e21
munger,munger-volume,2007,speech-translation,芒格：南加大法学院演讲 2007,poor-charlies-almanack/poor-charlies-almanack-talk-ten.md,zh,unknown,primary-transcript-translation-candidate,candidate-primary-review,hold-until-manual-verification,local-english-peer-candidate,poor-charlies-almanack/_english-source/poor-charlies-almanack-talk-ten.md,本地有英文对应文件，仍需逐段校核中文译文。,https://www.stripe.press/poor-charlies-almanack/talk-ten,munger-poor-charlie-talk-ten,2,completeness-unproven|manual-authorship-or-source-review-required|version-family-needs-canonical-choice,12957,3d9884512f65e2f5015d48978d1c06f89449846c21307fc25382c4f73cbfbb14
munger,munger-volume,1996,speech-translation,芒格：斯坦福法学院演讲 1996,poor-charlies-almanack/poor-charlies-almanack-talk-three.md,zh,unknown,primary-transcript-translation-candidate,candidate-primary-review,hold-until-manual-verification,official-web-rendered-original-local,content/source-documents/poor-charlies-almanack-stripe/rendered/talk-three.source.txt|content/source-documents/poor-charlies-almanack-stripe/rendered/talk-three.source.html,已由浏览器执行 Stripe Press 官方页面并提取书页正文 article；本地同时保存渲染 HTML、纯文本和 SHA-256。含原版图注与 “Revisited” 附文，进入中文稿前仍须逐段校勘边界。,https://www.stripe.press/poor-charlies-almanack/talk-three,munger-poor-charlie-talk-three,2,completeness-unproven|manual-authorship-or-source-review-required|version-family-needs-canonical-choice,28570,c532cd572964277a6a9a76bff6e80224e228355b62d718007a577fa1bf2b7536
munger,munger-volume,1994,speech-translation,芒格：南加大商学院演讲 1994,poor-charlies-almanack/poor-charlies-almanack-talk-two.md,zh,unknown,primary-transcript-translation-candidate,candidate-primary-review,hold-until-manual-verification,local-english-peer-candidate,poor-charlies-almanack/_english-source/poor-charlies-almanack-talk-two.md,本地有英文对应文件，仍需逐段校核中文译文。,https://www.stripe.press/poor-charlies-almanack/talk-two,munger-poor-charlie-talk-two,2,completeness-unproven|manual-authorship-or-source-review-required|version-family-needs-canonical-choice,25330,3f9a215c41e5a6aee90f95c3f17c4616d458e12045c07e7d253096e58ff17538
