relative,title,topDirectory,area,person,mentionedBuffett,mentionedMunger,kind,year,language,completeness,warnings,evidenceStatus,decision,reason,workKey,chars,bytes,lines,modified,speakerBuffett,speakerMunger,sourceUrl,exactHash,canonicalHash
content/articles/buffett/巴菲特_你应该了解珠宝生意.md,巴菲特: 你应该了解珠宝生意,content/articles,source-corpus,buffett,true,false,article-candidate,,zh,unknown,,uncertain-article,requires-source-review,是否属于本人原始文献尚不能仅凭路径和标题确定。,,1807,5085,32,2026-07-23T00:47:19.513Z,0,0,,c1d454a256501bed609547827b706fbe45ab28887479ae8f7dd4084b0229635f,4fb87860522a000395608066132f677d20b77e1c1810f262610b441b395f36a8
content/articles/buffett/巴菲特：500_亿美元的决定.md,巴菲特：500 亿美元的决定,content/articles,source-corpus,buffett,true,false,article-candidate,1951,zh,unknown,,uncertain-article,requires-source-review,是否属于本人原始文献尚不能仅凭路径和标题确定。,,2125,6088,24,2026-07-23T00:47:19.354Z,0,0,,076fe800cde58674ec5547349d1dcd0e17291bb16c903c65a7956c4c68d95b61,7150efdffd3c7eea99cd91380311225dfd837bab2d719e03f121f487c3e8a4eb
content/articles/buffett/巴菲特：保险业的_FDIC_2001.md,巴菲特：保险业的 FDIC 2001,content/articles,source-corpus,buffett,true,false,article-candidate,2001,zh,unknown,,uncertain-article,requires-source-review,是否属于本人原始文献尚不能仅凭路径和标题确定。,,1743,5011,24,2026-07-23T00:47:19.475Z,0,0,,d8a1ede1f6282126b85b9ad5f1eed57fa6ff9dac74e98d921adae23abe1d3a9a,341e0c2634f73c00f7688330eccf7343a81038f9f4b6105bf50dd3ce826abfbd
content/articles/buffett/巴菲特：给保尔森的信_2008.md,巴菲特：给保尔森的信 2008,content/articles,source-corpus,buffett,true,false,article-candidate,2008,zh,unknown,,primary-authored-candidate,candidate-primary-review,可能是本人署名文章、信件或备忘录，需逐篇核验署名和来源。,,2526,6670,44,2026-07-23T00:47:19.473Z,0,0,,223822934f8be2ed7244316a26eddbf4bb976a08bc8a42ff508600a564c2a0b8,0887981b0ce155197f1611b4a53b9fca9233783d8a5ce604d21b0a672d7fe9e3
content/articles/buffett/巴菲特：给全体经理人备忘录_2001.md,巴菲特：给全体经理人备忘录 2001,content/articles,source-corpus,buffett,true,false,article-candidate,2001,zh,metadata-or-fragment,,primary-authored-candidate,candidate-primary-review,可能是本人署名文章、信件或备忘录，需逐篇核验署名和来源。,,771,2179,20,2026-07-23T00:47:19.493Z,0,0,,38e8d90218501035d75558ea1483a10bd2404f8289728bce97380fddf09cc262,5d86a93272b61dadc212b3931db76bef12e0803eec6c4f88f0e949909001b815
content/articles/buffett/巴菲特：给全体经理人备忘录_2006.md,巴菲特：给全体经理人备忘录 2006,content/articles,source-corpus,buffett,true,false,article-candidate,2006,zh,metadata-or-fragment,,primary-authored-candidate,candidate-primary-review,可能是本人署名文章、信件或备忘录，需逐篇核验署名和来源。,,831,2310,20,2026-07-23T00:47:19.494Z,0,0,,567a7b6262e8a4d2e86ebee73c45a623aa4d072d9b50dc07e0c95bcab15bf6a6,a146202c8873171532c3b6eee69e9ea2f963566d92bc2685472ffb91c6aa529a
content/articles/buffett/巴菲特：给全体经理人备忘录_2010.md,巴菲特：给全体经理人备忘录 2010,content/articles,source-corpus,buffett,true,true,article-candidate,2010,zh,unknown,,primary-authored-candidate,candidate-primary-review,可能是本人署名文章、信件或备忘录，需逐篇核验署名和来源。,,2006,5737,24,2026-07-23T00:47:19.492Z,0,0,,0ea66c59bace93788ada4392ca7ae641833aa7ed96e8668b9f6788603ab302cf,c55c0307886393a2279eafd08605419f742628b3dcc5225c16d641c3a4eb61a2
content/articles/buffett/巴菲特：给全体经理人备忘录_2014.md,巴菲特：给全体经理人备忘录 2014,content/articles,source-corpus,buffett,true,true,article-candidate,2014,zh,unknown,,primary-authored-candidate,candidate-primary-review,可能是本人署名文章、信件或备忘录，需逐篇核验署名和来源。,,2006,5715,28,2026-07-23T00:47:19.489Z,0,0,,39653bfe245ff45ac6997cdfad2ab38480a5de0e14d2a474743c41bf2cc00925,d1bb5554f87ad12b1d97549064169902a43d446067be635c9bcd5df155d584e7
content/articles/buffett/巴菲特：股票期权与常识_2002.md,巴菲特：股票期权与常识,content/articles,source-corpus,buffett,true,false,article-candidate,2002,zh,unknown,,primary-authored-candidate,candidate-primary-review,可能是本人署名文章、信件或备忘录，需逐篇核验署名和来源。,,10231,27962,144,2026-08-05T01:30:29.582Z,0,0,,ace5b7b78119b520ce342328ac4aaccd7a2fd59b0ac19a98fb1ebe0e0eed658c,5a6b7f46abe4c957576a3a72eb005971dfef05f09611242f4a4735a3e38f6a19
content/articles/buffett/巴菲特：股息巫术_2003.md,巴菲特：股息巫术 2003,content/articles,source-corpus,buffett,true,false,article-candidate,2003,zh,unknown,,primary-authored-candidate,candidate-primary-review,可能是本人署名文章、信件或备忘录，需逐篇核验署名和来源。,,1828,5047,26,2026-07-23T00:47:19.460Z,0,0,,cd8a219b99c7ac7122bb9f22cbcb425dfc38c76395180f8934bec3dcf41e075a,0a9926964f5ff7a0bde212ec3d78dcf1763c783d2a46903d007c717bddfa96fc
content/articles/buffett/巴菲特：关于游牧者基金_2014.md,巴菲特：关于游牧者基金 2014,content/articles,source-corpus,buffett,true,false,article-candidate,2014,zh,metadata-or-fragment,,uncertain-article,requires-source-review,是否属于本人原始文献尚不能仅凭路径和标题确定。,,732,1864,24,2026-07-23T00:47:19.360Z,0,0,,7ac7bf6215657135d340bc324793f98846b32e49ae1c16b3aa715427723b518f,1e03bdf31e679967cd61ecacc2616715881a25f4a3b8f1e84d3c86850eb9378a
content/articles/buffett/巴菲特：怀念恩师格雷厄姆_1976.md,巴菲特：怀念恩师格雷厄姆 1976,content/articles,source-corpus,buffett,true,false,article-candidate,1976,zh,unknown,,primary-authored-candidate,candidate-primary-review,可能是本人署名文章、信件或备忘录，需逐篇核验署名和来源。,,929,2661,20,2026-07-23T00:47:19.413Z,0,0,,9a7c11b8ea2c61aed50a0dbb598437d4725a3a5121d037d6a67aa614c66f1036,b04841dc4a85022ac4844e8cf0bd34baf72c85556cdd497ea7637196e01bd86c
content/articles/buffett/巴菲特：怀念恩师格雷厄姆_2008.md,巴菲特：怀念恩师格雷厄姆 2008,content/articles,source-corpus,buffett,true,false,article-candidate,2008,zh,unknown,,primary-authored-candidate,candidate-primary-review,可能是本人署名文章、信件或备忘录，需逐篇核验署名和来源。,,6227,17568,110,2026-07-23T00:47:19.394Z,6,0,,0a728c1f0a3d4ba870a099ebe6e68efa061ee391d06c0e630f47f96aab6fc571,db959f8a365bb05ab9683ad6e0651402e2c0df598c430c9516e497b30a5d38e0
content/articles/buffett/巴菲特：回忆进入证券行业_2005.md,巴菲特：回忆进入证券行业 2005,content/articles,source-corpus,buffett,true,false,article-candidate,2005,zh,unknown,,uncertain-article,requires-source-review,是否属于本人原始文献尚不能仅凭路径和标题确定。,,1495,3951,28,2026-07-23T00:47:19.355Z,0,0,,f3a4c7fa44bfde6df4c54e7dcffa86609709ff1de72841b3aec17cfd2f1749b6,560a9170e67ba97785ac7ceaa01b35659f2b31621f05ce1e8c8a1edbf2fe9d8d
content/articles/buffett/巴菲特：扩大所得税抵免比提高最低工资更好.md,巴菲特：扩大所得税抵免比提高最低工资更好,content/articles,source-corpus,buffett,true,false,article-candidate,2015,zh,unknown,,primary-authored-candidate,candidate-primary-review,可能是本人署名文章、信件或备忘录，需逐篇核验署名和来源。,,1852,5218,36,2026-07-23T00:47:19.458Z,0,0,,78fcbf4dee1155ca91b810afcf08d02634ab43c1be0047e7034e581c632a47c8,fab7b38041f516fcc4b1aff8483e74005155318d63b99d31a03a8221cd2880b4
content/articles/buffett/巴菲特：买入美国正当时_2008.md,巴菲特：买入美国正当时 2008,content/articles,source-corpus,buffett,true,false,article-candidate,2008,zh,unknown,,primary-authored-candidate,candidate-primary-review,可能是本人署名文章、信件或备忘录，需逐篇核验署名和来源。,,1733,4528,30,2026-07-23T00:47:19.476Z,0,0,,bc315aca0c713c454684747aa2f745a2f8bdb334fcbaecb9d5f5a75a6d268891,c764a02896af1ddb3d2e39bf78b369e3524029809d9998f9f3993fadb3cb7a50
content/articles/buffett/巴菲特：美国的未来_2017.md,巴菲特：美国的未来 2017,content/articles,source-corpus,buffett,true,false,article-candidate,2017,zh,unknown,,primary-authored-candidate,candidate-primary-review,可能是本人署名文章、信件或备忘录，需逐篇核验署名和来源。,,1838,5006,34,2026-07-23T00:47:19.481Z,0,0,,ed7cfa5ae2e336392bf12c97ff41c49c9ccbc03cd244932056d6d128ccea5c17,9800b7d0dd6c825df9cca7bc73038a98f973cdc470f8a7843d8c608425d15d13
content/articles/buffett/巴菲特：美元效应_2009.md,巴菲特：美元效应 2009,content/articles,source-corpus,buffett,true,false,article-candidate,2009,zh,unknown,,primary-authored-candidate,candidate-primary-review,可能是本人署名文章、信件或备忘录，需逐篇核验署名和来源。,,1915,5367,42,2026-07-23T00:47:19.486Z,0,0,,1d15b56821c7e6de0bf860d7077eb598a1173f8b371389ce08804632a4af0d22,d9e08b980133880ee6cbe96926c76e9395dc838a244cd37adaadf3199bb618e8
content/articles/buffett/巴菲特：模糊数学与股票期权_2004.md,巴菲特：模糊数学与股票期权 2004,content/articles,source-corpus,buffett,true,false,article-candidate,2004,zh,unknown,,primary-authored-candidate,candidate-primary-review,可能是本人署名文章、信件或备忘录，需逐篇核验署名和来源。,,1750,4923,28,2026-07-23T00:47:19.461Z,0,0,,c028cfbf0ced7b016671610a606cd4a1648566d33cccbcba7c796539807a7fe5,1e863193c22726e83071e3a466ee28ea8e9b1c718d3f47218ed985abe202b34f
content/articles/buffett/巴菲特：谁是真正的账房先生.md,巴菲特：谁是真正的账房先生,content/articles,source-corpus,buffett,true,false,article-candidate,2002,zh,unknown,,primary-authored-candidate,candidate-primary-review,可能是本人署名文章、信件或备忘录，需逐篇核验署名和来源。,,1677,4517,36,2026-07-23T00:47:19.470Z,0,0,,48d38d7513fda6286168535432db68286a21878ff67f5af726cb251faa6ae253,9ea36ade254507f1a81cdfd5429df2fa3dca3f291019ea116d75e9b5e8facabd
content/articles/buffett/巴菲特：收购_BNSF_铁路.md,巴菲特：收购 BNSF 铁路,content/articles,source-corpus,buffett,true,true,article-candidate,2009,zh,unknown,,primary-authored-candidate,candidate-primary-review,可能是本人署名文章、信件或备忘录，需逐篇核验署名和来源。,,17427,49528,484,2026-07-23T00:47:19.495Z,115,0,,b7476fbe5fca825ef816ed6fd0888bca262b0852d4fd4d5a35dd254548706b25,04d753d4f6b2f73685c27366c77db2df7213b2e8d3523984bf29835548454b61
content/articles/buffett/巴菲特：我为什么不看好美元_2003.md,巴菲特：我为什么不看好美元 2003,content/articles,source-corpus,buffett,true,true,article-candidate,2003,zh,unknown,,primary-authored-candidate,candidate-primary-review,可能是本人署名文章、信件或备忘录，需逐篇核验署名和来源。,,8170,23622,94,2026-07-23T00:47:19.485Z,0,0,,b1ee8cc13991b73d3c052dc9d0014484e03c5751e92e1f1d5ca8873ef0970ff7,d26905285539cf358e610bd1cdb9e27dade3596bb2ec9bf4e6085f1c0e863597
content/articles/buffett/巴菲特合伙契约_1956.md,巴菲特合伙契约 1956,content/articles,source-corpus,buffett,true,false,article-candidate,1956,zh,unknown,,primary-authored-candidate,candidate-primary-review,可能是本人署名文章、信件或备忘录，需逐篇核验署名和来源。,,1585,3392,34,2026-07-23T00:47:19.376Z,0,0,,80c8038fcd6218a3e6cab88b9856c222433235af7558c917ba1ef56417603672,9a103a9bb71eb9f2d6ddb794c41798b55983ce84f1327c328ee32468c33a3eed
content/articles/buffett/巴菲特接见_Dardashti_2007.md,巴菲特接见 Dardashti 2007,content/articles,source-corpus,buffett,true,true,article-candidate,2007,zh,selection-or-excerpt,,uncertain-article,requires-source-review,是否属于本人原始文献尚不能仅凭路径和标题确定。,,2737,6711,50,2026-07-23T00:47:19.364Z,0,0,,592a27ee5816a28471e179595b061ac915c19a7b553c70819effc0bca716d94a,7eaa4195567122a7d82100096ad5dac64651a259522acb3ebca09edfb1f80cd2
content/articles/buffett/巴菲特收购_LTMC_要约_1998.md,巴菲特收购 LTMC 要约 1998,content/articles,source-corpus,buffett,true,false,article-candidate,1998,zh,unknown,,primary-authored-candidate,candidate-primary-review,可能是本人署名文章、信件或备忘录，需逐篇核验署名和来源。,,1335,3157,30,2026-07-23T00:47:19.496Z,0,0,,318a07c1de8490aaabdbabd016bf87086a6b106c2d5e70abedd7efdc02079510,7775a886e8e82a14d73eb6b567245c5db41183b3cd0de72b2d4fa970f80278d2
content/articles/buffett/巴菲特谈_GEICO1976.md,巴菲特谈 GEICO1976,content/articles,source-corpus,buffett,true,false,article-candidate,1976,zh,unknown,,primary-authored-candidate,candidate-primary-review,可能是本人署名文章、信件或备忘录，需逐篇核验署名和来源。,,2671,6923,36,2026-07-23T00:47:19.506Z,0,0,,0eb8e9d02a58bef3a1a3c6939dc29bdfa058d399e6ca467be797472258c6d897,cdd0298d6f16d1712d6a2778cf20f4372efff2b0dc675ee7f6675b3f9113cd23
content/articles/buffett/巴菲特谈股市_1974.md,巴菲特谈股市 1974,content/articles,source-corpus,buffett,true,false,article-candidate,1974,zh,unknown,,primary-authored-candidate,candidate-primary-review,可能是本人署名文章、信件或备忘录，需逐篇核验署名和来源。,,3020,8345,36,2026-07-23T00:47:19.472Z,0,0,,b7c20e71a2172436b8a448b397a88bdc6bd2c6b350ff9a35a6cfa94a42278ec0,e96f7368e427b4474f51205c7c7b8434eb89eec9a724f901db9e98e1f6b51f16
content/articles/buffett/巴菲特谈股市_1979.md,巴菲特谈股市 1979,content/articles,source-corpus,buffett,true,false,article-candidate,1979,zh,unknown,,primary-authored-candidate,candidate-primary-review,可能是本人署名文章、信件或备忘录，需逐篇核验署名和来源。,,3315,8945,34,2026-07-23T00:47:19.484Z,0,0,,9f6d08b19abd4378ca998ec16b3bf963331f373fdc89b340332dc8cf9c35e521,f469988a73dfc3bcd40402a82f68d6936a5aeed0a790739e5dc77d6625ec9021
content/articles/buffett/巴菲特谈股市_1999.md,巴菲特谈股市 1999,content/articles,source-corpus,buffett,true,false,article-candidate,1999,zh,unknown,,primary-authored-candidate,candidate-primary-review,可能是本人署名文章、信件或备忘录，需逐篇核验署名和来源。,,5000,13647,48,2026-07-23T00:47:19.477Z,0,0,,dcd74d71cd2da51fd1ceb1f827d04612150aaf116d38bbf12a0cf0018bc5192a,bfff608d2249a9df6f36b29bb126cf453467816b409d9f5f8884c06ccd6cb502
content/articles/buffett/巴菲特谈股市_2001.md,巴菲特谈股市 2001,content/articles,source-corpus,buffett,true,false,article-candidate,2001,zh,unknown,,primary-authored-candidate,candidate-primary-review,可能是本人署名文章、信件或备忘录，需逐篇核验署名和来源。,,10852,28716,118,2026-07-23T00:47:19.488Z,0,0,,7292ec532a185dabd707277c1665c354c8bf54635048432f077f9f9daabec2d8,b7debfef462090f4e0af113816ef1084d4883a8253193dbffb1b2bd4ab34f2de
content/articles/buffett/巴菲特谈施洛斯的信_1994.md,巴菲特谈施洛斯的信 1994,content/articles,source-corpus,buffett,true,false,article-candidate,1994,zh,unknown,,primary-authored-candidate,candidate-primary-review,可能是本人署名文章、信件或备忘录，需逐篇核验署名和来源。,,1225,2883,26,2026-07-23T00:47:19.356Z,0,0,,286a8014325a893d16e2759d8739f1c565eb733871b410469bf5688bfc554178,aa32c8d0a22e602d29e1e5e312ff24c94d42c7652b3570e6b435be9a775751c1
content/articles/buffett/巴菲特谈通货膨胀_1977.md,巴菲特谈通货膨胀 1977,content/articles,source-corpus,buffett,true,false,article-candidate,1977,zh,unknown,,primary-authored-candidate,candidate-primary-review,可能是本人署名文章、信件或备忘录，需逐篇核验署名和来源。,,16266,44998,190,2026-07-23T00:47:19.480Z,1,0,,269ee6f3e45038e5f51cd5853ce56ea2c8011a64a9b7e5ece103a5076874f19c,881070b0bfa5ae9009eee8c4549adacd3b0ba369f867829aba04b86261988133
content/articles/buffett/巴菲特谈投资_1985.md,巴菲特谈投资 1985,content/articles,source-corpus,buffett,true,true,article-candidate,1985,zh,unknown,,primary-authored-candidate,candidate-primary-review,可能是本人署名文章、信件或备忘录，需逐篇核验署名和来源。,,3122,8803,80,2026-07-23T00:47:19.363Z,14,0,,f79bb438b6bbe69f3cec68e9c6a72db505445cfd2ea440a4f1875015a101717d,3c628bbd003bbb120c3bbe65c582a5367af9d8de4bf13e6655a63ee119fca66b
content/articles/buffett/巴菲特谈投资_1988.md,巴菲特谈投资 1988,content/articles,source-corpus,buffett,true,false,article-candidate,1988,zh,unknown,,primary-authored-candidate,candidate-primary-review,可能是本人署名文章、信件或备忘录，需逐篇核验署名和来源。,,5131,14231,156,2026-07-23T00:47:19.343Z,34,0,,2f68b2f2030d14794086ecf9e2ab4ef65ec1bca1ae260dffcb9ac271f6028fd4,e3d614ac474bcc1bd405e1e457bd2bbd6020dc24eec972c64d3c63813718887a
content/articles/buffett/巴菲特谈微软的信_1997.md,巴菲特谈微软的信 1997,content/articles,source-corpus,buffett,true,false,article-candidate,1997,zh,unknown,,primary-authored-candidate,candidate-primary-review,可能是本人署名文章、信件或备忘录，需逐篇核验署名和来源。,,8046,19702,72,2026-07-23T00:47:19.368Z,0,0,,9be48ea0bc8ee74c6926e5ff476ef91897dddb5ee3fe79039d74dcccaf9c5c4d,27c63a7aafcbc40667c56a87e728af3c3e889368d0394ac8b9d4255bd4e46e0a
content/articles/buffett/巴菲特谈喜诗糖果_1972.md,巴菲特谈喜诗糖果 1972,content/articles,source-corpus,buffett,true,true,article-candidate,1972,zh,unknown,,primary-authored-candidate,candidate-primary-review,可能是本人署名文章、信件或备忘录，需逐篇核验署名和来源。,,22991,57093,262,2026-07-23T00:47:19.527Z,0,0,,a0ffb3ed7cd521db6047f079637bcb0b6d5da668a6fcafb3b41ba7169fe572f0,1557a866f17742aea2132f657c627504547bd54eb3f4c5a9e6a842d0d1db1695
content/articles/buffett/巴菲特谈养老金问题_1975.md,巴菲特谈养老金问题 1975,content/articles,source-corpus,buffett,true,false,article-candidate,1975,zh,unknown,,primary-authored-candidate,candidate-primary-review,可能是本人署名文章、信件或备忘录，需逐篇核验署名和来源。,,13356,37455,150,2026-07-23T00:47:19.529Z,0,0,,8e94f33dde487e9bda175e3d55a2a754e5b34a07db0ee7f81a823d5e1ea65e7d,2ab2492d4abc9f0a64f28e8706447edff6600b503868aeb275fef48e7ab46c14
content/articles/buffett/巴菲特谈指数期货_1982.md,巴菲特谈指数期货 1982,content/articles,source-corpus,buffett,true,false,article-candidate,1982,zh,unknown,,primary-authored-candidate,candidate-primary-review,可能是本人署名文章、信件或备忘录，需逐篇核验署名和来源。,,2762,7585,32,2026-07-23T00:47:19.483Z,0,0,,8549eb2b2ebc7bf5f7d2dea36a1e947f87e1182c0c50e6269d692c314e100802,1caeb12010bb870f10406e6b34abd32caef8364420153ac0a44b136d32d4956b
content/articles/buffett/巴菲特致所罗门股东信_1991.md,巴菲特致所罗门股东信 1991,content/articles,source-corpus,buffett,true,false,article-candidate,1991,zh,unknown,,primary-authored-candidate,candidate-primary-review,可能是本人署名文章、信件或备忘录，需逐篇核验署名和来源。,,4874,13564,70,2026-07-23T00:47:19.493Z,0,0,,bf68d37b00b94142facaf29c7c0b8c47c7e4eb24b5df64117f9a00b249b8e0ad,291f9c29e1fdcf9448af8b071c044eea021452efdbe3940d951ed6e37c615b61
content/articles/buffett/伯克希尔_50_周年：过去、现在和未来.md,伯克希尔 50 周年：过去、现在和未来,content/articles,source-corpus,buffett,true,true,article-candidate,1964,zh,unknown,,primary-authored-candidate,candidate-primary-review,可能是本人署名文章、信件或备忘录，需逐篇核验署名和来源。,,22989,63622,362,2026-07-23T00:47:19.372Z,0,0,,5be0d43b3bded2d8b4910972087527956b2ec614746fe7c12d7d22466457a2f2,465b9fd62e13395f9675f4c057c745533e7c937f38aadb0c9c1c84026a02d83d
content/articles/buffett/伯克希尔股东手册_1996.md,伯克希尔股东手册 1996,content/articles,source-corpus,buffett,true,true,article-candidate,1996,zh,unknown,,primary-authored-candidate,candidate-primary-review,可能是本人署名文章、信件或备忘录，需逐篇核验署名和来源。,,9900,28437,168,2026-07-23T00:47:19.491Z,1,0,,e08b3faebec28c1b603fcd7764fb0b1072a78652489d706b8051355a81cc53da,29feb495abff7005e982de0505258ac1dcb3757f535313b63ba5ec1d0ca1178a
content/articles/buffett/我最看好的股票：人寿保险_1957.md,我最看好的股票：人寿保险 1957,content/articles,source-corpus,buffett,true,false,article-candidate,1957,zh,unknown,,primary-authored-candidate,candidate-primary-review,可能是本人署名文章、信件或备忘录，需逐篇核验署名和来源。,,1477,3309,36,2026-08-04T03:09:35.136Z,0,0,,38ecdd0018f6337ce9ee876c41b4c5730dea61103738dc540f42957a2d692229,ff52dd7a8fe2c6b076c74413683f01d1313b03c9f657658b8bcd01c0fe90a3b2
content/articles/buffett/我最看好的股票：西部保险_1953.md,我最看好的股票：西部保险 1953,content/articles,source-corpus,buffett,true,false,article-candidate,1953,zh,unknown,,primary-authored-candidate,candidate-primary-review,可能是本人署名文章、信件或备忘录，需逐篇核验署名和来源。,,2373,6290,38,2026-07-23T00:47:19.500Z,0,0,,dd3d5cb1576730c381930136bbf6635c02bcfe6958fa27c2579a7e4368ab85a5,8be578d532fb740758de463e0c4b1972da3995514a526b0dd4e3e0eed0d1a29a
content/articles/buffett/我最看好的股票：油气资产管理公司_1957.md,我最看好的股票：油气资产管理公司 1957,content/articles,source-corpus,buffett,true,false,article-candidate,1957,zh,unknown,,primary-authored-candidate,candidate-primary-review,可能是本人署名文章、信件或备忘录，需逐篇核验署名和来源。,,2453,6153,28,2026-07-23T00:47:19.497Z,1,0,,0c55783d16314be0e934288056119783cf19c882e326c07296350fb700efc270,bf871d647ed8ae1aa172952c1d0192155b9552b927cdc31e6d39a1143c44e42f
content/articles/buffett/我最看好的股票：GEICO_保险_1951.md,我最看好的股票：GEICO 保险 1951,content/articles,source-corpus,buffett,true,false,article-candidate,1951,zh,unknown,,primary-authored-candidate,candidate-primary-review,可能是本人署名文章、信件或备忘录，需逐篇核验署名和来源。,,2488,6214,49,2026-07-23T00:47:19.510Z,0,0,,848a7d8841e13c768620dad96f7bfaa2becbb1ae1458ec87091b666acf37baa3,79eb2315cbd8ae3348caa4cdb02c0eee463009cdcc17ae7812b460b736d523ce
content/articles/munger/芒格：2003_年的金融大丑闻.md,芒格：2003 年的金融大丑闻,content/articles,source-corpus,munger,false,true,article-candidate,2003,zh,unknown,,primary-authored-candidate,candidate-primary-review,可能是本人署名文章、信件或备忘录，需逐篇核验署名和来源。,,9678,27255,102,2026-07-23T00:47:19.342Z,0,0,,8353b5e46a5c4b5d13b61b55284f3453097ddf065d2681cd7fed69b50b351b95,c1a68058ded0f4b216c64b051c5b7a5f8f1dc719128862bdf29741198b586a3d
content/articles/other/伯克希尔：集团企业的终极折让.md,伯克希尔：集团企业的终极折让,content/articles,source-corpus,both,true,true,other,1999,zh,unknown,,embedded-primary-text-candidate,review-embedded-primary-text,非核心目录中检测到连续本人说话标记，需判断是否完整转载了原始文献。,,81949,213910,862,2026-07-23T00:47:19.531Z,20,4,,a044e4f50ebbf3c3d53c25b980415e7109eb773fb09797386d7c0b0d4a52578a,d07f04db27ea5af149120720df5d0824286a7390fe862020f6094257390c168b
content/articles/other/伯克希尔与标普_500_指数.md,伯克希尔与标普 500 指数,content/articles,source-corpus,buffett,true,false,other,1954,zh,unknown,,embedded-primary-text-candidate,review-embedded-primary-text,非核心目录中检测到连续本人说话标记，需判断是否完整转载了原始文献。,,19420,54938,228,2026-07-23T00:47:19.482Z,31,0,,cba07132d0c3dd1f93413b49bbbe908caabc1083fe776c3136eff5d056265cd5,bfe09e3fc0c0936fc1a4df1a9ec13c43b323fdbd3504421f933cdf4f5353b8f8
content/articles/other/如何建立能力圈.md,如何建立能力圈,content/articles,source-corpus,both,true,true,other,,zh,unknown,,embedded-primary-text-candidate,review-embedded-primary-text,非核心目录中检测到连续本人说话标记，需判断是否完整转载了原始文献。,,50732,144816,714,2026-07-23T00:47:19.366Z,88,56,,e639245b4a8ced0ba8cd0038689dee95ceafd62e1c1e0f0e723b20e3f0014569,5213b21268640aa359af0d7fea70bdbcaf8229b9d628b2e8113e9890824cba87
content/bloggers/在苍茫中传灯/20180420_巴菲特眼中的估值.md,巴菲特眼中的估值,content/bloggers,source-corpus,none,true,true,subject-reference,2018,zh,unknown,,embedded-primary-text-candidate,review-embedded-primary-text,非核心目录中检测到连续本人说话标记，需判断是否完整转载了原始文献。,,4100,11092,95,2026-08-09T13:00:44.636Z,2,1,,013600eea2426861b08a8325e65026aff0c8b1d0e6dd3d341ca564f4dfe3da27,b8d9e345576f6a55df79d5c5c0c4cb92dc1913003cd2076ddc0b4565f20c2f51
content/bloggers/在苍茫中传灯/20230123_满城尽带黄金甲.md,满城尽带黄金甲,content/bloggers,source-corpus,munger,true,true,other,2023,zh,unknown,,embedded-primary-text-candidate,review-embedded-primary-text,非核心目录中检测到连续本人说话标记，需判断是否完整转载了原始文献。,,4758,13735,87,2026-08-09T13:00:46.070Z,0,8,,618323de73838c777d71868856777357fc25c27dcaaaefbb087c67fb979f63a8,a2d687b60c82a446d1c24e34748608d013bbec0ae865f760b3b0cdf0b4cfd75a
content/bloggers/在苍茫中传灯/20250127_2019年“在苍茫中传灯”文章总汇.md,2019年“在苍茫中传灯”文章总汇,content/bloggers,source-corpus,munger,true,true,other,2019,zh,unknown,,embedded-primary-text-candidate,review-embedded-primary-text,非核心目录中检测到连续本人说话标记，需判断是否完整转载了原始文献。,,1696,4149,189,2026-08-09T13:00:46.409Z,0,9,,e23fe83556fe755b1cc4894aae5c9baefea12fa9dc9c0a30617d0d633f7dab2b,20383882dc2e459b9abcf17fd1cd678f75ed8c0f5ceccbf981fc8fa5e142e0d9
content/buffettfaq_cnbc/1994/Afternoon_Session_-_1994_Meeting.md,Afternoon Session - 1994 Meeting,content/buffettfaq_cnbc,source-corpus,both,true,true,berkshire-annual-meeting-session,1994,en,full-candidate,,primary-transcript-original-language-candidate,candidate-source-version,CNBC 年会完整英文场次，优先作为中文实录的校核底本。,berkshire-meeting-1994-afternoon,56976,57580,832,2026-08-09T10:19:52.167Z,95,35,,29f3488de9dc3eacee8f3c3d517a37a92a2cea3f6bdabd5b9a431273fbd27542,96341f28be0d935452ee2a94c6bb9149dccda8e3c8a039ff17b7bfc411a80dc9
content/buffettfaq_cnbc/1994/Morning_Session_-_1994_Meeting.md,Morning Session - 1994 Meeting,content/buffettfaq_cnbc,source-corpus,both,true,true,berkshire-annual-meeting-session,1994,en,full-candidate,,primary-transcript-original-language-candidate,candidate-source-version,CNBC 年会完整英文场次，优先作为中文实录的校核底本。,berkshire-meeting-1994-morning,132055,132971,1991,2026-08-09T10:19:52.172Z,180,61,,ec10ae42f62825cc1543611827af0c0123df21f0a47de9d433af8d24ba35130b,4872bac37cc387034001483ae7d2c55ad2f100e293eaa82545a2b8792b453e7f
content/buffettfaq_cnbc/1995/Afternoon_Session_-_1995_Meeting.md,Afternoon Session - 1995 Meeting,content/buffettfaq_cnbc,source-corpus,both,true,true,berkshire-annual-meeting-session,1995,en,full-candidate,,primary-transcript-original-language-candidate,candidate-source-version,CNBC 年会完整英文场次，优先作为中文实录的校核底本。,berkshire-meeting-1995-afternoon,127189,128175,1785,2026-08-09T10:19:52.179Z,154,65,,3e64e7e614421d22bf423a4bcc9b22fe4723a95df9b09bf44463683fc22e4b92,02bb998a5090156bdb3dcbf5e2366d2a517b9882ca01cfe0e0a2b1728c1f1007
content/buffettfaq_cnbc/1995/Morning_Session_-_1995_Meeting.md,Morning Session - 1995 Meeting,content/buffettfaq_cnbc,source-corpus,both,true,true,berkshire-annual-meeting-session,1995,en,full-candidate,,primary-transcript-original-language-candidate,candidate-source-version,CNBC 年会完整英文场次，优先作为中文实录的校核底本。,berkshire-meeting-1995-morning,127804,128759,1732,2026-08-09T10:19:52.184Z,130,38,,f963ab187aeecbb47762ecdab6dc64921e7b644d6fe54116ef776938792d30f1,bc864d6b6606b51f0be1eb54adbebdf07db14ce95d934030f8350379de104a58
content/buffettfaq_cnbc/1996/Afternoon_Session_-_1996_Meeting.md,Afternoon Session - 1996 Meeting,content/buffettfaq_cnbc,source-corpus,both,true,true,berkshire-annual-meeting-session,1996,en,full-candidate,,primary-transcript-original-language-candidate,candidate-source-version,CNBC 年会完整英文场次，优先作为中文实录的校核底本。,berkshire-meeting-1996-afternoon,132980,133944,1734,2026-08-09T10:19:52.189Z,136,52,,d4ee759ef1bf8c8c7d8c2287622a78310373019b487e6e286de66c566b407c25,b4db99efaebf0dbae5e6f635f21859f51390ed765ab96e9170dc516239f1058b
content/buffettfaq_cnbc/1996/Morning_Session_-_1996_Meeting.md,Morning Session - 1996 Meeting,content/buffettfaq_cnbc,source-corpus,both,true,true,berkshire-annual-meeting-session,1996,en,full-candidate,,primary-transcript-original-language-candidate,candidate-source-version,CNBC 年会完整英文场次，优先作为中文实录的校核底本。,berkshire-meeting-1996-morning,138109,139301,1868,2026-08-09T10:19:52.192Z,150,15,,dfa0d1fb1781396c06e938e2c96fd232ed7083cec017b019679923fd59938a5c,44875e93b511ef16987233a7ac89f054ac63edf4a2eb518898b2558c1b651720
content/buffettfaq_cnbc/1997/Afternoon_Session_-_1997_Meeting.md,Afternoon Session - 1997 Meeting,content/buffettfaq_cnbc,source-corpus,both,true,true,berkshire-annual-meeting-session,1997,en,full-candidate,,primary-transcript-original-language-candidate,candidate-source-version,CNBC 年会完整英文场次，优先作为中文实录的校核底本。,berkshire-meeting-1997-afternoon,151648,152606,1946,2026-08-09T10:19:52.198Z,154,84,https://en.wikipedia.org/wiki/Yogi_Berra,c3b78291b387990e5d03e2dedc637b9761111dc1a0685ea5cc68a8406efee75e,6c8e66b2c3c76e26705f7449456f2f4450009fc6877ec842250ceef9e60efc8e
content/buffettfaq_cnbc/1997/Morning_Session_-_1997_Meeting.md,Morning Session - 1997 Meeting,content/buffettfaq_cnbc,source-corpus,both,true,true,berkshire-annual-meeting-session,1997,en,full-candidate,,primary-transcript-original-language-candidate,candidate-source-version,CNBC 年会完整英文场次，优先作为中文实录的校核底本。,berkshire-meeting-1997-morning,129530,130262,1595,2026-08-09T10:19:52.201Z,127,47,,749c9c298e21f2090ff966c564c300a4d9cc0b2dc789c6b5f6800c4b6b2724b3,9dcc51350f741fc4cedee9e47ed662fb5dea9172b44850caea59c341e26be7dc
content/buffettfaq_cnbc/1998/Afternoon_Session_-_1998_Meeting.md,Afternoon Session - 1998 Meeting,content/buffettfaq_cnbc,source-corpus,both,true,true,berkshire-annual-meeting-session,1998,en,full-candidate,,primary-transcript-original-language-candidate,candidate-source-version,CNBC 年会完整英文场次，优先作为中文实录的校核底本。,berkshire-meeting-1998-afternoon,153073,153963,2013,2026-08-09T10:19:52.205Z,187,83,,a26fc270c3fa9d15d0e5d99170fea25d3d82370b6aaa56fca987496c31de66c8,014a7b9ec6fc075cb98baf97f6ce39a3cc1adc4fb995d793cb2e340bb49a82b2
content/buffettfaq_cnbc/1998/Morning_Session_-_1998_Meeting.md,Morning Session - 1998 Meeting,content/buffettfaq_cnbc,source-corpus,both,true,true,berkshire-annual-meeting-session,1998,en,full-candidate,,primary-transcript-original-language-candidate,candidate-source-version,CNBC 年会完整英文场次，优先作为中文实录的校核底本。,berkshire-meeting-1998-morning,137788,138382,1927,2026-08-09T10:19:52.210Z,179,81,,135f9ffe6bcd9beb2d372ccfb019766f7b41a1c6986e0bdb5755148ad3da65d9,0c88094ae74fa4fb5ff8f9e157e8ede436aa174b4c5a42958496ed6d526f4e0f
content/buffettfaq_cnbc/1999/Afternoon_Session_-_1999_Meeting.md,Afternoon Session - 1999 Meeting,content/buffettfaq_cnbc,source-corpus,both,true,true,berkshire-annual-meeting-session,1999,en,full-candidate,,primary-transcript-original-language-candidate,candidate-source-version,CNBC 年会完整英文场次，优先作为中文实录的校核底本。,berkshire-meeting-1999-afternoon,140857,141905,1758,2026-08-09T10:19:52.220Z,119,60,,b75d66519d9fad615ee950a3550182e8c2f9960df7a351edcb148e89f6a09367,d72d54ea13ad7f5b1e053b70b396bca5756ae4f35fb2f0153ba1802b36e77e15
content/buffettfaq_cnbc/1999/Morning_Session_-_1999_Meeting.md,Morning Session - 1999 Meeting,content/buffettfaq_cnbc,source-corpus,both,true,true,berkshire-annual-meeting-session,1999,en,full-candidate,,primary-transcript-original-language-candidate,candidate-source-version,CNBC 年会完整英文场次，优先作为中文实录的校核底本。,berkshire-meeting-1999-morning,139425,140201,1808,2026-08-09T10:19:52.225Z,127,45,,fd4b78ad1f426ad90b95f06877ca9ce9ae9681a76c131d8bdfd6bdc1a34886c0,075be25ab4f8e45ee39c88645510419f05a01341da40e8d47a138a974911911e
content/buffettfaq_cnbc/2000/Afternoon_Session_-_2000_Meeting.md,Afternoon Session - 2000 Meeting,content/buffettfaq_cnbc,source-corpus,both,true,true,berkshire-annual-meeting-session,2000,en,full-candidate,,primary-transcript-original-language-candidate,candidate-source-version,CNBC 年会完整英文场次，优先作为中文实录的校核底本。,berkshire-meeting-2000-afternoon,141318,142088,1831,2026-08-09T10:19:52.230Z,127,44,,c3c6c6292028008a785ed95cbf3b9d6ee038aae624021e3f287b51060e75e77c,d9ec0e7abbd9d94d19924b7fb2c13cc8025572696294154ac6e768df2e2bb741
content/buffettfaq_cnbc/2000/Morning_Session_-_2000_Meeting.md,Morning Session - 2000 Meeting,content/buffettfaq_cnbc,source-corpus,both,true,true,berkshire-annual-meeting-session,2000,en,full-candidate,,primary-transcript-original-language-candidate,candidate-source-version,CNBC 年会完整英文场次，优先作为中文实录的校核底本。,berkshire-meeting-2000-morning,123878,124762,1528,2026-08-09T10:19:52.235Z,98,33,,b4295afec51c47ffd13164cc11be19f7bd1f4a1b239b72aac00431651684369e,3da3b970331782f890806fddedf29def4669fc90d597133264a94e00fbcee57d
content/buffettfaq_cnbc/2001/Afternoon_Session_-_2001_Meeting.md,Afternoon Session - 2001 Meeting,content/buffettfaq_cnbc,source-corpus,both,true,true,berkshire-annual-meeting-session,2001,en,full-candidate,,primary-transcript-original-language-candidate,candidate-source-version,CNBC 年会完整英文场次，优先作为中文实录的校核底本。,berkshire-meeting-2001-afternoon,138960,139888,1783,2026-08-09T10:19:52.239Z,127,68,,0c700fb4c69493a4d13913ea8a4284323fb0a91284f78249edd1853819413113,f9a3dd87ee2a8de68fa03dbfbd5197220832dc54683792431135dad6976706b4
content/buffettfaq_cnbc/2001/Morning_Session_-_2001_Meeting.md,Morning Session - 2001 Meeting,content/buffettfaq_cnbc,source-corpus,both,true,true,berkshire-annual-meeting-session,2001,en,full-candidate,,primary-transcript-original-language-candidate,candidate-source-version,CNBC 年会完整英文场次，优先作为中文实录的校核底本。,berkshire-meeting-2001-morning,128003,128719,1593,2026-08-09T10:19:52.245Z,108,46,,dae15b0e25f55107922a76f071c4efaecb03c55fdb72d4e4c4fa29cde0cd274a,c5d04b9ca6a9ff5c0327aefecc70f7c35522c3e84bf2f7b47c804250897bbc82
content/buffettfaq_cnbc/2002/Afternoon_Session_-_2002_Meeting.md,Afternoon Session - 2002 Meeting,content/buffettfaq_cnbc,source-corpus,both,true,true,berkshire-annual-meeting-session,2002,en,full-candidate,,primary-transcript-original-language-candidate,candidate-source-version,CNBC 年会完整英文场次，优先作为中文实录的校核底本。,berkshire-meeting-2002-afternoon,145256,146182,1795,2026-08-09T10:19:52.249Z,125,59,,c6bc30b49b540535ebea17408f422fac6b78488b6c3bf6063d8e96415d8c2507,403817f51a12795852eec76347946fac408f00aaf0ede68591a5fc65ced92738
content/buffettfaq_cnbc/2002/Morning_Session_-_2002_Meeting.md,Morning Session - 2002 Meeting,content/buffettfaq_cnbc,source-corpus,both,true,true,berkshire-annual-meeting-session,2002,en,selection-or-excerpt,,primary-transcript-original-language-candidate,candidate-source-version,CNBC 年会完整英文场次，优先作为中文实录的校核底本。,berkshire-meeting-2002-morning,138313,140311,1967,2026-08-09T10:19:52.253Z,102,44,,9ddfe78484227a646874034fb0ddc526a4f2a1523949a4c63163d9bfb9e6d363,eedef2dd4ba5365b0909994c97f6aeb1de0bb3ebb37e5b55315a9b11e8df208b
content/buffettfaq_cnbc/2003/Afternoon_Session_-_2003_Meeting.md,Afternoon Session - 2003 Meeting,content/buffettfaq_cnbc,source-corpus,both,true,true,berkshire-annual-meeting-session,2003,en,full-candidate,,primary-transcript-original-language-candidate,candidate-source-version,CNBC 年会完整英文场次，优先作为中文实录的校核底本。,berkshire-meeting-2003-afternoon,144791,145683,1780,2026-08-09T10:19:52.256Z,112,63,,83b6e3ae62deab7f626e49b3c0f3323db82e5055d5b1ee017487f2c67c2be0ab,16cae51c5dddd270d41ba573b5563f8a296882430f261db30597c43810c6d610
content/buffettfaq_cnbc/2003/Morning_Session_-_2003_Meeting.md,Morning Session - 2003 Meeting,content/buffettfaq_cnbc,source-corpus,both,true,true,berkshire-annual-meeting-session,2003,en,full-candidate,,primary-transcript-original-language-candidate,candidate-source-version,CNBC 年会完整英文场次，优先作为中文实录的校核底本。,berkshire-meeting-2003-morning,136609,137629,1758,2026-08-09T10:19:52.260Z,115,33,,035ecc888cfed03fceb3717dd49771c33a5c59fe953743b4f26a08295aca09c8,4879ba36b63036e19f54203d1546d6b66dd19f1f10c285ea624debfa453e0ad1
content/buffettfaq_cnbc/2004/Afternoon_Session_-_2004_Meeting.md,Afternoon Session - 2004 Meeting,content/buffettfaq_cnbc,source-corpus,buffett,true,true,berkshire-annual-meeting-session,2004,en,full-candidate,,primary-transcript-original-language-candidate,candidate-source-version,CNBC 年会完整英文场次，优先作为中文实录的校核底本。,berkshire-meeting-2004-afternoon,129882,132667,1764,2026-08-09T09:05:28.433Z,0,0,https://buffett.cnbc.com/,85fc8ce84f910adea42a958b791878612ed9df53d8d086ee4bbf3e11b05d4090,324cbf45dedb1173448b837eba17288ef0be5f44c9df2cd256a4c092fb31c249
content/buffettfaq_cnbc/2004/Morning_Session_-_2004_Meeting.md,Morning Session - 2004 Meeting,content/buffettfaq_cnbc,source-corpus,buffett,true,true,berkshire-annual-meeting-session,2004,en,full-candidate,,primary-transcript-original-language-candidate,candidate-source-version,CNBC 年会完整英文场次，优先作为中文实录的校核底本。,berkshire-meeting-2004-morning,130748,133197,1564,2026-08-09T09:05:28.437Z,0,0,https://buffett.cnbc.com/,3cfe9487792297803c3300711455089a31b040b416ce7f477e032f9c29d16460,8398270f3c6766d69125b0090517c639c66fb4925db35a7890a71172f115a8b7
content/buffettfaq_cnbc/2005/Afternoon_Session_-_2005_Meeting.md,Afternoon Session - 2005 Meeting,content/buffettfaq_cnbc,source-corpus,both,true,true,berkshire-annual-meeting-session,2005,en,full-candidate,,primary-transcript-original-language-candidate,candidate-source-version,CNBC 年会完整英文场次，优先作为中文实录的校核底本。,berkshire-meeting-2005-afternoon,114742,115660,1467,2026-08-09T10:19:52.266Z,101,60,,3b05ec10dd109006fa64341b1e31e0bcbf48ddade3f8893c9ddab990ceea03fb,6c45c6287d726a561fe4113d4424d9762076525964152231d4d7fdfe86ff624d
content/buffettfaq_cnbc/2005/Morning_Session_-_2005_Meeting.md,Morning Session - 2005 Meeting,content/buffettfaq_cnbc,source-corpus,both,true,true,berkshire-annual-meeting-session,2005,en,full-candidate,,primary-transcript-original-language-candidate,candidate-source-version,CNBC 年会完整英文场次，优先作为中文实录的校核底本。,berkshire-meeting-2005-morning,129242,129866,1708,2026-08-09T10:19:52.269Z,92,44,,c7ef05c6e23f3a869af4fb5f7fd8ec54a355a3aa9427c9666477403983d97731,950091023f72ea9f03b1c7a75e281fca43b29971df96137a43088743dcf004df
content/buffettfaq_cnbc/2006/Afternoon_Session_-_2006_Meeting.md,Afternoon Session - 2006 Meeting,content/buffettfaq_cnbc,source-corpus,both,true,true,berkshire-annual-meeting-session,2006,en,full-candidate,,primary-transcript-original-language-candidate,candidate-source-version,CNBC 年会完整英文场次，优先作为中文实录的校核底本。,berkshire-meeting-2006-afternoon,110061,111023,1456,2026-08-09T10:19:52.273Z,121,61,,c4e855089e0324c8e3d9788d145b8c5d07b30cf4ce5e6e2d3fbcdd71e923488c,9f1f80f2209be911cf1bb4c399c1a91807b0a0705948f61e64e93ea917a7401b
content/buffettfaq_cnbc/2006/Morning_Session_-_2006_Meeting.md,Morning Session - 2006 Meeting,content/buffettfaq_cnbc,source-corpus,both,true,true,berkshire-annual-meeting-session,2006,en,full-candidate,,primary-transcript-original-language-candidate,candidate-source-version,CNBC 年会完整英文场次，优先作为中文实录的校核底本。,berkshire-meeting-2006-morning,123277,124069,1697,2026-08-09T10:19:52.275Z,95,44,,00b5f3a1558cf524aa818a8c30735ea254b395aa24a770665168d22d3a1f8ac7,821ea03473e4b8b3ae41fb0baed3ca4dceb644e788f55a52fdb2eaf116b2d51c
content/buffettfaq_cnbc/2007/Afternoon_Session_-_2007_Meeting.md,Afternoon Session - 2007 Meeting,content/buffettfaq_cnbc,source-corpus,both,true,true,berkshire-annual-meeting-session,2007,en,full-candidate,,primary-transcript-original-language-candidate,candidate-source-version,CNBC 年会完整英文场次，优先作为中文实录的校核底本。,berkshire-meeting-2007-afternoon,144046,144734,1912,2026-08-09T10:19:52.278Z,141,48,,0a53092ad52886883a64cec560bb7869d839d604eedd21dff2e8215af7248ab4,888b1716d57c33b5c8294f122885fd04501704f218e994d14c8bb6c1b65f1b59
content/buffettfaq_cnbc/2007/Morning_Session_-_2007_Meeting.md,Morning Session - 2007 Meeting,content/buffettfaq_cnbc,source-corpus,both,true,true,berkshire-annual-meeting-session,2007,en,full-candidate,,primary-transcript-original-language-candidate,candidate-source-version,CNBC 年会完整英文场次，优先作为中文实录的校核底本。,berkshire-meeting-2007-morning,126297,126995,1737,2026-08-09T10:19:52.283Z,102,44,,3a0fc68176f6288d5b3238375fa1fcef785463ccf0c46f55de2bb5db688607b6,58848869491d5a7dffecdb31df893d70fe272e957617efb626d0ffe7c418d94e
content/buffettfaq_cnbc/2008/Afternoon_Session_-_2008_Meeting.md,Afternoon Session - 2008 Meeting,content/buffettfaq_cnbc,source-corpus,both,true,true,berkshire-annual-meeting-session,2008,en,full-candidate,,primary-transcript-original-language-candidate,candidate-source-version,CNBC 年会完整英文场次，优先作为中文实录的校核底本。,berkshire-meeting-2008-afternoon,112464,113196,1560,2026-08-09T10:19:52.285Z,134,49,,95bd2b1da3f5bdbc680d4b4417f15b8d178a83e8fd5b9ee843845c6ba955f28f,0736b25c37e14b21a00575af4136be6f153ae97a770c42f1b5e4c419e4d567db
content/buffettfaq_cnbc/2008/Morning_Session_-_2008_Meeting.md,Morning Session - 2008 Meeting,content/buffettfaq_cnbc,source-corpus,both,true,true,berkshire-annual-meeting-session,2008,en,full-candidate,,primary-transcript-original-language-candidate,candidate-source-version,CNBC 年会完整英文场次，优先作为中文实录的校核底本。,berkshire-meeting-2008-morning,129116,129916,1677,2026-08-09T10:19:52.290Z,124,51,,a3407f2d934c079fa42c03be8cc00bd62f5b1ff0236a885ec30aa8719f67e340,7c10e7a73f350e58366f7f26493ed87cf08ae0abeb93e296701568d80254d538
content/buffettfaq_cnbc/2009/Afternoon_Session_-_2009_Meeting.md,Afternoon Session - 2009 Meeting,content/buffettfaq_cnbc,source-corpus,both,true,true,berkshire-annual-meeting-session,2009,en,full-candidate,,primary-transcript-original-language-candidate,candidate-source-version,CNBC 年会完整英文场次，优先作为中文实录的校核底本。,berkshire-meeting-2009-afternoon,117237,118125,1600,2026-08-09T10:19:52.294Z,111,48,,dbb77bfff0c3c5c852dc0a46564e9fe263915e465861bf2ae458ae1defc90ade,f69d2b825787c9a4a55cc89b6f5fff39e49ae961832d4c689cf376b6f2b3b4a1
content/buffettfaq_cnbc/2009/Morning_Session_-_2009__Meeting.md,Morning Session - 2009  Meeting,content/buffettfaq_cnbc,source-corpus,buffett,true,true,berkshire-annual-meeting-session,2009,en,full-candidate,,primary-transcript-original-language-candidate,candidate-source-version,CNBC 年会完整英文场次，优先作为中文实录的校核底本。,berkshire-meeting-2009-morning,142605,144654,1830,2026-08-09T09:05:28.511Z,0,0,https://buffett.cnbc.com/,902ea28327f29f4c249ec24da88168b5ff7b21ebaf4d8b6e37c9a6d07442e7b1,8c3c1347e98bd4c2fd4a140748696fcab4932158ebcb6db5831616138c9f835b
content/buffettfaq_cnbc/2009/Morning_Session_-_2009_Meeting.md,Morning Session - 2009  Meeting,content/buffettfaq_cnbc,source-corpus,both,true,true,berkshire-annual-meeting-session,2009,en,full-candidate,,primary-transcript-original-language-candidate,candidate-source-version,CNBC 年会完整英文场次，优先作为中文实录的校核底本。,berkshire-meeting-2009-morning,143196,144014,1798,2026-08-09T10:19:52.300Z,99,41,,915160fb57e42199f41f6b527b769c3c119122948d493e12dd77ff4cc3ba4ffb,260741158fcfc908ee7a2099954e26e6581e16d73290d31f77544c0ef2b0613b
content/buffettfaq_cnbc/2010/Afternoon_Session_-_2010_Meeting.md,Afternoon Session - 2010 Meeting,content/buffettfaq_cnbc,source-corpus,both,true,true,berkshire-annual-meeting-session,2010,en,full-candidate,,primary-transcript-original-language-candidate,candidate-source-version,CNBC 年会完整英文场次，优先作为中文实录的校核底本。,berkshire-meeting-2010-afternoon,130868,131498,1903,2026-08-09T10:19:52.304Z,156,87,,aa610c79444ee72ef8440c3e9b155232e8c952288dbd65d2a08502ed02fd9708,df0f268713bfef71e5cf262ad604ea1b37124690b2093c15cfa5dc52b0d1ba02
content/buffettfaq_cnbc/2010/Morning_Session_-_2010_Meeting.md,Morning Session - 2010 Meeting,content/buffettfaq_cnbc,source-corpus,both,true,true,berkshire-annual-meeting-session,2010,en,full-candidate,,primary-transcript-original-language-candidate,candidate-source-version,CNBC 年会完整英文场次，优先作为中文实录的校核底本。,berkshire-meeting-2010-morning,128579,129089,1718,2026-08-09T10:19:52.311Z,108,54,,8edcc71b94d15d7efd5675d062153a92ab6ba3270337388a0f9d9ad0f9dbbd61,f6f22ad12c8c251043e6b25ac92106b0a1e83f20c4a29c026d5836e7e2108188
content/buffettfaq_cnbc/2011/Afternoon_Session_-_2011_Meeting.md,Afternoon Session - 2011 Meeting,content/buffettfaq_cnbc,source-corpus,both,true,true,berkshire-annual-meeting-session,2011,en,full-candidate,,primary-transcript-original-language-candidate,candidate-source-version,CNBC 年会完整英文场次，优先作为中文实录的校核底本。,berkshire-meeting-2011-afternoon,149534,150428,2117,2026-08-09T10:19:52.315Z,194,85,,b72b214a9febc7e2d276ba591d10873d46b5b9376828e795d50d03128a6f3d22,fbb8d9dfa923bc2c1d66dd7a801c804000a7ed71c91c248a93929ed91d69376e
content/buffettfaq_cnbc/2011/Morning_Session_-_2011_Meeting.md,Morning Session - 2011 Meeting,content/buffettfaq_cnbc,source-corpus,both,true,true,berkshire-annual-meeting-session,2011,en,full-candidate,,primary-transcript-original-language-candidate,candidate-source-version,CNBC 年会完整英文场次，优先作为中文实录的校核底本。,berkshire-meeting-2011-morning,120185,121047,1438,2026-08-09T10:19:52.321Z,79,46,,91a08e3e4206e29beef2b6d9f171d5d71478a30a780772624a4fc8721e9448b3,aa8457b6922b268b8eec34cabbb8629fa437ec998614a52db440623d8b970d7a
content/buffettfaq_cnbc/2012/Afternoon_Session_-_2012_Meeting.md,Afternoon Session - 2012 Meeting,content/buffettfaq_cnbc,source-corpus,both,true,true,berkshire-annual-meeting-session,2012,en,full-candidate,,primary-transcript-original-language-candidate,candidate-source-version,CNBC 年会完整英文场次，优先作为中文实录的校核底本。,berkshire-meeting-2012-afternoon,132631,133331,1965,2026-08-09T10:19:52.326Z,206,136,,c13d6203f3c637fdb8da15812559dc8e1a6cdec56f179b3b56209f0ec0577273,26d0508e3a8db5422bd8669675adf152f98128a0d98024cf0bbb0d26b75118fa
content/buffettfaq_cnbc/2012/Morning_Session_-_2012_Meeting.md,Morning Session - 2012 Meeting,content/buffettfaq_cnbc,source-corpus,both,true,true,berkshire-annual-meeting-session,2012,en,full-candidate,,primary-transcript-original-language-candidate,candidate-source-version,CNBC 年会完整英文场次，优先作为中文实录的校核底本。,berkshire-meeting-2012-morning,129911,130771,1747,2026-08-09T10:19:52.329Z,127,61,,400f8623cb65dc2fdab42b49ad04a393b19e7ebb46a3801ca270b9966918bc95,353d9f9d3dd79b3a5b76e4b47f5839d29cba4aec27f55f9e6a6c0f69157c59fa
content/buffettfaq_cnbc/2013/Afternoon_Session_-_2013_Meeting.md,Afternoon Session - 2013 Meeting,content/buffettfaq_cnbc,source-corpus,both,true,true,berkshire-annual-meeting-session,2013,en,full-candidate,,primary-transcript-original-language-candidate,candidate-source-version,CNBC 年会完整英文场次，优先作为中文实录的校核底本。,berkshire-meeting-2013-afternoon,117042,117870,1741,2026-08-09T10:19:52.332Z,186,125,,baee5d4116b13e17292691926b9fff5bf479480355d7b37b316082c4e5abe716,0f57c88a9864f893ada23b0f82e04d628b8a53cb78dca0f317fe8c6ed66c5ae0
content/buffettfaq_cnbc/2013/Morning_Session_-_2013_Meeting.md,Morning Session - 2013 Meeting,content/buffettfaq_cnbc,source-corpus,both,true,false,berkshire-annual-meeting-session,2013,en,full-candidate,,primary-transcript-original-language-candidate,candidate-source-version,CNBC 年会完整英文场次，优先作为中文实录的校核底本。,berkshire-meeting-2013-morning,131080,132008,2029,2026-08-09T10:19:52.335Z,157,75,,e77b2c939eeb5ba37efb98c6bdf93fd5575f56798e6a3c6fb38451f396174ccb,02755ddf729166d34b51aee94600c366f3ebac9298f3caa3550c20bf57bca323
content/buffettfaq_cnbc/2014/Afternoon_Session_-_2014_Meeting.md,Afternoon Session - 2014 Meeting,content/buffettfaq_cnbc,source-corpus,buffett,true,true,berkshire-annual-meeting-session,2014,en,full-candidate,,primary-transcript-original-language-candidate,candidate-source-version,CNBC 年会完整英文场次，优先作为中文实录的校核底本。,berkshire-meeting-2014-afternoon,140962,144295,1822,2026-08-09T09:05:28.569Z,0,0,https://buffett.cnbc.com/,f42c0df9da93a295610b007c5e21d0456bfa88102c9b7299f87fc318e2f8191d,23ebd5cad412ce6a274e80bdedbb99b37906b6a63a7efe0429a5c41632ba609a
content/buffettfaq_cnbc/2014/Morning_Session_-_2014_Meeting.md,Morning Session - 2014 Meeting,content/buffettfaq_cnbc,source-corpus,buffett,true,true,berkshire-annual-meeting-session,2014,en,selection-or-excerpt,,primary-transcript-original-language-candidate,candidate-source-version,CNBC 年会完整英文场次，优先作为中文实录的校核底本。,berkshire-meeting-2014-morning,130303,132757,1992,2026-08-09T09:05:28.578Z,0,0,https://buffett.cnbc.com/,541e55b84c87fca9556c88b695ecfa63ebb91f35407579b6b5c1e4f3781b5b13,614dd24e1caf715c5b31060fdb322f5d2d1ca6aadb68ae3f35d66339af265b70
content/buffettfaq_cnbc/2015/Afternoon_Session_-_2015_Meeting.md,Afternoon Session - 2015 Meeting,content/buffettfaq_cnbc,source-corpus,buffett,true,true,berkshire-annual-meeting-session,2015,en,full-candidate,,primary-transcript-original-language-candidate,candidate-source-version,CNBC 年会完整英文场次，优先作为中文实录的校核底本。,berkshire-meeting-2015-afternoon,131033,134230,2032,2026-08-09T09:05:28.583Z,0,0,https://buffett.cnbc.com/,87b14b35a1489651c23deadcbf11a65ae683fd7a31baa62c0ccf830bd164c8e4,9458515f762028bfd23d633f11a64f836b14e8dc994deb8f35639027b7feb4bb
content/buffettfaq_cnbc/2015/Morning_Session_-_2015_Meeting.md,Morning Session - 2015 Meeting,content/buffettfaq_cnbc,source-corpus,buffett,true,false,berkshire-annual-meeting-session,2015,en,full-candidate,,primary-transcript-original-language-candidate,candidate-source-version,CNBC 年会完整英文场次，优先作为中文实录的校核底本。,berkshire-meeting-2015-morning,129995,132758,1762,2026-08-09T09:05:28.589Z,0,0,https://buffett.cnbc.com/,e651f82b3e72751a51e5feb78cfec8c1b12b80e4485d979f9bab78f6295825b9,93cd8150100e065c921efb0cd3851be0252d70ccc6739f0696ffb52cc0335d08
content/buffettfaq_cnbc/2016/Afternoon_Session_-_2016_Meeting.md,Afternoon Session - 2016 Meeting,content/buffettfaq_cnbc,source-corpus,buffett,true,true,berkshire-annual-meeting-session,2016,en,full-candidate,,primary-transcript-original-language-candidate,candidate-source-version,CNBC 年会完整英文场次，优先作为中文实录的校核底本。,berkshire-meeting-2016-afternoon,147891,151430,1974,2026-08-09T09:05:28.595Z,0,0,https://buffett.cnbc.com/,c007e75c7c75dcb3355dbe24f7e8928b2629781815209829cb768b3cb14fb7a7,df1b4cd5a717c537792bbc0f651503bfa19499af7467ca0ff873f0d93191cb0e
content/buffettfaq_cnbc/2016/Morning_Session_-_2016_Meeting.md,Morning Session - 2016 Meeting,content/buffettfaq_cnbc,source-corpus,buffett,true,true,berkshire-annual-meeting-session,2016,en,selection-or-excerpt,,primary-transcript-original-language-candidate,candidate-source-version,CNBC 年会完整英文场次，优先作为中文实录的校核底本。,berkshire-meeting-2016-morning,115670,117681,1464,2026-08-09T09:12:41.990Z,0,0,https://buffett.cnbc.com/,a5eccd194cb3806af409ac1fe48f1b2acd191c147eee867facae1fa838e8ab59,bbd7c9b84d76ca069b3dd5b215b5fd4a903af19e86c63278763233ef6f8af0b3
content/buffettfaq_cnbc/2017/Afternoon_Session_-_2017_Meeting.md,Afternoon Session - 2017 Meeting,content/buffettfaq_cnbc,source-corpus,buffett,true,true,berkshire-annual-meeting-session,2017,en,full-candidate,,primary-transcript-original-language-candidate,candidate-source-version,CNBC 年会完整英文场次，优先作为中文实录的校核底本。,berkshire-meeting-2017-afternoon,145358,148665,2058,2026-08-09T09:05:28.605Z,0,0,https://buffett.cnbc.com/,fcc7640da6df5d2dadd4ef42db06ada3c17ea568262d7df2c5af3e0987b8f467,921ffe1fae1b9984f43bf06471595b29e5f427d73e79f51c8ca60403db5529b8
content/buffettfaq_cnbc/2017/Morning_Session_-_2017_Meeting.md,Morning Session - 2017 Meeting,content/buffettfaq_cnbc,source-corpus,buffett,true,true,berkshire-annual-meeting-session,2017,en,full-candidate,,primary-transcript-original-language-candidate,candidate-source-version,CNBC 年会完整英文场次，优先作为中文实录的校核底本。,berkshire-meeting-2017-morning,153163,156528,2044,2026-08-09T09:05:28.609Z,0,0,https://buffett.cnbc.com/,71dd783f94faa07ace2b232eafc4ddf5223ab40f88c9d22c599f40d496dcd5ab,8d4907f340bccd72671a530b28706cc658fda0751e5508fff4bf0e39218ab838
content/buffettfaq_cnbc/2018/Afternoon_Session_-_2018_Meeting.md,Afternoon Session - 2018 Meeting,content/buffettfaq_cnbc,source-corpus,buffett,true,true,berkshire-annual-meeting-session,2018,en,full-candidate,,primary-transcript-original-language-candidate,candidate-source-version,CNBC 年会完整英文场次，优先作为中文实录的校核底本。,berkshire-meeting-2018-afternoon,134558,137559,1628,2026-08-09T09:05:28.613Z,0,0,https://buffett.cnbc.com/,9372a596afd3aebf30c74586c597f7b68b28403824650810326648bf5d640e2d,f5d95899d1bde5f2eff043403be71e791a37408d3749587cdf00a667d0eff439
content/buffettfaq_cnbc/2018/Morning_Session_-_2018_Meeting.md,Morning Session - 2018 Meeting,content/buffettfaq_cnbc,source-corpus,buffett,true,false,berkshire-annual-meeting-session,2018,en,full-candidate,,primary-transcript-original-language-candidate,candidate-source-version,CNBC 年会完整英文场次，优先作为中文实录的校核底本。,berkshire-meeting-2018-morning,124405,127108,1522,2026-08-09T09:05:28.616Z,0,0,https://buffett.cnbc.com/,00a222513a1207543ca464d1b718b0af8c220fa26e9c4ce004a6aaf5b250933c,52be508abd75ffeadec783359bab977020149a34e798404c54a39dd865566641
content/buffettfaq_cnbc/2019/Afternoon_Session_-_2019_Meeting.md,Afternoon Session - 2019 Meeting,content/buffettfaq_cnbc,source-corpus,buffett,true,true,berkshire-annual-meeting-session,2019,en,full-candidate,,primary-transcript-original-language-candidate,candidate-source-version,CNBC 年会完整英文场次，优先作为中文实录的校核底本。,berkshire-meeting-2019-afternoon,129053,131808,1562,2026-08-09T09:05:28.624Z,0,0,https://buffett.cnbc.com/,c882e172ae024cff00fe51a5f010fff39008a11dcc534e0b58ab113eb4185c4b,98f719d5e63238ad3ae611a61d049ddc305d24eeb3f7297c7ff36c36f60c919d
content/buffettfaq_cnbc/2019/Morning_Session_-_2019_Meeting.md,Morning Session - 2019 Meeting,content/buffettfaq_cnbc,source-corpus,buffett,true,true,berkshire-annual-meeting-session,2019,en,full-candidate,,primary-transcript-original-language-candidate,candidate-source-version,CNBC 年会完整英文场次，优先作为中文实录的校核底本。,berkshire-meeting-2019-morning,123706,125799,1340,2026-08-09T09:05:28.627Z,0,0,https://buffett.cnbc.com/,69ed86b34eda2ef66f4b9d19e245aa927b06b9d50c9175cb0307b342d59942cf,0a54bd2c1b764eba0d5cb6879b2ae04c7e286dc99b5200da1d0ee29c5a53e371
content/buffettfaq_cnbc/2020/2020_Berkshire_Hathaway_Annual_Meeting_-_Part_2_-_QA.md,2020 Berkshire Hathaway Annual Meeting - Part 2 - Q&A,content/buffettfaq_cnbc,source-corpus,buffett,true,false,video-clip-or-transcript,2020,en,unknown,,primary-transcript-fragment-candidate,candidate-source-version,包含本人逐字文本，但属于单段视频或局部转录，优先作为完整会议底本的版本参考。,,122769,124333,1344,2026-08-09T10:19:52.363Z,76,0,,1d0fcee30965776301130ae0dbc464ba7bdb19046683c5b881303a86c19f9ab0,5e6f50b9905e1571990055ce351be07d267d0522a3ad543fa12bf2c0cd5b8773
content/buffettfaq_cnbc/2022/Afternoon_Session_-_2022_Meeting.md,Afternoon Session - 2022 Meeting,content/buffettfaq_cnbc,source-corpus,buffett,true,true,berkshire-annual-meeting-session,2022,en,full-candidate,,primary-transcript-original-language-candidate,candidate-source-version,CNBC 年会完整英文场次，优先作为中文实录的校核底本。,berkshire-meeting-2022-afternoon,181883,182133,164,2026-08-09T09:05:28.654Z,0,0,https://buffett.cnbc.com/,ee4ac2504d68cea4832f0885846878d048e4ca960a1be7369d64367b9b93be48,cd5e01329c23235b51482c32cfba0ea0bd518c6f7be4a00a8be3afeb5ad524bd
content/buffettfaq_cnbc/2022/Morning_Session_-_2022_Meeting.md,Morning Session - 2022 Meeting,content/buffettfaq_cnbc,source-corpus,buffett,true,true,berkshire-annual-meeting-session,2022,en,full-candidate,,primary-transcript-original-language-candidate,candidate-source-version,CNBC 年会完整英文场次，优先作为中文实录的校核底本。,berkshire-meeting-2022-morning,139762,140941,164,2026-08-09T09:05:28.663Z,0,0,https://buffett.cnbc.com/,af62208edd161b1b9765e82c9d35866f83d8245419bbe623eb857cdd4706ce0e,d2e27ef66f44028c7dfce9443aa4870133ca4168690fc6f5f3e714f4a9ad7e10
content/buffettfaq_cnbc/2023/Afternoon_Session_-_2023_Meeting.md,Afternoon Session - 2023 Meeting,content/buffettfaq_cnbc,source-corpus,buffett,true,true,berkshire-annual-meeting-session,2023,en,full-candidate,,primary-transcript-original-language-candidate,candidate-source-version,CNBC 年会完整英文场次，优先作为中文实录的校核底本。,berkshire-meeting-2023-afternoon,136809,137116,158,2026-08-09T09:05:28.669Z,0,0,https://buffett.cnbc.com/,180dc1e5f61c60cf36fdf0db024b39fa663da8b9a4a99d6ae83858734d598875,7533ccf595fc48f843c2cedac699be23682ca876797e3b25759ea95db503e39b
content/buffettfaq_cnbc/2023/Morning_Session_-_2023_Meeting.md,Morning Session - 2023 Meeting,content/buffettfaq_cnbc,source-corpus,buffett,true,true,berkshire-annual-meeting-session,2023,en,full-candidate,,primary-transcript-original-language-candidate,candidate-source-version,CNBC 年会完整英文场次，优先作为中文实录的校核底本。,berkshire-meeting-2023-morning,140257,140438,200,2026-08-09T09:05:28.676Z,0,0,https://buffett.cnbc.com/,26778245ba4e8b5a4bcdc1457f17453d5cb8baab650b97e9557abf8739037f56,c54400f9399674f0f75b4e47f439a17d9c7b6214fa8d022d4358f23fd725a1c4
content/buffettfaq_cnbc/2024/Afternoon_Session_-_2024_Meeting.md,Afternoon Session - 2024 Meeting,content/buffettfaq_cnbc,source-corpus,buffett,true,false,berkshire-annual-meeting-session,2024,en,full-candidate,,primary-transcript-original-language-candidate,candidate-source-version,CNBC 年会完整英文场次，优先作为中文实录的校核底本。,berkshire-meeting-2024-afternoon,106933,106998,122,2026-08-09T09:05:28.684Z,0,0,https://buffett.cnbc.com/,c286a70e7b6fed5de20aa72fb1ac974e1efa76c263d7539959c8e1b67a2cc39f,25ef2b15dcfd94af76c8404d632808d41ce88273a32962dd8cb15572e6a89080
content/buffettfaq_cnbc/2024/Morning_Session_-_2024_Meeting.md,Morning Session - 2024 Meeting,content/buffettfaq_cnbc,source-corpus,buffett,true,true,berkshire-annual-meeting-session,2024,en,full-candidate,,primary-transcript-original-language-candidate,candidate-source-version,CNBC 年会完整英文场次，优先作为中文实录的校核底本。,berkshire-meeting-2024-morning,148437,148682,176,2026-08-09T09:05:28.690Z,0,0,https://buffett.cnbc.com/,f8c265074f8630b40b8d3e8ef5ca26d2ab9714fc95e7fed723fad5bf23bab259,13165280d641958a009c039577ab8673e6a7690c5b2edbb65c931e27433819b5
content/buffettfaq_cnbc/2025/Afternoon_Session_-_2025_Meeting.md,Afternoon Session - 2025 Meeting,content/buffettfaq_cnbc,source-corpus,buffett,true,false,berkshire-annual-meeting-session,2025,en,unknown,,primary-transcript-original-language-candidate,candidate-source-version,CNBC 年会完整英文场次，优先作为中文实录的校核底本。,berkshire-meeting-2025-afternoon,2098,2145,80,2026-08-09T01:49:15.247Z,0,0,https://buffett.cnbc.com/,45f7c2739809682326d29d33b883ecc19fa6580d1000976e4b960342a6cf3bda,4988c787f03b862dcf2faf072904cc691c65e101aeafecf8d8225c79d506dc24
content/buffettfaq_cnbc/2025/Morning_Session_-_2025_Meeting.md,Morning Session - 2025 Meeting,content/buffettfaq_cnbc,source-corpus,buffett,true,false,berkshire-annual-meeting-session,2025,en,selection-or-excerpt,,primary-transcript-original-language-candidate,candidate-source-version,CNBC 年会完整英文场次，优先作为中文实录的校核底本。,berkshire-meeting-2025-morning,2407,2454,100,2026-08-09T01:49:12.240Z,0,0,https://buffett.cnbc.com/,b82583b3fbdb03a662764a48a240bd585e65a1a1c5446186339ef13768122efc,2e6934fa85f649e60a7d8a15e4ae1de940f9b05e061ce4897e6c0387fac3ad4a
content/duanyongping/blog/2010/2010-04-13_1063_巴菲特给MBA的讲话.md,巴菲特给MBA的讲话,content/duanyongping,source-corpus,buffett,true,true,subject-reference,2010,zh,unknown,,embedded-primary-text-candidate,review-embedded-primary-text,非核心目录中检测到连续本人说话标记，需判断是否完整转载了原始文献。,,38542,100744,861,2026-08-07T15:19:54.611Z,20,0,http://nteswjq.blog.163.com/blog/static/126998120103131450837/,fd47135fa59f593a35a35e1f9c4d8d25991bcbf03162a7d70c108693119d5b63,38903a4b2010d3481eb50940694a0687ae470eb64f65b2e1ebacf8ab9db1a7fc
content/duanyongping/blog/2010/2010-07-15_1023_英国公开赛开打了.md,英国公开赛开打了！,content/duanyongping,source-corpus,none,false,false,other,2010,zh,unknown,,embedded-primary-text-candidate,review-embedded-primary-text,非核心目录中检测到连续本人说话标记，需判断是否完整转载了原始文献。,,62759,140586,2429,2026-08-07T15:19:54.635Z,2,1,http://nteswjq.blog.163.com/blog/static/126998120106150644275/,e4d15a39e7aa6d3552c5d138a4db78a945712489a5f0be4bea9e6d04d7de6a3a,8f9b86bfaa044032612620ea587c7bb42c12c2f370e22584c67af6054451b3e7
content/duanyongping/blog/2011/2011-10-29_854_引用-巴菲特给MBA的讲话-佛罗里达大学一次演讲.md,引用 巴菲特给MBA的讲话：佛罗里达大学一次演讲,content/duanyongping,source-corpus,buffett,true,true,subject-reference,2011,zh,unknown,,embedded-primary-text-candidate,review-embedded-primary-text,非核心目录中检测到连续本人说话标记，需判断是否完整转载了原始文献。,,27769,77223,413,2026-08-07T15:19:54.697Z,20,0,http://nteswjq.blog.163.com/blog/static/126998120119291925633/,eae66802506d4b77c526bcbb8a2429a3b0e24970becfe905ccfab19b6a0677de,547cc17f2982381819757866b36fc9e61408455e42210c50e40155b1ad5bcb30
content/duanyongping/blog/2012/2012-05-05_800_Omaha-Again.md,Omaha Again,content/duanyongping,source-corpus,none,true,true,other,2012,zh,selection-or-excerpt,,embedded-primary-text-candidate,review-embedded-primary-text,非核心目录中检测到连续本人说话标记，需判断是否完整转载了原始文献。,,1956,4076,76,2026-08-07T15:19:54.704Z,2,2,http://nteswjq.blog.163.com/blog/static/1269981201245243667/,919569717ee149741a887326064122f68b38b2f8261e104521061041b641ecd0,f5045e7fac0f6b755d0b4d79b163112f206036ef72bb4669bf0e82413436522e
content/duanyongping/blog/2012/2012-12-10_707_转载-巴菲特给MBA的讲话-佛罗里达大学一次演讲.md,【转载】巴菲特给MBA的讲话：佛罗里达大学一次演讲,content/duanyongping,source-corpus,buffett,true,true,subject-reference,2012,zh,unknown,,embedded-primary-text-candidate,review-embedded-primary-text,非核心目录中检测到连续本人说话标记，需判断是否完整转载了原始文献。,,27610,76600,412,2026-08-07T15:19:54.720Z,20,0,http://nteswjq.blog.163.com/blog/static/12699812012111011137214/,1b9cfa89eb609e74ff5abcaec9e14b3cd927860b224f0b60bfc43a9c0b388c98,76fba8c7a16716ae9d6f2f6a7e5f962be62793dbffe364b0928971f392d4250b
content/duanyongping/blog/2013/2013-12-14_633_2013年12月14日.md,2013年12月14日,content/duanyongping,source-corpus,buffett,true,false,other,2013,mixed,unknown,,embedded-primary-text-candidate,review-embedded-primary-text,非核心目录中检测到连续本人说话标记，需判断是否完整转载了原始文献。,,25169,27339,137,2026-08-07T15:19:54.745Z,18,0,http://nteswjq.blog.163.com/blog/static/12699812013111432730912/,c849c6351fb40d0d661556d3bea0712c83bba0a72dee20e86acc283c88a29e51,8c7e9c91e225dac0ebdf97c1b1c6909f8efdcf7e8075258b42edfe19c047d248
content/duanyongping/blog/2013/2013-12-15_632_2013年12月15日.md,2013年12月15日,content/duanyongping,source-corpus,buffett,true,true,other,2013,zh,unknown,,embedded-primary-text-candidate,review-embedded-primary-text,非核心目录中检测到连续本人说话标记，需判断是否完整转载了原始文献。,,29602,69237,830,2026-08-07T15:19:54.746Z,14,0,http://nteswjq.blog.163.com/blog/static/12699812013111521439473/,57e91c6c94aeb9f2a80251541a2c0cd7b380354d4378d9c1ef181d8596ef3205,1594c24abf15222abb6c074fc0f101a011bdf9897a59ee17ffe6985d8d87eecc
content/duanyongping/blog/2017/2017-05-10_529_转载-巴菲特股东大会57问实录-为何会买科技股-中国股市该咋玩.md,【转载】巴菲特股东大会57问实录：为何会买科技股，中国股市该咋玩,content/duanyongping,source-corpus,both,true,true,subject-reference,2017,zh,full-candidate,,embedded-primary-text-candidate,review-embedded-primary-text,非核心目录中检测到连续本人说话标记，需判断是否完整转载了原始文献。,,51985,130544,1516,2026-08-07T15:19:54.776Z,55,12,http://nteswjq.blog.163.com/blog/static/1269981201741083439709/,5283cc2467837174332e46b906b06e2ebb3c72ea24459b1e6647dadf034e8c72,6fc57a0df860c7a4e74628688942984ac76d97cdc3d3612009e73d663839df65
content/interviews/巴菲特：21_世纪经济领导者采访_2008.md,巴菲特：21 世纪经济领导者采访 2008,content/interviews,source-corpus,buffett,true,false,interview,2008,zh,unknown,,primary-interview-translation-candidate,candidate-primary-review,目标人物访谈候选，但文件未证明自身为完整实录。,buffett-interview-2008-2169a0f5,12833,37024,218,2026-07-23T00:47:20.362Z,22,0,,f367678b70b2afa5f073b9890bd19e966f2181af529472b00f3e1e88a766103a,08f5f1f9383dd152b212e39a0d321f1e84c03fe7274a9be8b3e50fcac1890d89
content/interviews/巴菲特：查理·罗斯专访_2011.md,巴菲特：查理·罗斯专访 2011,content/interviews,source-corpus,buffett,true,false,interview,2011,zh,selection-or-excerpt,,primary-interview-translation-candidate,candidate-include-selection,目标人物访谈实录候选，需核验是否完整及主持人导语边界。,buffett-interview-2011-61c2faa5,22464,63730,540,2026-07-23T00:47:20.509Z,133,0,,6264f875cd740743c1325b7d7daf16d68bfb4ca67bc168a6a9b973540a4bd2d6,ed38aceaf74fda54758fe6a2a98fba96c6b00ad524412f355e79a31703f6f991
content/interviews/巴菲特：查理罗斯专访_2007.md,巴菲特：查理罗斯专访 2007,content/interviews,source-corpus,buffett,true,true,interview,2007,zh,selection-or-excerpt,,primary-interview-translation-candidate,candidate-include-selection,目标人物访谈实录候选，需核验是否完整及主持人导语边界。,buffett-interview-2007-da757745,47042,128202,622,2026-07-23T00:47:20.312Z,86,1,,765cfa0433f9a57ef5c6539a6ba7735aca7a4376399f1bc5ed447da54f495c44,09c613bc07d388f185ce8b03452ae9955f32b48ea97a99b3b9a3d8bdc2d5ff57
content/interviews/巴菲特：慈善承诺倡议_2015.md,巴菲特：慈善承诺倡议 2015,content/interviews,source-corpus,buffett,true,false,interview,2015,zh,unknown,,primary-interview-translation-candidate,candidate-primary-review,目标人物访谈候选，但文件未证明自身为完整实录。,buffett-interview-2015-2ddf8e13,30727,88766,638,2026-07-23T00:47:20.364Z,81,0,,fdc44dc8cdbc3307b3199dcf590b0271836056effe801c4f274ec278fa0d6e14,9b3dde3391d7c13aeba7a2e7981ff1bf4be1c6ceddb9779ca7c7565e6f620e4e
content/interviews/巴菲特：对话_IVEY_商学院学生_2008.md,巴菲特：对话 IVEY 商学院学生 2008,content/interviews,source-corpus,buffett,true,false,interview,2008,zh,unknown,,primary-interview-translation-candidate,candidate-primary-review,目标人物访谈候选，但文件未证明自身为完整实录。,buffett-interview-2008-79edf5fa,4214,11659,66,2026-07-23T00:47:20.379Z,5,0,,3a1048d64d7485b9417eef5615594360b5b1851109edacf4d05bf0e330dbe9a5,2d85c1442c2337b2e08b2fa4ba1a650f80db77aaa052c3becd18aa73ff05522d
content/interviews/巴菲特：对话_IVEY_商学院学生_2010.md,巴菲特：对话 IVEY 商学院学生 2010,content/interviews,source-corpus,buffett,true,false,interview,2010,zh,unknown,,primary-interview-translation-candidate,candidate-primary-review,目标人物访谈候选，但文件未证明自身为完整实录。,buffett-interview-2010-743de40e,5487,15037,144,2026-07-23T00:47:20.278Z,0,0,,2d33dd0b0627d1a8e6c89a21b4f82015f71c9e6c32225717a76243815b605c41,09df89f818c9ec1e245721c223748e1f54c401d526dbb9241a1a9b7e3fe772fe
content/interviews/巴菲特：对话_IVEY_商学院学生_2012.md,巴菲特：对话 IVEY 商学院学生 2012,content/interviews,source-corpus,buffett,true,false,interview,2012,zh,unknown,,primary-interview-translation-candidate,candidate-primary-review,目标人物访谈候选，但文件未证明自身为完整实录。,buffett-interview-2012-2aa58cd5,8682,24378,186,2026-07-23T00:47:20.496Z,0,0,,bce964c2391571572b4e54ff5da379ce15c11c15d753d1e1e23ae1bb4f6eefaa,d8b7e6e831e0b285da2a9ac1355e7bfa2ec8ad714b50ddc3e007d0593713f769
content/interviews/巴菲特：对话_IVEY_商学院学生_2014.md,巴菲特：对话 IVEY 商学院学生 2014,content/interviews,source-corpus,buffett,true,true,interview,2014,zh,unknown,,primary-interview-translation-candidate,candidate-primary-review,目标人物访谈候选，但文件未证明自身为完整实录。,buffett-interview-2014-861f4d01,9678,26601,164,2026-07-23T00:47:20.293Z,17,0,,b947d0c43546803388a92a61be7cf843c2ff9bb3b9cc486d85ba0322f6d1fdd8,4faa3d09affe26985bdbfe577e1f313c347f046d11c6e646006e78a00cdf7adb
content/interviews/巴菲特：对话_IVEY_商学院学生_2015.md,巴菲特：对话 IVEY 商学院学生 2015,content/interviews,source-corpus,buffett,true,true,interview,2015,zh,unknown,,primary-interview-translation-candidate,candidate-primary-review,目标人物访谈候选，但文件未证明自身为完整实录。,buffett-interview-2015-37582f41,7632,20453,140,2026-07-23T00:47:20.303Z,17,0,,28158b458d1a0a4c13bfcebcaf68b9e3ffb43782e4b4ec9e5aee2c754eec756f,63b0ad08cfa6c8c2b58a007c9f71f7c0a6eaa7e7195d2c74377658be834e797a
content/interviews/巴菲特：对话奥奎尔俱乐部_2004.md,巴菲特：对话奥奎尔俱乐部 2004,content/interviews,source-corpus,buffett,true,false,interview,2004,zh,unknown,,primary-interview-translation-candidate,candidate-primary-review,目标人物访谈候选，但文件未证明自身为完整实录。,buffett-interview-2004-4b646b22,19673,54868,194,2026-07-23T00:47:20.382Z,11,0,,93f43cbfd308cae7604b3785a0786a32bf2e8f7c7c239ecd823189aaba50e334,18bc20d6bbb8de0346e56ceab995bc1f7dc151abe5c3ea108736115bdefa7b99
content/interviews/巴菲特：对话八所商学院学生_2011.md,巴菲特：对话八所商学院学生 2011,content/interviews,source-corpus,buffett,true,true,interview,2011,zh,unknown,,primary-interview-translation-candidate,candidate-primary-review,目标人物访谈候选，但文件未证明自身为完整实录。,buffett-interview-2011-0f362643,24474,68519,294,2026-07-23T00:47:20.309Z,22,0,,89c79c09fc716ea4d205459d81e4f2caede2d6e9316d2ad4dda1d380cd0a12a7,e58da0607aa12388f0adc3ee7b01f18997a8cba9e52cb227fc55f39929a554d4
content/interviews/巴菲特：对话八所商学院学生_2013.md,巴菲特：对话八所商学院学生 2013,content/interviews,source-corpus,buffett,true,false,interview,2013,zh,unknown,,primary-interview-translation-candidate,candidate-primary-review,目标人物访谈候选，但文件未证明自身为完整实录。,buffett-interview-2013-ab0c9b84,8211,22389,146,2026-07-23T00:47:20.513Z,15,0,,71cbc9234d0e0b569658ea714c113bebc926d57eb08c70ea43b6183869bc8e8a,f4983281cf3aabb81ad018a3b03e1c1df9d289e734d4ed73a25108cb786b1cb8
content/interviews/巴菲特：对话八所商学院学生_2016.md,巴菲特：对话八所商学院学生 2016,content/interviews,source-corpus,buffett,true,true,interview,2016,zh,unknown,,primary-interview-translation-candidate,candidate-primary-review,目标人物访谈候选，但文件未证明自身为完整实录。,buffett-interview-2016-91587f30,4862,12259,112,2026-07-23T00:47:20.474Z,18,0,,10649f209edefd9e11dc76ff3a15766a8d181ea366903e2c1c54195fe083669f,d6d536a82af6aa034035c09b79567fcbab9c9102f093bbe78d4bf63777a51ff5
content/interviews/巴菲特：对话范德比尔特大学学生_2005.md,巴菲特：对话范德比尔特大学学生 2005,content/interviews,source-corpus,buffett,true,false,interview,2005,zh,unknown,,primary-interview-translation-candidate,candidate-primary-review,目标人物访谈候选，但文件未证明自身为完整实录。,buffett-interview-2005-6ba404b6,6520,18361,166,2026-07-23T00:47:20.388Z,0,0,,24e13a4db1bd25e8b25f3f7bf65098ebd192b87eddaad4ef007834e8e053746b,f1e6d1f616cbbfbf05b083b3e6da02847c2aefcac680ad1f3b5525ffac6583b9
content/interviews/巴菲特：对话哥大商学院学生_2009.md,巴菲特：对话哥大商学院学生,content/interviews,source-corpus,buffett,true,false,interview,2009,zh,unknown,,primary-interview-translation-candidate,candidate-primary-review,目标人物访谈候选，但文件未证明自身为完整实录。,buffett-interview-2009-471d4cb8,18778,53911,296,2026-07-23T00:47:20.421Z,30,0,,01fa28c1a5de296d5066532e3858898db909d74730290abb55c4b2f22815643e,bfd2d2a4df85244de29ee8704b8ee4c7ccc2fa90b9910a45f6fb2bc6d16410db
content/interviews/巴菲特：对话堪萨斯大学学生_2005.md,巴菲特：对话堪萨斯大学学生 2005,content/interviews,source-corpus,buffett,true,true,interview,2005,zh,unknown,,primary-interview-translation-candidate,candidate-primary-review,目标人物访谈候选，但文件未证明自身为完整实录。,buffett-interview-2005-96d06047,5709,15508,92,2026-07-23T00:47:20.322Z,14,0,,2dad598d7184dc7808b54f2ddfa1cd1543bd27076767345ee1f2f089ebc78e71,34cd7000fa67101c7bac2da38822c11781eec517c41b8d3e57cef6dbbe55416a
content/interviews/巴菲特：对话六所商学院学生_2009.md,巴菲特：对话六所商学院学生 2009,content/interviews,source-corpus,buffett,true,false,interview,2009,zh,unknown,,primary-interview-translation-candidate,candidate-primary-review,目标人物访谈候选，但文件未证明自身为完整实录。,buffett-interview-2009-308a4762,7986,22118,146,2026-07-23T00:47:20.344Z,19,0,,41f25c59a50e2c49303f438e5b8a6d2a5ecd349f07960eb6b1c41846e4077391,4ea2a3a9ecbbfff20a38c501454e6548d1778a307eb02cbf7aed98aa971ab700
content/interviews/巴菲特：对话内布拉斯加大学学生_2005.md,巴菲特：对话内布拉斯加大学学生 2005,content/interviews,source-corpus,buffett,true,true,interview,2005,zh,unknown,,primary-interview-translation-candidate,candidate-primary-review,目标人物访谈候选，但文件未证明自身为完整实录。,buffett-interview-2005-7c764518,10990,31676,192,2026-07-23T00:47:20.495Z,33,0,,6f569e5cec62a7e954bec1d89ce2b0bbf21819db2bb3106be34cd9bd8c0b828d,10410aa2c3ebfaa29226286c32e60248a4befea120907274cfa37ffda38c401c
content/interviews/巴菲特：对话内大商学院_2001.md,巴菲特：对话内大商学院 2001,content/interviews,source-corpus,buffett,true,true,interview,2001,zh,unknown,,primary-interview-translation-candidate,candidate-primary-review,目标人物访谈候选，但文件未证明自身为完整实录。,buffett-interview-2001-82705af2,4144,11690,94,2026-07-23T00:47:20.417Z,19,0,,6092f08c4fd8d38eabae126bfd11f26cfe31a4fff13683bd1ca3b20e7d5b9bab,c229156f8d733378a9987eac9732de9e4f8160a69f4f65444ab08b264edf3cb1
content/interviews/巴菲特：对话瑞士洛桑国际管理学院_2008.md,巴菲特：对话瑞士洛桑国际管理学院,content/interviews,source-corpus,buffett,true,false,interview,2008,zh,unknown,,primary-interview-translation-candidate,candidate-primary-review,目标人物访谈候选，但文件未证明自身为完整实录。,buffett-interview-2008-8a3507bc,13039,36749,228,2026-07-23T00:47:20.320Z,33,0,,0bf646682a287062b5705aaed3e0c823b626f545e9d332337b3f36fc5c16e825,812f18b8f9e133393d7781261d39818ea9065875f9b4842932efebadc45693b6
content/interviews/巴菲特：对话商学院学生_2008.md,巴菲特：对话商学院学生 2008,content/interviews,source-corpus,buffett,true,true,interview,2008,zh,unknown,,primary-interview-translation-candidate,candidate-primary-review,目标人物访谈候选，但文件未证明自身为完整实录。,buffett-interview-2008-4bce41ea,7462,20604,100,2026-07-23T00:47:20.280Z,12,0,,62219ba6df9187c6392f24dbed98d10c62679f3e5a9096dc367b97c620a4008f,f4f794da6a767ee7f8ced09b5d8889c61e06de88fbae5048965967ff5f33b158
content/interviews/巴菲特：对话田纳西大学学生_2003.md,巴菲特：对话田纳西大学学生 2003,content/interviews,source-corpus,buffett,true,false,interview,2003,zh,unknown,,primary-interview-translation-candidate,candidate-primary-review,目标人物访谈候选，但文件未证明自身为完整实录。,buffett-interview-2003-04e8d155,6996,20076,136,2026-07-23T00:47:20.335Z,11,0,,01cc523ef7e3ece8563a0102561a82854c0cf3b381ba891eb5611a437e95e01f,ed9e960e9aff3fe50796720a3dd6046380570e7a6c18b3f6dc289c8aa44e8d7a
content/interviews/巴菲特：对话沃顿商学院学生_2003.md,巴菲特：对话沃顿商学院学生 2003,content/interviews,source-corpus,buffett,true,true,interview,2003,zh,unknown,,primary-interview-translation-candidate,candidate-primary-review,目标人物访谈候选，但文件未证明自身为完整实录。,buffett-interview-2003-6d5748b7,7366,19575,202,2026-07-23T00:47:20.526Z,0,0,,b2d735ca7cf84b9307dae778b3e69ed2250cf5590eaf62dbea66ca019250e3f5,5b53c0f6f668308d2811efb5dd1e0070293fca66a4d6b862cd8e0381dbdb9464
content/interviews/巴菲特：对话沃顿商学院学生_2004.md,巴菲特：对话沃顿商学院学生 2004,content/interviews,source-corpus,buffett,true,true,interview,2004,zh,unknown,,primary-interview-translation-candidate,candidate-primary-review,目标人物访谈候选，但文件未证明自身为完整实录。,buffett-interview-2004-ca6d5d62,10453,29071,156,2026-07-23T00:47:20.301Z,16,0,,7dcdd58ec52eded18713871e9a02f29e48664111bfa26923717d7928e04ef117,29923523c7489cf51bffdbecf93de352175ef368e40ce728e6e33526a03c5319
content/interviews/巴菲特：对话佐治亚大学学生_2007.md,巴菲特：对话佐治亚大学学生 2007,content/interviews,source-corpus,buffett,true,true,interview,2007,zh,unknown,,primary-interview-translation-candidate,candidate-primary-review,目标人物访谈候选，但文件未证明自身为完整实录。,buffett-interview-2007-d86544f1,17111,46654,192,2026-07-23T00:47:20.315Z,15,0,,2d5cc54110805cc1f05eccafa2fb62cd1766ecb9564295b0e734652aa0f29bb6,2382f26cb4d38ad677db7bef9e3e8f38f541849831c995f7f10428c2a7421a0a
content/interviews/巴菲特：家族三代谈慈善_2013.md,巴菲特：家族三代谈慈善 2013,content/interviews,source-corpus,buffett,true,false,interview,2013,zh,selection-or-excerpt,,primary-interview-translation-candidate,candidate-include-selection,目标人物访谈实录候选，需核验是否完整及主持人导语边界。,buffett-interview-2013-bc5d20df,15455,43455,406,2026-07-23T00:47:20.498Z,65,0,,8e0ecd97917ab1cc9145660bdfcac764d164a09a09fdab088ff4c6d034e9ccd4,c3ffff405018238357e9cd944a53307815228223fc5a59dc5e17468c7f7c199e
content/interviews/巴菲特：解析经济危机_2008.md,巴菲特：解析经济危机 2008,content/interviews,source-corpus,buffett,true,false,interview,2008,zh,unknown,,primary-interview-translation-candidate,candidate-primary-review,目标人物访谈候选，但文件未证明自身为完整实录。,buffett-interview-2008-c02d19ce,16163,45721,384,2026-07-23T00:47:20.459Z,87,0,,e2f4f5f149d5143d9e34fa9091f44036520164235c7cfff8a7be7e02abb5898b,9129c791fc33d693b65a82b1baed0471aa2d346e2090122cb542d8db8a5b1cb8
content/interviews/巴菲特：金融危机调查委员会专访_2010.md,巴菲特：金融危机调查委员会专访,content/interviews,source-corpus,buffett,true,false,interview,2010,zh,unknown,,primary-interview-translation-candidate,candidate-primary-review,目标人物访谈候选，但文件未证明自身为完整实录。,buffett-interview-2010-bf0bdbb8,56008,158371,724,2026-07-23T00:47:20.529Z,126,0,,c20dd522e905708576c0e3430e1485189ec942f69d3337973c7d602321dd8250,124441ca37a6c08198ed599ac3803d27b4181610a3a8acae480f9e224378cf4b
content/interviews/巴菲特：恐慌是会传染的，我们必须做点什么_2009.md,巴菲特：恐慌是会传染的，我们必须做点什么,content/interviews,source-corpus,buffett,true,false,interview,2009,zh,unknown,,primary-interview-translation-candidate,candidate-primary-review,目标人物访谈候选，但文件未证明自身为完整实录。,buffett-interview-2009-ebbde205,43553,121423,700,2026-07-23T00:47:20.317Z,135,0,,9a5493d4d9f287953e2640dc76bc0b6627a3c5501fdafdefeed09f15e0b7b64a,a67f174a98cd6335568f851a8734b8ecd7f2bc30afb854a84217c8ac31fceaa8
content/interviews/巴菲特：如何教孩子理财_2013.md,巴菲特：如何教孩子理财 2013,content/interviews,source-corpus,buffett,true,false,interview,2013,zh,unknown,,primary-interview-translation-candidate,candidate-primary-review,目标人物访谈候选，但文件未证明自身为完整实录。,buffett-interview-2013-f4e25105,1004,2698,36,2026-07-23T00:47:20.354Z,5,0,,22e281010c747b3112dec8ba6a495e92b814ea8a972f9ee09115adbe2471a213,6ed74941a98a13c27597de9e00b6840e61fecbfab3e445ec9c49b7d4829921c4
content/interviews/巴菲特：谈可口可乐薪酬方案_2014.md,巴菲特：谈可口可乐薪酬方案,content/interviews,source-corpus,buffett,true,false,interview,2014,zh,unknown,,primary-interview-translation-candidate,candidate-primary-review,目标人物访谈候选，但文件未证明自身为完整实录。,buffett-interview-2014-fc4d5a31,3792,10588,88,2026-07-23T00:47:20.326Z,18,0,,c07c556253b4c4ced1524a9ea63d2e49d5f2c592766c91d905ec75869577cdce,580e5975c84c6cecaff9ab00e7d6f8ce758919b72cca5b7ced99bfebb2d7eaf4
content/interviews/巴菲特：跳着踢踏舞去上班_2012.md,巴菲特：跳着踢踏舞去上班 2012,content/interviews,source-corpus,buffett,true,true,interview,2012,zh,unknown,,primary-interview-translation-candidate,candidate-primary-review,目标人物访谈候选，但文件未证明自身为完整实录。,buffett-interview-2012-37d2ca40,24297,66964,666,2026-07-23T00:47:20.306Z,113,0,,edcb7e427eb040218fd8a24e58e7e1459bb7ea5c8bd4993319be37b79eb843b9,ca64e0076a80effd48c0f7c96b9be20b09c61b0720323e52ff763ff9b947024d
content/interviews/巴菲特：我为什么慷慨解囊_2006.md,巴菲特：我为什么慷慨解囊 2006,content/interviews,source-corpus,buffett,true,true,interview,2006,zh,unknown,,primary-interview-translation-candidate,candidate-primary-review,目标人物访谈候选，但文件未证明自身为完整实录。,buffett-interview-2006-fb91678e,15200,41326,254,2026-07-23T00:47:20.428Z,17,0,,b371789971f95821e24e78c67c4d155cb3da01127a2676ea934b89e2cfeb1cfc,e870641180bdedc0122938d8f8686ada3296765dfbd1d24bf87b6c7c741a9c0f
content/interviews/巴菲特：追忆唐基奥_2015.md,巴菲特：追忆唐基奥 2015,content/interviews,source-corpus,buffett,true,false,interview,2015,zh,unknown,,primary-interview-translation-candidate,candidate-primary-review,目标人物访谈候选，但文件未证明自身为完整实录。,buffett-interview-2015-41ed87e1,9624,26306,200,2026-07-23T00:47:20.412Z,17,0,,e84c509ec9f5aaae30109d8457bc333281fe1a6acdf8b6e572cad74d303d46f0,b6a5b5b8aadd5e228135e4a74d100281cb8db709e3786dac04563920af9f708c
content/interviews/巴菲特：CNBC_专访_2009.md,巴菲特：CNBC 专访 2009,content/interviews,source-corpus,buffett,true,false,interview,2009,zh,unknown,,primary-interview-translation-candidate,candidate-primary-review,目标人物访谈候选，但文件未证明自身为完整实录。,buffett-interview-2009-b98d1677,6178,16998,174,2026-07-23T00:47:20.310Z,38,0,,ee4eb33b4671bfd023cd21acb4bfe4652ed9391e69e254bb2af2d5dd7e12ac25,ad8a422dc93992865042b9d23516cb36d0476aa5a7bb9ddbc2c07545bdc98b40
content/interviews/巴菲特：CNBC_专访_2010.md,巴菲特：CNBC 专访 2010,content/interviews,source-corpus,buffett,true,true,interview,2010,zh,unknown,,primary-interview-translation-candidate,candidate-primary-review,目标人物访谈候选，但文件未证明自身为完整实录。,buffett-interview-2010-ae5825ae,3539,9912,64,2026-07-23T00:47:20.377Z,13,0,,f541b71d4aa1fa01cdb139252e13a54334d1a2341a33bb578d246a758be23736,5e6afe3ec3eb22b345da9879418a7ffebd44b86251f247307ca79697be3ad6e2
content/interviews/巴菲特：CNBC_专访_2011.md,巴菲特：CNBC 专访 2011,content/interviews,source-corpus,buffett,true,false,interview,2011,zh,unknown,,primary-interview-translation-candidate,candidate-primary-review,目标人物访谈候选，但文件未证明自身为完整实录。,buffett-interview-2011-45b24dd1,7360,21213,110,2026-07-23T00:47:20.396Z,11,0,,53f3aad083239ef816c51ec88c2ad6b3cb325a8c4bbe9e69aaee23dfc758e69d,d814645074d8353d2c2ecdb83c2531a015ac135ff134b33ef251788401764781
content/interviews/巴菲特：CNBC_专访_2014.md,巴菲特：CNBC 专访 2014,content/interviews,source-corpus,buffett,true,true,interview,2014,zh,unknown,,primary-interview-translation-candidate,candidate-primary-review,目标人物访谈候选，但文件未证明自身为完整实录。,buffett-interview-2014-19ab421a,27280,74946,662,2026-07-23T00:47:20.352Z,103,56,,66bf3ecfe1137cc41fbc441b89e58d93c0657845a0825317344fb46e135aecee,f4b24dad5c6da0e05f774c257776218ac5640a2484053a6c4c0d574d9c9a013e
content/interviews/巴菲特慈善捐赠专访_2006.md,巴菲特慈善捐赠专访 2006,content/interviews,source-corpus,buffett,true,true,interview,2006,zh,unknown,,primary-interview-translation-candidate,candidate-primary-review,目标人物访谈候选，但文件未证明自身为完整实录。,buffett-interview-2006-bcc819c1,61488,173451,1916,2026-07-23T00:47:20.330Z,368,5,,fb70202d9df7aec6340bd601eb70c520ce24ec12aa0c8c70ad3183c95d68a4a8,8d06e9f11a08d2a67b53b38c9fb9515462b5bdce9234ea46e3c765a6e460a269
content/letters/berkshire_1965-巴菲特致股东信.md,1965 年巴菲特致伯克希尔股东信,content/letters,source-corpus,buffett,true,false,shareholder-letter,1965,zh,full-candidate,,corporate-letter-attribution-review,candidate-primary-review,1965—1969 年公司信存在他人署名或仅标注“巴菲特执笔”的情况，需核验正式署名和原始年报底本。,buffett-shareholder-letter-1965,1152,2685,32,2026-07-23T02:01:41.689Z,0,0,,2ea5ac1b083fb313a3948a6f061179f4d42dcf9cea56c983a0ee21f33c70165e,7752a534d13591845271068aa8d95530b17308ba6a2e475ecc7c626c17792366
content/letters/berkshire_1966-巴菲特致股东信.md,1966 年巴菲特致伯克希尔股东信,content/letters,source-corpus,buffett,true,false,shareholder-letter,1966,zh,full-candidate,,corporate-letter-attribution-review,candidate-primary-review,1965—1969 年公司信存在他人署名或仅标注“巴菲特执笔”的情况，需核验正式署名和原始年报底本。,buffett-shareholder-letter-1966,3085,7905,102,2026-07-23T02:01:41.689Z,0,0,,4d0e4baa4ce0124ae22987980d2f73b557a67010a53a29fce35d420b223b0819,58f31db78b009c1f655e880505797be31b647ce9ec0fc6e4e3d7fed844d3c28c
content/letters/berkshire_1967-巴菲特致股东信.md,1967 年巴菲特致伯克希尔股东信,content/letters,source-corpus,buffett,true,false,shareholder-letter,1967,zh,full-candidate,,corporate-letter-attribution-review,candidate-primary-review,1965—1969 年公司信存在他人署名或仅标注“巴菲特执笔”的情况，需核验正式署名和原始年报底本。,buffett-shareholder-letter-1967,2347,6212,62,2026-07-23T02:01:41.690Z,0,0,,9d267a697a25073731de2e9387949f8e89a2f86ec22ee4f7b6825543efd92f1e,df41d5e9e94eeec1dac605dcd77f66dd485a6c822be8c074a310c331ae135ca2
content/letters/berkshire_1968-巴菲特致股东信.md,1968 年巴菲特致伯克希尔股东信,content/letters,source-corpus,buffett,true,false,shareholder-letter,1968,zh,full-candidate,,corporate-letter-attribution-review,candidate-primary-review,1965—1969 年公司信存在他人署名或仅标注“巴菲特执笔”的情况，需核验正式署名和原始年报底本。,buffett-shareholder-letter-1968,1333,3389,28,2026-07-23T02:01:41.690Z,0,0,,23eb23c11e8d4ec743f85d3c1cce1064e037f6deb324dc377e151ea33835012a,f5c0f9da71486dd143e764f86dbdcee949f6d201ae856b9aa303eec604d1883c
content/letters/berkshire_1969-巴菲特致股东信.md,1969 年巴菲特致伯克希尔股东信,content/letters,source-corpus,buffett,true,false,shareholder-letter,1969,zh,full-candidate,,corporate-letter-attribution-review,candidate-primary-review,1965—1969 年公司信存在他人署名或仅标注“巴菲特执笔”的情况，需核验正式署名和原始年报底本。,buffett-shareholder-letter-1969,1641,4339,48,2026-07-23T02:01:41.691Z,0,0,,0a3626d99420bc9ce57a4fc05c5a3136659c8babc3d5387c7dec2c44055cab3c,4ee56f77bf8d4e20a58f5c58dda36179b74af3b4bddd14306c25b0f411be21ec
content/letters/berkshire_1970-巴菲特致股东信.md,1970 年巴菲特致伯克希尔股东信,content/letters,source-corpus,buffett,true,false,shareholder-letter,1970,zh,full-candidate,,primary-authored-translation-candidate,candidate-include-full,本人署名信件的完整底本候选。,buffett-shareholder-letter-1970,2004,5238,48,2026-07-23T02:01:41.691Z,0,0,,a043bc0c690c8bb11a3c4a35ec5cc6711846c1c0511497815660753f1aff3300,bffe891d0574dce541aca64b205593efc76330cd8af8c8f5518f5b641e017dd8
content/letters/berkshire_1971-巴菲特致股东信.md,1971 年巴菲特致伯克希尔股东信,content/letters,source-corpus,buffett,true,false,shareholder-letter,1971,zh,full-candidate,,primary-authored-translation-candidate,candidate-include-full,本人署名信件的完整底本候选。,buffett-shareholder-letter-1971,3081,8037,46,2026-07-23T02:01:41.691Z,0,0,,9928b05f05f9ec1fc0de1005fea6cc7aba9cd7dbf274674bb5a5524adafccde8,9daddfeb290a7e5a3dec0ae7302f79d8b2e0b800340779eff4d9a89ee265a1b2
content/letters/berkshire_1972-巴菲特致股东信.md,1972 年巴菲特致伯克希尔股东信,content/letters,source-corpus,buffett,true,false,shareholder-letter,1972,zh,full-candidate,,primary-authored-translation-candidate,candidate-include-full,本人署名信件的完整底本候选。,buffett-shareholder-letter-1972,3642,9370,72,2026-07-23T02:01:41.692Z,0,0,,57a615c1ae3750b86e0de20c892c3972e10587d34ad12332d0d589e6be26e687,de9e18800ce1f4ecdaf9a40e0d11abcd04761e7d8cb771833aeda6240e4cc3b8
content/letters/berkshire_1973-巴菲特致股东信.md,1973 年巴菲特致伯克希尔股东信,content/letters,source-corpus,buffett,true,true,shareholder-letter,1973,zh,full-candidate,,primary-authored-translation-candidate,candidate-include-full,本人署名信件的完整底本候选。,buffett-shareholder-letter-1973,4382,10985,92,2026-07-23T02:01:41.692Z,0,0,,c58b88db03a22a6b3da1c9e7ba19a724fc39b97fd0690d1218ecd7e05c2a6804,0243c98b8279ebee6a071e840c6f63c1a09b9c4d38b77ae4203a73c8a6fb4e87
content/letters/berkshire_1974-巴菲特致股东信.md,1974 年巴菲特致伯克希尔股东信,content/letters,source-corpus,buffett,true,true,shareholder-letter,1974,zh,full-candidate,,primary-authored-translation-candidate,candidate-include-full,本人署名信件的完整底本候选。,buffett-shareholder-letter-1974,4756,12696,86,2026-07-23T02:01:41.693Z,0,0,,6106f5354c9f68c16e5f5dc7e2ffe067ed32a001846bfd59c2a0bc26a85762f1,c2f2b9b738646772295ad0bacc99c58e1f91e0ff5607c14bb80100617a033f67
content/letters/berkshire_1975-巴菲特致股东信.md,1975 年巴菲特致伯克希尔股东信,content/letters,source-corpus,buffett,true,false,shareholder-letter,1975,zh,full-candidate,,primary-authored-translation-candidate,candidate-include-full,本人署名信件的完整底本候选。,buffett-shareholder-letter-1975,5844,15036,104,2026-07-23T02:01:41.694Z,0,0,,7f7a68fb3c0ff33983e2c63793cab9dd46cb69a608050aef67775b82f79a6dd8,4d97fbb353b528ab5ef3f49f303046aa4968d80bcf6ad800518d826b1327a4b0
content/letters/berkshire_1976-巴菲特致股东信.md,1976 年巴菲特致伯克希尔股东信,content/letters,source-corpus,buffett,true,false,shareholder-letter,1976,zh,full-candidate,,primary-authored-translation-candidate,candidate-include-full,本人署名信件的完整底本候选。,buffett-shareholder-letter-1976,5192,12425,95,2026-07-23T02:01:41.694Z,0,0,,52507db23b094f43d948d708df9b2ef8bc135e1ebdc519fb6e4d9c03b1c9634c,cf6c2542c73778050ea1f2df9ae4789442715e779393abd0bd34ba8b9ba02172
content/letters/berkshire_1977-巴菲特致股东信.md,1977 年巴菲特致伯克希尔股东信,content/letters,source-corpus,buffett,true,true,shareholder-letter,1977,zh,full-candidate,,primary-authored-translation-candidate,candidate-include-full,本人署名信件的完整底本候选。,buffett-shareholder-letter-1977,7780,18482,93,2026-07-23T02:01:41.695Z,0,0,,89aa1d11a5c90e5dbb6d264d30ea43ee50cec7d93b41e8e900f12958c65f3c3c,a2ccaa68282441ede5854a878949d2b267f93074d968d940223689f5280a7177
content/letters/berkshire_1978-巴菲特致股东信.md,1978 年巴菲特致伯克希尔股东信,content/letters,source-corpus,buffett,true,true,shareholder-letter,1978,zh,full-candidate,,primary-authored-translation-candidate,candidate-include-full,本人署名信件的完整底本候选。,buffett-shareholder-letter-1978,10789,25384,143,2026-07-23T02:01:41.697Z,0,0,,f7f8303d9b10fd73b4b58b1ef0c69070937387400936d5b318ad27fc41665b87,75a312f044f64744f0050787554c58fb95de3be059164918b181e8d21c688682
content/letters/berkshire_1979-巴菲特致股东信.md,1979 年巴菲特致伯克希尔股东信,content/letters,source-corpus,buffett,true,true,shareholder-letter,1979,zh,full-candidate,,primary-authored-translation-candidate,candidate-include-full,本人署名信件的完整底本候选。,buffett-shareholder-letter-1979,14650,36656,209,2026-07-23T02:01:41.698Z,0,0,,3d4e93c881f261446f52a51dfb787ff061e6a73234636e42a080a072d554512a,12f61f0650c655dd7bf2badb964c695d0308aefe1c7fc6c4f736cb0c9aad10a3
content/letters/berkshire_1980-巴菲特致股东信.md,1980 年巴菲特致伯克希尔股东信,content/letters,source-corpus,buffett,true,true,shareholder-letter,1980,zh,full-candidate,,primary-authored-translation-candidate,candidate-include-full,本人署名信件的完整底本候选。,buffett-shareholder-letter-1980,17290,42673,257,2026-08-09T13:50:02.184Z,0,0,,6be07829e7e52c127d1f5bd77de81d740774679230001f9b609aaf98b346a874,a62d9f9a326d67e5506a36ac58b76706f9bc6990cd56db818481862e7353139a
content/letters/berkshire_1981-巴菲特致股东信.md,1981 年巴菲特致伯克希尔股东信,content/letters,source-corpus,buffett,true,true,shareholder-letter,1981,zh,full-candidate,,primary-authored-translation-candidate,candidate-include-full,本人署名信件的完整底本候选。,buffett-shareholder-letter-1981,15104,37789,255,2026-07-23T02:01:41.699Z,0,0,,6ddd9c3dec2bfec3071bc4c8fd0fe9b33b4fe7d0febff29f4327c1d816787ccd,eec52a1c048c10bd9f16542681f11a5120ec87478db4b3059ee386b23edc46da
content/letters/berkshire_1982-巴菲特致股东信.md,1982 年巴菲特致伯克希尔股东信,content/letters,source-corpus,buffett,true,true,shareholder-letter,1982,zh,full-candidate,,primary-authored-translation-candidate,candidate-include-full,本人署名信件的完整底本候选。,buffett-shareholder-letter-1982,17725,44580,291,2026-07-23T02:01:41.701Z,0,0,,15cd44d07a7332a38c6b903299ba9cd0b24cb779a4026f9cc9e3f0cca5923cda,9cb45f631adade95a8d9578bbe7b41212805882c8f8547667102f4b9a1a2843a
content/letters/berkshire_1983-巴菲特致股东信.md,1983 年巴菲特致伯克希尔股东信,content/letters,source-corpus,buffett,true,true,shareholder-letter,1983,zh,full-candidate,,primary-authored-translation-candidate,candidate-include-full,本人署名信件的完整底本候选。,buffett-shareholder-letter-1983,24967,63469,447,2026-07-23T02:01:41.703Z,0,0,,70e3eb6a66d62870742761bd831b41e548b20119564db48290e4284e46fd8dd6,e45eccb619c6bc554b89cf432c69b11e18cfc876161335e2d778ecbb3812dada
content/letters/berkshire_1984-巴菲特致股东信.md,1984 年巴菲特致伯克希尔股东信,content/letters,source-corpus,buffett,true,true,shareholder-letter,1984,zh,full-candidate,,primary-authored-translation-candidate,candidate-include-full,本人署名信件的完整底本候选。,buffett-shareholder-letter-1984,26779,68175,389,2026-07-23T02:01:41.704Z,0,0,,bcfc97cf3d359f8cd7acf93d7a8e7d2f650cfcf4fc993972855ab7e9095f9366,8844896b4b7ad78173a9305be877be42a45dbe904f6fe3d5222be3e9d5f8b606
content/letters/berkshire_1985-巴菲特致股东信.md,1985 年巴菲特致伯克希尔股东信,content/letters,source-corpus,buffett,true,true,shareholder-letter,1985,zh,full-candidate,,primary-authored-translation-candidate,candidate-include-full,本人署名信件的完整底本候选。,buffett-shareholder-letter-1985,28136,74536,410,2026-07-23T02:01:41.706Z,0,0,,d4745abba5b7ad49cdf968ddab2b5545cee921c29b20b697d08775a9557a7efc,f1af650c6841cf0bdc1b7a1c929b065a7a948d4c7947bf4080c3973208609554
content/letters/berkshire_1986-巴菲特致股东信.md,1986 年巴菲特致伯克希尔股东信,content/letters,source-corpus,buffett,true,true,shareholder-letter,1986,zh,full-candidate,,primary-authored-translation-candidate,candidate-include-full,本人署名信件的完整底本候选。,buffett-shareholder-letter-1986,28788,74615,503,2026-07-23T02:01:41.709Z,0,0,,f709bfd622aacf9c7e1b310d82d978561dbada320793e1db36a0bf759f6c1791,39a0036c28ca72041b7d95de689de7abb9ff243e05cd4df645c72540761d763a
content/letters/berkshire_1987-巴菲特致股东信.md,1987 年巴菲特致伯克希尔股东信,content/letters,source-corpus,buffett,true,true,shareholder-letter,1987,zh,full-candidate,,primary-authored-translation-candidate,candidate-include-full,本人署名信件的完整底本候选。,buffett-shareholder-letter-1987,26503,71184,416,2026-07-23T02:01:41.712Z,0,0,,08eafb0f98b556e99503057d0b3daad0928be168218e65a0bfc60d26671ce92f,06ef4729fc47f6775c399afb6dda31b7e35e46d2c6e87182428dac74fe32b95e
content/letters/berkshire_1988-巴菲特致股东信.md,1988 年巴菲特致伯克希尔股东信,content/letters,source-corpus,buffett,true,true,shareholder-letter,1988,zh,full-candidate,,primary-authored-translation-candidate,candidate-include-full,本人署名信件的完整底本候选。,buffett-shareholder-letter-1988,25139,65865,447,2026-07-23T02:01:41.713Z,0,0,,4c01a31eeb148993ba0a41aa53a154b0ea3cb85dd36b1f635ccd6d9e0b5aee1d,0741e00c79d307f014e922e7a3a879c981870909448f0e110ee1a9304ef56971
content/letters/berkshire_1989-巴菲特致股东信.md,1989 年巴菲特致伯克希尔股东信,content/letters,source-corpus,buffett,true,true,shareholder-letter,1989,zh,full-candidate,,primary-authored-translation-candidate,candidate-include-full,本人署名信件的完整底本候选。,buffett-shareholder-letter-1989,30889,81669,490,2026-07-23T02:01:41.716Z,0,0,,1832341510a4f2cb5e6e3a737a20f4b2183f3a6e6ad8d24eb06d5098a10b62bc,2e15b301446478983dfca491210d508f1055a49cb656accece2107e5b4a29218
content/letters/berkshire_1990-巴菲特致股东信.md,1990 年巴菲特致伯克希尔股东信,content/letters,source-corpus,buffett,true,true,shareholder-letter,1990,zh,full-candidate,translator-source-language-footnote-not-original-body,primary-authored-translation-candidate,candidate-include-full,本人署名信件的完整底本候选。,buffett-shareholder-letter-1990,33211,85905,605,2026-07-23T02:01:41.718Z,0,0,,501ea5bd10d4db0f11cad7d933beee4e612f02d3911a6bb3de1d8bac8caeca9d,6d603b9e5e68735536a20b150f190ec060fd4c60686bf33fca5c3215ffb97d83
content/letters/berkshire_1991-巴菲特致股东信.md,1991 年巴菲特致伯克希尔股东信,content/letters,source-corpus,buffett,true,true,shareholder-letter,1991,zh,full-candidate,,primary-authored-translation-candidate,candidate-include-full,本人署名信件的完整底本候选。,buffett-shareholder-letter-1991,21826,52157,376,2026-07-23T02:01:41.719Z,0,0,,a0932ca318cd37dcb8f1fc55dbed0efa9595c1b38a51e758e52203fb9537b5d3,b856c63067e8d1dbe7a189fe67df562f25b97722702a595025f7a0c532739fc3
content/letters/berkshire_1992-巴菲特致股东信.md,1992 年巴菲特致伯克希尔股东信,content/letters,source-corpus,buffett,true,true,shareholder-letter,1992,zh,full-candidate,,primary-authored-translation-candidate,candidate-include-full,本人署名信件的完整底本候选。,buffett-shareholder-letter-1992,25009,62064,420,2026-07-23T02:01:41.722Z,0,0,,bb90bed5452d7f121f495b07df0f6a9a76fda7bcb88ab672eeec980e2c333a33,81a64248ef8bcd2adfbae44332d700589805e16b59e0a133f3afb7a06c3dc9e9
content/letters/berkshire_1993-巴菲特致股东信.md,1993 年巴菲特致伯克希尔股东信,content/letters,source-corpus,buffett,true,true,shareholder-letter,1993,zh,full-candidate,,primary-authored-translation-candidate,candidate-include-full,本人署名信件的完整底本候选。,buffett-shareholder-letter-1993,24447,61039,398,2026-07-23T02:01:41.724Z,0,0,,d49be52930f96a3e6dfae655ee3e80cb0516f1f14774fb8ec2884643ba9a170d,2a7b5e7dfa26b46be01be988e5a4babda800e074c72ea0d8da83b6fa028c2322
content/letters/berkshire_1994-巴菲特致股东信.md,1994 年巴菲特致伯克希尔股东信,content/letters,source-corpus,buffett,true,true,shareholder-letter,1994,zh,full-candidate,,primary-authored-translation-candidate,candidate-include-full,本人署名信件的完整底本候选。,buffett-shareholder-letter-1994,22187,54472,388,2026-07-23T02:01:41.725Z,0,0,,d204a9889161af62f46af96fb7a95420e693e8f9e1eb0e65a9b79f1ed88be6e5,7ffc99423edb98377170b116eec9a4a1474befa7383cbd5cd004b903cc9dd388
content/letters/berkshire_1995-巴菲特致股东信.md,1995 年巴菲特致伯克希尔股东信,content/letters,source-corpus,buffett,true,true,shareholder-letter,1995,zh,full-candidate,,primary-authored-translation-candidate,candidate-include-full,本人署名信件的完整底本候选。,buffett-shareholder-letter-1995,26923,68018,415,2026-07-23T02:01:41.727Z,0,0,,c72a8b72668a51544cd3d460e6c909db8af47f0f02402aed50a8a4ad14b505ba,ad62b64c25867d71a00ce40cd2d90b370f49c61b9d086796cd8e1663f54e5dc3
content/letters/berkshire_1996-巴菲特致股东信.md,1996 年巴菲特致伯克希尔股东信,content/letters,source-corpus,buffett,true,true,shareholder-letter,1996,zh,full-candidate,,primary-authored-translation-candidate,candidate-include-full,本人署名信件的完整底本候选。,buffett-shareholder-letter-1996,26188,66721,410,2026-07-23T02:01:41.728Z,0,0,,1608b85371446b320cc42a04fd171127e112d8b7a8bf9287ef895520eb864338,2e3e9d44a33be77d9610b785a407804d44e50feda528e96149a5f63311f4b346
content/letters/berkshire_1997-巴菲特致股东信.md,1997 年巴菲特致伯克希尔股东信,content/letters,source-corpus,buffett,true,true,shareholder-letter,1997,zh,full-candidate,,primary-authored-translation-candidate,candidate-include-full,本人署名信件的完整底本候选。,buffett-shareholder-letter-1997,26543,66123,433,2026-07-23T02:01:41.729Z,0,0,,5a5b4700b613442a01f53a187a3147eb12d72a7604ef8ade25364b66f786e339,8beb07365f753d7b0f65695342cd932eda6a607abda8c99d1b20bf5328116bd9
content/letters/berkshire_1998-巴菲特致股东信.md,1998 年巴菲特致伯克希尔股东信,content/letters,source-corpus,buffett,true,true,shareholder-letter,1998,zh,full-candidate,,primary-authored-translation-candidate,candidate-include-full,本人署名信件的完整底本候选。,buffett-shareholder-letter-1998,25024,65073,414,2026-07-23T02:01:41.736Z,0,0,,a37c5cc9e627713c92c3537489dcb165fa234409402e6d781827119b65f6e992,bc8edc2b0f3b49cc51cd83138719e79d788c8b2a3be1a2ae9585490ee1cddfa9
content/letters/berkshire_1999-巴菲特致股东信.md,1999 年巴菲特致伯克希尔股东信,content/letters,source-corpus,buffett,true,true,shareholder-letter,1999,zh,full-candidate,,primary-authored-translation-candidate,candidate-include-full,本人署名信件的完整底本候选。,buffett-shareholder-letter-1999,26546,69036,428,2026-07-23T02:01:41.740Z,0,0,,35583e8952bb72cb8caa95d04ce9ca27015b01a25c14f17d672ee75e263e5a0e,49722977ee3758652a9aee58fc2f7e42135ac35e44a9ce0465a039008f15db99
content/letters/berkshire_2000-巴菲特致股东信.md,2000 年巴菲特致伯克希尔股东信,content/letters,source-corpus,buffett,true,true,shareholder-letter,2000,zh,full-candidate,leading-layout-note-needs-editorial-separation,primary-authored-translation-candidate,candidate-include-full,本人署名信件的完整底本候选。,buffett-shareholder-letter-2000,29751,75415,513,2026-07-23T02:01:41.744Z,0,0,,91638fdb4d3ee3c66bb286ed4dbb96c8b3ec898198f4a04aa59a522afbda8690,65e76226e1856b47bf8c1eb283b48530024941880d20f40c3431f7f610c7e161
content/letters/berkshire_2001-巴菲特致股东信.md,2001 年巴菲特致伯克希尔股东信,content/letters,source-corpus,buffett,true,true,shareholder-letter,2001,zh,full-candidate,leading-layout-note-needs-editorial-separation,primary-authored-translation-candidate,candidate-include-full,本人署名信件的完整底本候选。,buffett-shareholder-letter-2001,28247,70656,466,2026-07-23T02:01:41.745Z,0,0,,de1ae01ff7fbb57931f98d523a4c5f47f1f8bc8368d68d52afe85f054261198d,04665da9adc366f9f6cc05549599c1a98b2723d573c9062684d5b71de443a9e4
content/letters/berkshire_2002-巴菲特致股东信.md,2002 年巴菲特致伯克希尔股东信,content/letters,source-corpus,buffett,true,true,shareholder-letter,2002,zh,full-candidate,leading-layout-note-needs-editorial-separation,primary-authored-translation-candidate,candidate-include-full,本人署名信件的完整底本候选。,buffett-shareholder-letter-2002,32437,83128,573,2026-07-23T02:01:41.747Z,0,0,,ddc8fc233684714d354f63fbba6cc5e7eac213425dd20f7b1aa98d28a89b1db5,d4e9ba79108e928a128ae270660a362f27c1935a1927ac1dac068c6b143d6fb3
content/letters/berkshire_2003-巴菲特致股东信.md,2003 年巴菲特致伯克希尔股东信,content/letters,source-corpus,buffett,true,true,shareholder-letter,2003,zh,full-candidate,leading-layout-note-needs-editorial-separation,primary-authored-translation-candidate,candidate-include-full,本人署名信件的完整底本候选。,buffett-shareholder-letter-2003,32458,79825,606,2026-07-23T02:01:41.748Z,0,0,,7acf0d4cc852020439f7748efc0936a26c649a2bb4a93b55102615384a97736c,67c4c4e13ec6b983ba77eee0c43e5e25852450aac3bc79000ea8657d9d5a69ae
content/letters/berkshire_2004-巴菲特致股东信.md,2004 年巴菲特致伯克希尔股东信,content/letters,source-corpus,buffett,true,true,shareholder-letter,2004,zh,full-candidate,leading-layout-note-needs-editorial-separation,primary-authored-translation-candidate,candidate-include-full,本人署名信件的完整底本候选。,buffett-shareholder-letter-2004,34524,83577,631,2026-07-23T02:01:41.749Z,0,0,,275361b8ee169247b15d1cf7bb3bf9004014ed8f41a645b2c71da12110ff73ce,f0b264711aa7cd5bd809830ad924fad7ea43344e34e42a540da66a845c723676
content/letters/berkshire_2005-巴菲特致股东信.md,2005 年巴菲特致伯克希尔股东信,content/letters,source-corpus,buffett,true,true,shareholder-letter,2005,zh,full-candidate,,primary-authored-translation-candidate,candidate-include-full,本人署名信件的完整底本候选。,buffett-shareholder-letter-2005,28466,73317,500,2026-07-23T02:01:41.751Z,0,0,,e6b1851b474d269a16f369721695138aafd20f45845ac1a89e359377d709b292,be65fb21255ea5a1295f2e8191fe42753703009ef5ef7d5a3a73263ae9c00e45
content/letters/berkshire_2006-巴菲特致股东信.md,2006 年巴菲特致伯克希尔股东信,content/letters,source-corpus,buffett,true,true,shareholder-letter,2006,zh,full-candidate,leading-layout-note-needs-editorial-separation,primary-authored-translation-candidate,candidate-include-full,本人署名信件的完整底本候选。,buffett-shareholder-letter-2006,24164,58665,477,2026-07-23T02:01:41.752Z,0,0,,ba8c5a8523f1826b03661e1bc74954de93ce1063d27376f191832c5685fd8b44,27357c508dcadb9ae53cbcb465c0ac0cc54701b841fdb4adcc26f8a65775621f
content/letters/berkshire_2007-巴菲特致股东信.md,2007 年巴菲特致伯克希尔股东信,content/letters,source-corpus,buffett,true,true,shareholder-letter,2007,zh,full-candidate,leading-layout-note-needs-editorial-separation,primary-authored-translation-candidate,candidate-include-full,本人署名信件的完整底本候选。,buffett-shareholder-letter-2007,29256,71865,578,2026-07-23T02:01:41.753Z,0,0,,187ac60912b36e23ff1be735ca8de65d26c332e2a315946ba980f6e89ad802c8,d8a67dec6bdf2741332bbd27865116970469c003d5986dfeae800801803d66a7
content/letters/berkshire_2008-巴菲特致股东信.md,2008 年巴菲特致伯克希尔股东信,content/letters,source-corpus,buffett,true,true,shareholder-letter,2008,zh,full-candidate,,primary-authored-translation-candidate,candidate-include-full,本人署名信件的完整底本候选。,buffett-shareholder-letter-2008,30523,76909,538,2026-07-23T02:01:41.753Z,0,0,,6f86a931ffe56c532f0d7dd971fc6dd4a4ed4232d2198de91331818b33ee104d,213fb0979a4e0b9602e3d05f1a09a3a94eca17e842b9d5eaac599251d61a35c8
content/letters/berkshire_2009-巴菲特致股东信.md,2009 年巴菲特致伯克希尔股东信,content/letters,source-corpus,buffett,true,true,shareholder-letter,2009,zh,full-candidate,,primary-authored-translation-candidate,candidate-include-full,本人署名信件的完整底本候选。,buffett-shareholder-letter-2009,26352,65634,507,2026-07-23T02:01:41.754Z,0,0,,3d073008a9bfdf2d59792f6e7d08a3648b2aedeba37a181eb2d821a664e2e010,f4c19c5d1fcbc84338d8d78aa8e15a91e2160e5cdaea4b51801bcb4be5a0f82a
content/letters/berkshire_2010-巴菲特致股东信.md,2010 年巴菲特致伯克希尔股东信,content/letters,source-corpus,buffett,true,true,shareholder-letter,2010,zh,full-candidate,,primary-authored-translation-candidate,candidate-include-full,本人署名信件的完整底本候选。,buffett-shareholder-letter-2010,36401,88345,701,2026-07-23T02:01:41.756Z,0,0,,c42f29922cfec58aca80d202e25d1f0f67c0d17e687cfac5c9ef5ca2fbca9048,8c43d387d46b2fb9c67a0b544c831c3a1b6eac5bc9df3eaeeb9a78019a7eff86
content/letters/berkshire_2011-巴菲特致股东信.md,2011 年巴菲特致伯克希尔股东信,content/letters,source-corpus,buffett,true,true,shareholder-letter,2011,zh,full-candidate,,primary-authored-translation-candidate,candidate-include-full,本人署名信件的完整底本候选。,buffett-shareholder-letter-2011,31676,80419,545,2026-07-23T02:01:41.757Z,0,0,,d352d7e2eb9406e0246b3c8e9b656e872dcde88f1890b20857face39ee074bba,41b89a00126348596311d46b0c801a33541ef69b493e84e135135d77dea7d6d7
content/letters/berkshire_2012-巴菲特致股东信.md,2012 年巴菲特致伯克希尔股东信,content/letters,source-corpus,buffett,true,true,shareholder-letter,2012,zh,full-candidate,,primary-authored-translation-candidate,candidate-include-full,本人署名信件的完整底本候选。,buffett-shareholder-letter-2012,31875,79132,624,2026-07-23T02:01:41.757Z,0,0,,272c19b3bddbd2f6bab7efd2406e3caa67c3e8d27319b65df976e6bf76b4ad27,d1358132b81e5951bfb258a5d0f5a0ff2155ee1f46944ecc2d0a21e4825ace67
content/letters/berkshire_2013-巴菲特致股东信.md,2013 年巴菲特致伯克希尔股东信,content/letters,source-corpus,buffett,true,true,shareholder-letter,2013,zh,full-candidate,,primary-authored-translation-candidate,candidate-include-full,本人署名信件的完整底本候选。,buffett-shareholder-letter-2013,30664,76020,623,2026-07-23T02:01:41.759Z,0,0,,0763f845fa6564d96bbae9178bd65a48d761814967bff17df2e7c8435dc3d3f4,a4402c81992a7e461cdd4c346b0bc8bc9a879d9467a2a45620ca6cffacb0dec0
content/letters/berkshire_2014-巴菲特致股东信.md,2014 年巴菲特致伯克希尔股东信,content/letters,source-corpus,buffett,true,true,shareholder-letter,2014,zh,full-candidate,,primary-authored-translation-candidate,candidate-include-full,本人署名信件的完整底本候选。,buffett-shareholder-letter-2014,28258,69507,547,2026-07-23T02:01:41.759Z,0,0,,f8535d7ac0714dc92d48c2c42820c202f87eaeea72ff848c2d35350d93fa003b,05b20568beffe72ec5148f3c92e93c8df2d0933b9498a5858dba7d57ff00e9bc
content/letters/berkshire_2015-巴菲特致股东信.md,2015 年巴菲特致伯克希尔股东信,content/letters,source-corpus,buffett,true,true,shareholder-letter,2015,zh,full-candidate,,primary-authored-translation-candidate,candidate-include-full,本人署名信件的完整底本候选。,buffett-shareholder-letter-2015,37872,95382,668,2026-07-23T02:01:41.760Z,0,0,,166df3b12fd2ecfed902e1cb412254bf2145bbef27037eaa652fcbddbb77f8a6,4c931ac2df0426fcee0928bc872152faacfd6380251aba5682e66ed62fef80ca
content/letters/berkshire_2016-巴菲特致股东信.md,2016 年巴菲特致伯克希尔股东信,content/letters,source-corpus,buffett,true,true,shareholder-letter,2016,zh,full-candidate,translator-explanatory-footnotes-not-original-body,primary-authored-translation-candidate,candidate-include-full,本人署名信件的完整底本候选。,buffett-shareholder-letter-2016,37250,92414,711,2026-07-23T02:01:41.761Z,0,0,,80336500d1c88c5d27b31bfeb1377a51d48b718059623ff76cf8457b9492de9f,80cac9fada684f6c8238db473e28e449d7ff698e8d5e9a1de702ba46a67653bf
content/letters/berkshire_2017-巴菲特致股东信.md,2017 年巴菲特致伯克希尔股东信,content/letters,source-corpus,buffett,true,true,shareholder-letter,2017,zh,full-candidate,,primary-authored-translation-candidate,candidate-include-full,本人署名信件的完整底本候选。,buffett-shareholder-letter-2017,22292,53196,447,2026-07-23T02:01:41.763Z,0,0,,c33fc310f85f3ae3f2acb84b4c5134908c1fb7e8df4a0432263b84dc3e936d25,3df98aa5ce1fe0b3f9d95c97697fc8a1211cc23ac3d49405cad07393dabd36a0
content/letters/berkshire_2018-巴菲特致股东信.md,2018 年巴菲特致伯克希尔股东信,content/letters,source-corpus,buffett,true,true,shareholder-letter,2018,zh,full-candidate,,primary-authored-translation-candidate,candidate-include-full,本人署名信件的完整底本候选。,buffett-shareholder-letter-2018,17601,42590,381,2026-07-23T02:01:41.764Z,0,0,,c082232697a0a4ca7dc0603a81aeba30ca0d97c79918bfdd6639229f2d748732,f64e89b1078932623d8715ca019a9af13d19bb789a8770dad0fe21474d735325
content/letters/berkshire_2019-巴菲特致股东信.md,2019 年巴菲特致伯克希尔股东信,content/letters,source-corpus,buffett,true,true,shareholder-letter,2019,zh,full-candidate,,primary-authored-translation-candidate,candidate-include-full,本人署名信件的完整底本候选。,buffett-shareholder-letter-2019,17919,43099,388,2026-07-23T02:01:41.765Z,0,0,,e57057420542ce2a009d61e43c9dd770efd437aba99c70fc6c1fd6baaa768796,13222dc45a2be6ca836ad20ebb1d60793ec2e9191dbb20ba77ef2b40112c8e8f
content/letters/berkshire_2020-巴菲特致股东信.md,2020 年巴菲特致伯克希尔股东信,content/letters,source-corpus,buffett,true,true,shareholder-letter,2020,zh,full-candidate,,primary-authored-translation-candidate,candidate-include-full,本人署名信件的完整底本候选。,buffett-shareholder-letter-2020,17352,42972,387,2026-07-23T02:01:41.766Z,0,0,,0804eedcec9f227388b1c4ed9c36d8ab15dbe823c4c476472886b8764e846677,bfb4775f1a8b379cd9ee41cca92b7878dfce5070ead8ec460ee5c70bb5639e7c
content/letters/berkshire_2021-巴菲特致股东信.md,2021 年巴菲特致伯克希尔股东信,content/letters,source-corpus,buffett,true,true,shareholder-letter,2021,zh,full-candidate,,primary-authored-translation-candidate,candidate-include-full,本人署名信件的完整底本候选。,buffett-shareholder-letter-2021,11461,29589,240,2026-08-09T13:50:02.277Z,0,0,,5c3a214f9e96ba9a0d46515eef5c6f91a52ed53eeed1c61840b80f6c25de5641,0d00fa63963b6ca6142e775045d0b2489b5182e0f49939aab4aa93d9655de567
content/letters/berkshire_2022-巴菲特致股东信.md,2022 年巴菲特致伯克希尔股东信,content/letters,source-corpus,buffett,true,true,shareholder-letter,2022,zh,full-candidate,,primary-authored-translation-candidate,candidate-include-full,本人署名信件的完整底本候选。,buffett-shareholder-letter-2022,9162,22077,264,2026-07-23T02:01:41.766Z,0,0,,5b00f7418545b52185a03611153f9a63c90c7a405cbc2da9ccc8356174889e89,7e2fa22a8dbd61897b8097b7fb4a73e37eb8eb3cedb65494fd20f5db8b1e54b4
content/letters/berkshire_2023-巴菲特致股东信.md,2023 年巴菲特致伯克希尔股东信,content/letters,source-corpus,buffett,true,false,shareholder-letter,2023,zh,full-candidate,,primary-authored-translation-candidate,candidate-include-full,本人署名信件的完整底本候选。,buffett-shareholder-letter-2023,14111,35999,319,2026-07-23T02:01:41.767Z,0,0,,64eccbcf4a6392ceb7b1d5057b7f2e7ead92a53240b185cec77cd9f486dfdf53,73ce4a838f57daedb5daf3adbafd53ccb3903aae95139f87d062701514f92b9c
content/letters/berkshire_2024-巴菲特致股东信.md,2024 年巴菲特致伯克希尔股东信,content/letters,source-corpus,buffett,true,true,shareholder-letter,2024,zh,full-candidate,,primary-authored-translation-candidate,candidate-include-full,本人署名信件的完整底本候选。,buffett-shareholder-letter-2024,13127,32900,308,2026-07-23T02:01:41.768Z,0,0,,ef5ada8535e77824db0cc6d6b38ba2f4f3fe7898270e7f313ae7a084eb0c359b,554403c7f2274a9985a6253262e2e1415c3d82aa7ba5ee8260a8db26350c48d7
content/letters/berkshire_2025-巴菲特致股东信.md,2025 年感恩节致股东信,content/letters,source-corpus,buffett,true,true,shareholder-letter,2025,zh,full-candidate,2025-thanksgiving-letter-not-annual-report-letter|official-press-release-wrapper-not-buffett-letter-body,primary-authored-translation-candidate,candidate-include-full,本人署名信件的完整底本候选。,buffett-shareholder-letter-2025,7882,21516,178,2026-07-23T02:01:41.768Z,0,0,,959a6dfd77bcaa6ab5858a3ab53df0140242715912af8ddf2dd6476818da26d5,8ec2ea8635744118a012b2a57214756d520b2f47a4d6151c61f42af97e396cb2
content/munger-archive/recordings/2018-08 红周刊专访查理芒格.md,投资者如何做到耐心,content/munger-archive,source-corpus,munger,true,true,munger-speech-or-interview,2018,zh,full-candidate,source-verification-pending,primary-transcript-translation-candidate,candidate-primary-review,芒格讲话、访谈或会议记录候选，需核验来源、说话者边界和完整度。,,12065,33257,504,2026-08-07T14:43:21.330Z,0,30,https://www.yuque.com/cooo/hg40yk/gyw9ou,16dbacbf4b802972d761269fc1a585ce421ececa36c1067226026715fe9e1b4c,eefe09aa52cb83c3e83fec57e630cbd5faf6117cb67ad143e3927fd8cf847743
content/munger-archive/recordings/acquired-charlie-munger-2023.md,查理·芒格做客 Acquired 播客（2023）,content/munger-archive,source-corpus,munger,true,true,munger-speech-or-interview,2023,zh,unknown,,primary-transcript-translation-candidate,candidate-primary-review,芒格讲话、访谈或会议记录候选，需核验来源、说话者边界和完整度。,,2981,6082,97,2026-07-31T03:48:48.520Z,0,0,https://mungerarchive.com/zh/recordings/acquired-charlie-munger-2023/,a9898bbe7ed7a0d9dfdb0227a0be53524133a3025b68a499dedd6ce63ae787d8,86d16780c939873ed86f57dc2b0e91a0edea1da01b811458b7a66b7338dadb84
content/munger-archive/recordings/bbc-boom-and-bust-2009.md,查理·芒格论繁荣与萧条（BBC，2009）,content/munger-archive,source-corpus,munger,false,true,munger-speech-or-interview,2009,zh,unknown,,primary-transcript-translation-candidate,candidate-primary-review,芒格讲话、访谈或会议记录候选，需核验来源、说话者边界和完整度。,,964,1539,27,2026-07-31T03:58:09.442Z,0,0,https://mungerarchive.com/zh/recordings/bbc-boom-and-bust-2009/,1d40331f88c9e15fb924e9cf00afc08ee210364e4fa087cd37f98eef952bef1d,12e426c74fb4a857d3a07f0dc8fcfee4aabd8274111ff8c92edb1ea75829b950
content/munger-archive/recordings/berkshire-2023-annual-meeting.md,伯克希尔-哈撒韦2023年年度股东大会——巴菲特与芒格最后一次同台,content/munger-archive,source-corpus,munger,true,true,berkshire-meeting-record,2023,zh,unknown,,primary-transcript-translation-candidate,candidate-primary-review,芒格讲话、访谈或会议记录候选，需核验来源、说话者边界和完整度。,berkshire-meeting-2023,984,1490,25,2026-07-31T03:58:09.442Z,0,0,https://mungerarchive.com/zh/recordings/berkshire-2023-annual-meeting/,6c21e6773b6a64ea042d7cacaca2817aea41d1d3c1e6403a863c90f510f74e69,a04671db6ee95c16e85d1377c4314a7a1db780b8661dfe832e3ed0b5ad8f94ff
content/munger-archive/recordings/berkshire-hathaway-annual-meetings.md,伯克希尔-哈撒韦年度股东大会(1994年至今),content/munger-archive,source-corpus,munger,true,true,berkshire-meeting-record,1994,zh,selection-or-excerpt,,primary-transcript-translation-candidate,candidate-include-selection,芒格讲话、访谈或会议记录候选，需核验来源、说话者边界和完整度。,berkshire-meeting-1994,1510,2726,33,2026-07-31T03:48:38.548Z,0,0,https://mungerarchive.com/zh/recordings/berkshire-hathaway-annual-meetings/,3976993d829ac80c5e7c5306daf552c0fb0e2198c07b95a809907bf66dd216fd,df377356cd63e22cb8a82d9d672b43dc54655cdf310f0f7c0e981d74599d9dd4
content/munger-archive/recordings/caltech-2008.md,加州理工学院杜布里奇杰出讲座(2008),content/munger-archive,source-corpus,munger,false,true,munger-speech-or-interview,2008,zh,unknown,,primary-transcript-translation-candidate,candidate-primary-review,芒格讲话、访谈或会议记录候选，需核验来源、说话者边界和完整度。,,1159,2039,29,2026-07-31T03:58:09.443Z,0,0,https://mungerarchive.com/zh/recordings/caltech-2008/,9ac37ac7785528036690cf25b8f0d739852dfede49470d7a4af781083ec0a04f,8e44bd403d7deae3de04ab5501f07f95933078b98675f884907c2548052bba78
content/munger-archive/recordings/caltech-2020.md,与查理·芒格的一席谈——加州理工学院杰出校友(2020),content/munger-archive,source-corpus,munger,true,true,munger-speech-or-interview,2020,zh,unknown,,primary-transcript-translation-candidate,candidate-primary-review,芒格讲话、访谈或会议记录候选，需核验来源、说话者边界和完整度。,,1207,2168,29,2026-07-31T03:58:09.443Z,0,0,https://mungerarchive.com/zh/recordings/caltech-2020/,b1b27f249431d4f4925b926a59f6f4b37078f36b2011a5d83d791d62aedaabff,822349b653fa4d08c19043a3e7155d06c02cc07821dbee355fdb6fbe75db716b
content/munger-archive/recordings/cnbc-2019.md,"查理·芒格谈投资(CNBC,2019)",content/munger-archive,source-corpus,munger,true,true,munger-speech-or-interview,2019,zh,unknown,,primary-transcript-translation-candidate,candidate-primary-review,芒格讲话、访谈或会议记录候选，需核验来源、说话者边界和完整度。,,1006,1825,29,2026-07-31T03:58:09.443Z,0,0,https://mungerarchive.com/zh/recordings/cnbc-2019/,d467573921c1934f91920e170e7ebe8b7aa9525b50ea64e19ac24d06b72d3731,d65d80803e57701180db8f4b2d15200980f4284803533af1a67a2231aa3c232a
content/munger-archive/recordings/cnbc-final-interview-2023.md,查理·芒格的最后一次CNBC访谈（2023）,content/munger-archive,source-corpus,munger,true,true,munger-speech-or-interview,2023,zh,unknown,,primary-transcript-translation-candidate,candidate-primary-review,芒格讲话、访谈或会议记录候选，需核验来源、说话者边界和完整度。,,3057,5901,91,2026-07-31T03:48:48.522Z,0,0,https://mungerarchive.com/zh/recordings/cnbc-final-interview-2023/,5524c10b48cd1cd9651e84e8716dba8757ce45634909ece6b7e982eaaef61608,540ce3eea37216bb5a0121fe6dbe4ad32cc9a8cc3d22aa21ddf568aa16cdaf58
content/munger-archive/recordings/daily-journal-2014.md,每日期刊2014年年会,content/munger-archive,source-corpus,munger,false,true,daily-journal-meeting-record,2014,zh,unknown,,primary-transcript-translation-candidate,candidate-primary-review,芒格讲话、访谈或会议记录候选，需核验来源、说话者边界和完整度。,,24669,69859,440,2026-08-02T13:01:01.053Z,0,0,https://mungerarchive.com/zh/recordings/daily-journal-2014/,1d4777443a9c350d4af26f71f45cf35b6edf3936c4ea3d0e7c6de949bd9d949a,7041b854dbb03521f04ebf5e5b28918e2eb86c7dc60784aaa535eeac7db30c4b
content/munger-archive/recordings/daily-journal-2015.md,每日期刊2015年年会,content/munger-archive,source-corpus,munger,true,true,daily-journal-meeting-record,2015,zh,unknown,,primary-transcript-translation-candidate,candidate-primary-review,芒格讲话、访谈或会议记录候选，需核验来源、说话者边界和完整度。,,25964,73434,650,2026-08-02T13:01:01.056Z,0,0,https://mungerarchive.com/zh/recordings/daily-journal-2015/,056d8b5f4448104f00e2b71c8ca74afe22c117a61f5bebe05b4183677018a2f6,792315e3dc836f2ec9f081c87489aa0d3b2d1a60610d8f2b00e238ddc9955c9e
content/munger-archive/recordings/daily-journal-2016.md,每日期刊2016年年会,content/munger-archive,source-corpus,munger,true,true,daily-journal-meeting-record,2016,zh,unknown,,primary-transcript-translation-candidate,candidate-primary-review,芒格讲话、访谈或会议记录候选，需核验来源、说话者边界和完整度。,,19657,55109,396,2026-08-02T13:01:01.058Z,0,0,https://mungerarchive.com/zh/recordings/daily-journal-2016/,644bf8a9bdc9a522ee40ddd8e529d153d3b46dba811314896185784c85a2f152,2fd9f5023737b3826ace7e0aa2383758f5e073c9d91f347e99570544adb43329
content/munger-archive/recordings/daily-journal-2017-fireside.md,2017 年每日期刊大会后的炉边谈话,content/munger-archive,source-corpus,munger,false,true,daily-journal-meeting-record,2017,zh,unknown,,primary-transcript-translation-candidate,candidate-primary-review,芒格讲话、访谈或会议记录候选，需核验来源、说话者边界和完整度。,,1453,2468,33,2026-07-31T03:58:09.443Z,0,0,https://mungerarchive.com/zh/recordings/daily-journal-2017-fireside/,e7c50c00853d09f93f9a1265f60a3228a936c6df35b1a92a96c0be2e305cb5e7,563e6b9de3e9693f019b04fe119728efabf800bca12d783e87e9be6c0c158f4a
content/munger-archive/recordings/daily-journal-2017.md,每日期刊 2017 年股东大会,content/munger-archive,source-corpus,munger,false,true,daily-journal-meeting-record,2017,zh,unknown,,primary-transcript-translation-candidate,candidate-primary-review,芒格讲话、访谈或会议记录候选，需核验来源、说话者边界和完整度。,,27257,77724,440,2026-08-02T13:01:01.059Z,0,0,https://mungerarchive.com/zh/recordings/daily-journal-2017/,d0ca5b9da2f06153b5c5ac730517a1bd4bfc2dc923ff9c6a9930c6bb62f1ff14,03c07327d5242502306d862c2ebc95ad19a65e79fe844635c94df573c23ec83f
content/munger-archive/recordings/daily-journal-2018.md,每日期刊 2018 年股东大会,content/munger-archive,source-corpus,munger,true,true,daily-journal-meeting-record,2018,zh,unknown,,primary-transcript-translation-candidate,candidate-primary-review,芒格讲话、访谈或会议记录候选，需核验来源、说话者边界和完整度。,,24005,67543,350,2026-08-02T13:01:01.060Z,0,0,https://mungerarchive.com/zh/recordings/daily-journal-2018/,5ef71de0cc9ea6d6bd0d1d3d4d9053afc9234d668c5feab5bedc9610fae78c4d,e0bac4bf460c12624db284ff0c28441f29d5faa1d67d2cb8f0f89f3dae2a1514
content/munger-archive/recordings/daily-journal-2019.md,2019年每日期刊年度股东会,content/munger-archive,source-corpus,munger,true,true,daily-journal-meeting-record,2019,zh,unknown,,primary-transcript-translation-candidate,candidate-primary-review,芒格讲话、访谈或会议记录候选，需核验来源、说话者边界和完整度。,,26986,76770,436,2026-08-02T13:01:01.061Z,0,0,https://mungerarchive.com/zh/recordings/daily-journal-2019/,cc5a4d361507ae39a7ac3104faebe711707778b1c03f25959b3fd4388c9f05f1,3eb2e395a9d5dcafd78d848ada7477f0f7233bd8c9bf704efe333819849d7242
content/munger-archive/recordings/daily-journal-2020.md,2020年每日期刊年度股东会,content/munger-archive,source-corpus,munger,false,true,daily-journal-meeting-record,2020,zh,unknown,,primary-transcript-translation-candidate,candidate-primary-review,芒格讲话、访谈或会议记录候选，需核验来源、说话者边界和完整度。,,25858,73005,700,2026-08-02T13:01:01.062Z,0,0,https://mungerarchive.com/zh/recordings/daily-journal-2020/,28334e0985a0feea8fd32de2c9a473f5a059ffab8db28f588e8fb909b99a184d,a69f19c453720b1f5b70eb0ae7ecf7dd25a673f56164ee2a0d1ccf81407376e3
content/munger-archive/recordings/daily-journal-2021.md,2021年每日期刊年度股东会,content/munger-archive,source-corpus,munger,true,true,daily-journal-meeting-record,2021,zh,unknown,,primary-transcript-translation-candidate,candidate-primary-review,芒格讲话、访谈或会议记录候选，需核验来源、说话者边界和完整度。,,23443,66050,480,2026-08-02T13:01:01.063Z,0,0,https://mungerarchive.com/zh/recordings/daily-journal-2021/,af0ad1b1d03e19246d48f290f6bfefd0b854ab2f7c808b4066e48cefe6627c4f,cffd57323638195dc9f079931194848d9cea624102cd5c47373594a05f9510ce
content/munger-archive/recordings/daily-journal-2022.md,每日期刊2022年年会,content/munger-archive,source-corpus,munger,true,true,daily-journal-meeting-record,2022,zh,unknown,,primary-transcript-translation-candidate,candidate-primary-review,芒格讲话、访谈或会议记录候选，需核验来源、说话者边界和完整度。,,46641,107880,2106,2026-08-02T13:01:01.065Z,0,0,https://mungerarchive.com/zh/recordings/daily-journal-2022/,74a41fbef7e6936a19068fdac1fe12f99773fff8b6717ca1b008384f2012c287,8690faca43f080bced51497b59e96dfbe106084ccd6be41d50ac82c746c29be4
content/munger-archive/recordings/daily-journal-2023.md,每日期刊2023年年会,content/munger-archive,source-corpus,munger,false,true,daily-journal-meeting-record,2023,zh,unknown,,primary-transcript-translation-candidate,candidate-primary-review,芒格讲话、访谈或会议记录候选，需核验来源、说话者边界和完整度。,,1017,1838,31,2026-07-31T03:58:09.445Z,0,0,https://mungerarchive.com/zh/recordings/daily-journal-2023/,970e2635f9273e4c59a8ed35e462696cde560127243f6dd0115376516e06f6d7,7d3dd01a6ee69abc2f25544853625a319ae88a587859bda772ba533afcfd50c1
content/munger-archive/recordings/harvard-1986-misery.md,"如何确保一生悲惨(哈佛中学,1986)",content/munger-archive,source-corpus,munger,true,true,munger-speech-or-interview,1986,zh,unknown,,primary-transcript-translation-candidate,candidate-primary-review,芒格讲话、访谈或会议记录候选，需核验来源、说话者边界和完整度。,,3115,6284,85,2026-07-31T09:06:30.606Z,0,0,https://mungerarchive.com/zh/recordings/harvard-1986-misery/,e23ab4a5345e976e2d710d54e4532e1264f12810eac73e4221571041fe7ff1ae,f3b04caa28f3dc0dd26184e9fc9f28fb3efb07ed43d8536690061134a81d1036
content/munger-archive/recordings/harvard-law-1998-multidisciplinary.md,对更多跨学科技能的需要（哈佛法学院50周年同学会，1998）,content/munger-archive,source-corpus,munger,true,true,munger-speech-or-interview,1998,zh,selection-or-excerpt,,primary-transcript-translation-candidate,candidate-include-selection,芒格讲话、访谈或会议记录候选，需核验来源、说话者边界和完整度。,,2326,4178,53,2026-07-31T09:06:30.652Z,0,0,https://mungerarchive.com/zh/recordings/harvard-law-1998-multidisciplinary/,bfbc937de740cf0a72743bab33c2c7ac92e320f3d767b9a092386fe9dc8ac4f5,9b74fa53d068907d14b9ac637250d80571de3fc7cfee23505bbaecdee0c7ec16
content/munger-archive/recordings/invest-like-the-best-2023.md,查理·芒格与约翰·科里森（《最好的投资》，2023）,content/munger-archive,source-corpus,munger,false,true,munger-speech-or-interview,2023,zh,unknown,,primary-transcript-translation-candidate,candidate-primary-review,芒格讲话、访谈或会议记录候选，需核验来源、说话者边界和完整度。,,1666,3061,41,2026-07-31T03:48:38.553Z,0,0,https://mungerarchive.com/zh/recordings/invest-like-the-best-2023/,9f405f279af5753361d3cacc71f33501b6640c434d87eba9de86759ff861f551,5b8cdabfc258009fd782da2d6e9af09e574bc46fca22e05bf5ba43ddd022fe1d
content/munger-archive/recordings/michigan-2011.md,与查理·芒格的对话（密歇根大学，2011年）,content/munger-archive,source-corpus,munger,true,true,munger-speech-or-interview,2011,zh,unknown,,primary-transcript-translation-candidate,candidate-primary-review,芒格讲话、访谈或会议记录候选，需核验来源、说话者边界和完整度。,,1092,1905,29,2026-07-31T03:58:09.445Z,0,0,https://mungerarchive.com/zh/recordings/michigan-2011/,888002878b9bb833293368ffb1e8d7f424e64f7fbebac1dbe196bed4a1f2b640,d350a577ed53a526b4848df5026c8d533683f01dc067af426b45dc59efee6124
content/munger-archive/recordings/michigan-ross-2017.md,与查理·芒格的对话（密歇根罗斯商学院，2017年）,content/munger-archive,source-corpus,munger,false,true,munger-speech-or-interview,2017,zh,unknown,,primary-transcript-translation-candidate,candidate-primary-review,芒格讲话、访谈或会议记录候选，需核验来源、说话者边界和完整度。,,1190,2165,29,2026-07-31T03:58:09.445Z,0,0,https://mungerarchive.com/zh/recordings/michigan-ross-2017/,afea0782a3bb64b6a3d9d21f31700645c487c409be582b97eb41343be9a4ee10,db47d7165aefd381a5fbbc4d634fb3be59841cc3152975f471673ecd7b517c96
content/munger-archive/recordings/munger-li-lu-2018.md,查理·芒格与李录谈中国（2018年）,content/munger-archive,source-corpus,munger,true,true,munger-speech-or-interview,2018,zh,unknown,,primary-transcript-translation-candidate,candidate-primary-review,芒格讲话、访谈或会议记录候选，需核验来源、说话者边界和完整度。,,1182,2078,29,2026-07-31T03:58:09.445Z,0,0,https://mungerarchive.com/zh/recordings/munger-li-lu-2018/,125b10b18cd75484eacb7edecb0020342811419963190d9f0e106109039de8b1,7480a549fc844ac71819d2a8249d3dee982fd678e41ac946be50daee29c1aed2
content/munger-archive/recordings/power-of-partnership-2016.md,与沃伦·巴菲特合伙的力量(2016),content/munger-archive,source-corpus,munger,true,true,munger-speech-or-interview,2016,zh,unknown,,primary-transcript-translation-candidate,candidate-primary-review,芒格讲话、访谈或会议记录候选，需核验来源、说话者边界和完整度。,,1004,1877,29,2026-07-31T03:58:09.445Z,0,0,https://mungerarchive.com/zh/recordings/power-of-partnership-2016/,04877dbc67848e38029b8327fa75174b104a9758d2ce6b5cbe5975f4e653ff93,1e87af562784ce3b854febadfb27917372308c6f916f9b41ab54273e33345636
content/munger-archive/recordings/psychology-of-human-misjudgment-1995.md,人类误判心理学,content/munger-archive,source-corpus,munger,false,true,munger-speech-or-interview,1995,zh,unknown,,primary-transcript-translation-candidate,candidate-primary-review,芒格讲话、访谈或会议记录候选，需核验来源、说话者边界和完整度。,,1945,3108,45,2026-07-31T03:48:38.555Z,0,0,https://mungerarchive.com/zh/recordings/psychology-of-human-misjudgment-1995/,a0735b1337d0fb522ed80c8e6d9f007199f4601d25f53514890de95285f61436,8c6d7e0ce30ba5e37c679912cfcdefcdee4a6ed738383ca1d055a90c26fbf7f5
content/munger-archive/recordings/singleton-prize-2022.md,论领导力与资本配置，与托德·库姆斯对谈（2022）,content/munger-archive,source-corpus,munger,true,true,munger-speech-or-interview,2022,zh,unknown,,primary-transcript-translation-candidate,candidate-primary-review,芒格讲话、访谈或会议记录候选，需核验来源、说话者边界和完整度。,,1186,2211,29,2026-07-31T03:58:09.445Z,0,0,https://mungerarchive.com/zh/recordings/singleton-prize-2022/,9791a3986c287f229d55e599d00876dbc13593903c4004d80cf14d50a841ae85,edd8f718cab9ac1bd0afc94c19b6fee385ca85ae2af83412a943ba6ef2d475c5
content/munger-archive/recordings/stanford-1996-worldly-wisdom.md,普世智慧再探（斯坦福法学院，1996）,content/munger-archive,source-corpus,munger,false,true,munger-speech-or-interview,1996,zh,unknown,,primary-transcript-translation-candidate,candidate-primary-review,芒格讲话、访谈或会议记录候选，需核验来源、说话者边界和完整度。,,2696,4927,65,2026-07-31T09:06:30.606Z,0,0,https://mungerarchive.com/zh/recordings/stanford-1996-worldly-wisdom/,5d31d098f91effe1353cb63743f71f3062e368c9911432ab04ecf0d06dacb96f,2595c17dc5e2ae260d8e9a9dbd65890f18b0ee6be5e2852817815780d74d2899
content/munger-archive/recordings/stanford-grundfest-2009.md,"当前的经济危机——芒格与约瑟夫·格伦德费斯特对谈(斯坦福,2009)",content/munger-archive,source-corpus,munger,false,true,munger-speech-or-interview,2009,zh,unknown,,primary-transcript-translation-candidate,candidate-primary-review,芒格讲话、访谈或会议记录候选，需核验来源、说话者边界和完整度。,,960,1485,25,2026-07-31T03:58:09.446Z,0,0,https://mungerarchive.com/zh/recordings/stanford-grundfest-2009/,c4023b0db77060a348455a8d6c11e74b4bee034ec09a5a5771747f4e8072ca86,399e0da4f27abc1eabdd5437494df40f9882d67ae8ee266eb26ea75fe1b6c7f4
content/munger-archive/recordings/ucsb-2003-academic-economics.md,"学院派经济学:长处与缺陷(加州大学圣巴巴拉分校,2003)",content/munger-archive,source-corpus,munger,false,true,munger-speech-or-interview,2003,zh,unknown,,primary-transcript-translation-candidate,candidate-primary-review,芒格讲话、访谈或会议记录候选，需核验来源、说话者边界和完整度。,,2746,4905,69,2026-07-31T09:06:30.617Z,0,0,https://mungerarchive.com/zh/recordings/ucsb-2003-academic-economics/,494b80f6b661f6cba75dc9062ce38dbad69409ee35141e4337274b60b502ce97,882879359ea79607f7d8c8cd0f508e2477cc1e2744ce9dabfea263736d4132dc
content/munger-archive/recordings/usc-1994-worldly-wisdom.md,"关于基本的世俗智慧的一课(南加州大学,1994)",content/munger-archive,source-corpus,munger,true,true,munger-speech-or-interview,1994,zh,unknown,,primary-transcript-translation-candidate,candidate-primary-review,芒格讲话、访谈或会议记录候选，需核验来源、说话者边界和完整度。,,2387,4218,53,2026-07-31T09:06:30.606Z,0,0,https://mungerarchive.com/zh/recordings/usc-1994-worldly-wisdom/,5ea1661dd57923651a77e98c6480062fde945a67affbb75211388577b307000d,64a20094b03ea8499c4d26cbaf59db73b793d5589bb80eb268f7ed859a383769
content/munger-archive/recordings/usc-law-2007.md,南加州大学法学院毕业典礼演讲（2007）,content/munger-archive,source-corpus,munger,false,true,munger-speech-or-interview,2007,zh,unknown,,primary-transcript-translation-candidate,candidate-primary-review,芒格讲话、访谈或会议记录候选，需核验来源、说话者边界和完整度。,,1328,2402,29,2026-07-31T09:06:30.617Z,0,0,https://mungerarchive.com/zh/recordings/usc-law-2007/,9214c883c552a0fa0d0121900cf142652b528f0b206c87fe11f119701152b1cb,1546a8bf543dcf5a28bf2d9b94b636005d097513e3e151cfa68fc203de67f254
content/munger-archive/recordings/wsj-unplugged-2019.md,查理·芒格，畅所欲言（《华尔街日报》/ 杰森·茨威格，2019）,content/munger-archive,source-corpus,munger,false,true,munger-speech-or-interview,2019,zh,unknown,,primary-transcript-translation-candidate,candidate-primary-review,芒格讲话、访谈或会议记录候选，需核验来源、说话者边界和完整度。,,2430,4411,59,2026-07-31T03:48:38.558Z,0,0,https://mungerarchive.com/zh/recordings/wsj-unplugged-2019/,45ce5f9450f37fd8dc3113c642d7b10080498289ef2980320fbbae7e65e3de3e,76a95d8c1ae939fbe6ff63767e9b26ca53df7ba87bcf03833305bf145eaa9452
content/munger-archive/recordings/yahoo-2019-china.md,查理·芒格谈中国崛起与埃隆·马斯克（雅虎财经，2019）,content/munger-archive,source-corpus,munger,false,true,munger-speech-or-interview,2019,zh,unknown,,primary-transcript-translation-candidate,candidate-primary-review,芒格讲话、访谈或会议记录候选，需核验来源、说话者边界和完整度。,,1073,1998,29,2026-07-31T03:58:09.447Z,0,0,https://mungerarchive.com/zh/recordings/yahoo-2019-china/,a2c962480ac56a2dccfaceb242871f73d2d419d1eb7b1ceb26b74c326e6fc8f7,72bc1244bb9441df02b19fc6b1ba5d23af1c4fd125e7fe4a7c12b38cda1e2d8e
content/munger-archive/recordings/yahoo-2019-wealth.md,查理·芒格谈投资与成就财富的人生抉择（2019）,content/munger-archive,source-corpus,munger,false,true,munger-speech-or-interview,2019,zh,unknown,,primary-transcript-translation-candidate,candidate-primary-review,芒格讲话、访谈或会议记录候选，需核验来源、说话者边界和完整度。,,1063,1922,29,2026-07-31T03:58:09.447Z,0,0,https://mungerarchive.com/zh/recordings/yahoo-2019-wealth/,ee1f095f68501a37c6584a69883f83e39982d83c2c4928057a6499d0d3ce3b39,b56d628b2be4b67e6915362a8ab10a2622a8329ce05e3e11f9f2d3874be5cb52
content/munger-originals/wesco-letter-1997.md,Wesco Financial Corporation Letter to Shareholders 1997,content/munger-originals,source-corpus,munger,true,true,wesco-letter,1997,en,full-candidate,,primary-authored-original-language-candidate,candidate-source-version,本人署名信件的完整底本候选。,munger-wesco-letter-1997,28129,28569,409,2026-07-28T02:13:44.048Z,0,0,https://www.berkshirehathaway.com/wesco/cm1997.pdf,db895aa61305636b524843e4cbf4689d9cee7f40f3160879e4167f1c77195d83,e627f17d807d12dccea21cdba45fa6c9545a20604de9848b0c5a228fd743c828
content/munger-originals/wesco-letter-1998.md,Wesco Financial Corporation Letter to Shareholders 1998,content/munger-originals,source-corpus,munger,true,true,wesco-letter,1998,en,full-candidate,,primary-authored-original-language-candidate,candidate-source-version,本人署名信件的完整底本候选。,munger-wesco-letter-1998,26066,26494,383,2026-07-28T02:13:44.090Z,0,0,https://www.berkshirehathaway.com/wesco/cm1998.pdf,fd0ec7d37bc1c9c06f75d6febde89259718a52af4d2dad0f64101bf7250e487f,280c42c009b57f710b23bef33665f2687d2c80f74ca632c6ffb3b60edc1dd304
content/munger-originals/wesco-letter-1999.md,Wesco Financial Corporation Letter to Shareholders 1999,content/munger-originals,source-corpus,munger,true,true,wesco-letter,1999,en,full-candidate,,primary-authored-original-language-candidate,candidate-source-version,本人署名信件的完整底本候选。,munger-wesco-letter-1999,23358,23503,355,2026-07-28T02:13:44.126Z,0,0,https://www.berkshirehathaway.com/wesco/cm1999.pdf,1029146492eeab8917e678b7f75a8ea8488c18d206d8319a565e065aa7e72c21,443212c92f4aeace001f5fab857387bdbee250c82f2f8a532984f48386a4b5a4
content/munger-originals/wesco-letter-2000.md,Wesco Financial Corporation Letter to Shareholders 2000,content/munger-originals,source-corpus,munger,true,true,wesco-letter,2000,en,selection-or-excerpt,,primary-authored-original-language-candidate,candidate-source-version,本人署名信件的完整底本候选。,munger-wesco-letter-2000,18878,19107,295,2026-07-28T02:13:44.184Z,0,0,https://www.berkshirehathaway.com/wesco/cm2000.pdf,eaba2ba72f144ec89b93d6923d55ae135884fd8198c9e41ce689b5d23573c03c,24cc844a04ef0e478d2769247ed101d2422021f0228c789cda5d07220283c3ca
content/munger-originals/wesco-letter-2001.md,Wesco Financial Corporation Letter to Shareholders 2001,content/munger-originals,source-corpus,munger,true,true,wesco-letter,2001,en,selection-or-excerpt,,primary-authored-original-language-candidate,candidate-source-version,本人署名信件的完整底本候选。,munger-wesco-letter-2001,21327,21572,328,2026-07-28T02:13:44.257Z,0,0,https://www.berkshirehathaway.com/wesco/cm2001.pdf,ad2dc7ee8327cdefe1aefabe6f9a58e079cc90a77b3e77c2593ed668d06bc0fa,f2f9e1bb686f12bcda0116b839213162dd70fce88acde18f431dc33e0cc8a989
content/munger-originals/wesco-letter-2002.md,Wesco Financial Corporation Letter to Shareholders 2002,content/munger-originals,source-corpus,munger,true,true,wesco-letter,2002,en,selection-or-excerpt,,primary-authored-original-language-candidate,candidate-source-version,本人署名信件的完整底本候选。,munger-wesco-letter-2002,24566,24819,371,2026-07-28T02:13:44.341Z,0,0,https://www.berkshirehathaway.com/wesco/cm2002.pdf,37776a81bb4c044f3a191113bada97fa5fb6a5ff8dd713447a7f92151200bb2f,9445ecdcda1196abe3263a5dcda8be0327752fa084d2ffb11936c35acea85398
content/munger-originals/wesco-letter-2003.md,Wesco Financial Corporation Letter to Shareholders 2003,content/munger-originals,source-corpus,munger,true,true,wesco-letter,2003,en,selection-or-excerpt,,primary-authored-original-language-candidate,candidate-source-version,本人署名信件的完整底本候选。,munger-wesco-letter-2003,23283,24625,358,2026-07-28T02:13:44.390Z,0,0,https://www.berkshirehathaway.com/wesco/cm2003.pdf,84babc8863f88b54f29818e1b594a16fa5e87bf8f2d81bfb19210b445be1bc09,ff0495849f6fc7dc45e6914750915692d38f72f8cabbbf072c2d800d9cf2728b
content/munger-originals/wesco-letter-2004.md,Wesco Financial Corporation Letter to Shareholders 2004,content/munger-originals,source-corpus,munger,true,true,wesco-letter,2004,en,selection-or-excerpt,,primary-authored-original-language-candidate,candidate-source-version,本人署名信件的完整底本候选。,munger-wesco-letter-2004,26263,27611,389,2026-07-28T02:13:44.444Z,0,0,https://www.berkshirehathaway.com/wesco/cm2004.pdf,e347020847417c80d8823cb22ae480c478bb706860e5a63ff0516b000b294a07,fa20f59fdd7a7ae6152115aaee7da8d1769149755220dd579c269757222c4a8e
content/munger-originals/wesco-letter-2005.md,Wesco Financial Corporation Letter to Shareholders 2005,content/munger-originals,source-corpus,munger,true,true,wesco-letter,2005,en,selection-or-excerpt,,primary-authored-original-language-candidate,candidate-source-version,本人署名信件的完整底本候选。,munger-wesco-letter-2005,26589,27998,389,2026-07-28T02:13:44.492Z,0,0,https://www.berkshirehathaway.com/wesco/cm2005.pdf,2aa023893d1b1b0fcb723476a9dfce5fd1e774e4d9ff8d29608e1d3def43c14b,dc05c23c53c593a0ad24272927c9888c1b3fc48792bb7cae325f64387cdfdee9
content/munger-originals/wesco-letter-2006.md,Wesco Financial Corporation Letter to Shareholders 2006,content/munger-originals,source-corpus,munger,true,true,wesco-letter,2006,en,selection-or-excerpt,,primary-authored-original-language-candidate,candidate-source-version,本人署名信件的完整底本候选。,munger-wesco-letter-2006,25050,26365,380,2026-07-28T02:13:44.535Z,0,0,https://www.berkshirehathaway.com/wesco/cm2006.pdf,256c230bd72545ee01842cbf8374cd81136f64453c898e33ff8b970750866ecd,5d97b333a0028e004d05a6960c104f38c852b1ac852c49c7d63af2678f323553
content/munger-originals/wesco-letter-2007.md,Wesco Financial Corporation Letter to Shareholders 2007,content/munger-originals,source-corpus,munger,true,true,wesco-letter,2007,en,selection-or-excerpt,,primary-authored-original-language-candidate,candidate-source-version,本人署名信件的完整底本候选。,munger-wesco-letter-2007,23938,24157,325,2026-07-28T02:13:44.646Z,0,0,https://www.berkshirehathaway.com/wesco/cm2007.pdf,ad583791acab4707bc5120c49c904e1cfac8b64f08b84b8f3088e7239131ea9a,751e3b18a6c14f66a93c26ff22f7edf28ff944e87afdc9d0f0a35639e39fa9db
content/munger-originals/wesco-letter-2008.md,Wesco Financial Corporation Letter to Shareholders 2008,content/munger-originals,source-corpus,munger,true,true,wesco-letter,2008,en,selection-or-excerpt,,primary-authored-original-language-candidate,candidate-source-version,本人署名信件的完整底本候选。,munger-wesco-letter-2008,26710,26923,354,2026-07-28T02:13:44.778Z,0,0,https://www.berkshirehathaway.com/wesco/cm2008.pdf,9982b198dba4d819fd6f730c28701427fad798c71fb827d606c71d1863d0e7ce,007493f102d6aedf1f867eddabec0f5ec9f7855b0af2a93185754cd6647595b8
content/munger-originals/wesco-letter-2009.md,Wesco Financial Corporation Letter to Shareholders 2009,content/munger-originals,source-corpus,munger,true,true,wesco-letter,2009,en,selection-or-excerpt,,primary-authored-original-language-candidate,candidate-source-version,本人署名信件的完整底本候选。,munger-wesco-letter-2009,24835,25022,337,2026-07-28T02:13:44.907Z,0,0,https://www.berkshirehathaway.com/wesco/cm2009.pdf,691f02b7110d8e44d8e2080a6b4eb986cfb85eeaa4e12720750dd7693576cdb7,be32a588ca99b16d7c6ca5e424aaf0caa79d19880c984b4e050ce63ecf142cc2
content/partnership/partnership_1956-有限合伙协议.md,1956 年有限合伙协议,content/partnership,source-corpus,buffett,true,false,partnership-agreement,1956,zh,unknown,,partnership-legal-document-attribution-review,candidate-primary-review,这是合伙法律文件，不是巴菲特个人书信；需核验签署页、完整条款和是否适合作为附录。,buffett-partnership-agreement-1956,2140,4410,132,2026-07-24T04:45:46.806Z,0,0,,15deebcaff135f7f9b8521b4cbb13024bc17a64bbba831afc7e708f212834322,d30bccbfe1bb5b22e08d2b87cc33f09271aa89ec7150fd36f3230601293377b7
content/partnership/partnership_1957-巴菲特致合伙人信.md,1957 年致合伙人信,content/partnership,source-corpus,buffett,true,false,partnership-letter,1957,zh,full-candidate,,primary-authored-translation-candidate,candidate-include-full,本人署名信件的完整底本候选。,buffett-partnership-1957-general,2232,6042,46,2026-07-23T02:01:41.669Z,0,0,,27e786417e8142cd81ecf8a8120216b26619dacd517415a92bea02c7e17d7ac0,c9609813345b9ab837a3f888fe10992d4df6d3da135165e79cee9de45a219a64
content/partnership/partnership_1958-巴菲特致合伙人信.md,1958 年致合伙人信,content/partnership,source-corpus,buffett,true,false,partnership-letter,1958,zh,full-candidate,,primary-authored-translation-candidate,candidate-include-full,本人署名信件的完整底本候选。,buffett-partnership-1958-general,2464,6844,58,2026-07-23T02:01:41.670Z,0,0,,a6d1312b0c93b1e7c00915d0ddfa5f454c30b9313ef9e44434f4b15b447b1cf8,fd6b3c08f80e4937bafe6b392a984f78ffd932a8f92999fcab3a38f70a4374a8
content/partnership/partnership_1959-巴菲特致合伙人信.md,1959 年致合伙人信,content/partnership,source-corpus,buffett,true,false,partnership-letter,1959,zh,full-candidate,,primary-authored-translation-candidate,candidate-include-full,本人署名信件的完整底本候选。,buffett-partnership-1959-general,1718,4617,44,2026-07-23T02:01:41.671Z,0,0,,a14db9ab753cd6d8ffe0544e7ee922cd73a06185eba1aba840a2dc64535efa05,5ccea30763aeab1a1b3c3de3acb8f6351a68a35d9250db4fdc3e470605352cb6
content/partnership/partnership_1960-巴菲特致合伙人信.md,1960 年致合伙人信,content/partnership,source-corpus,buffett,true,false,partnership-letter,1960,zh,full-candidate,,primary-authored-translation-candidate,candidate-include-full,本人署名信件的完整底本候选。,buffett-partnership-1960-general,4639,12441,90,2026-07-23T02:01:41.673Z,0,0,,9303d7e8ba71c94d952bd758a72c741e9276d306956e5d65bbba22c9c5a5e3d7,c284fdba825c0962bd19ab0dfcfde15de6fb92d30965abe3e1a6a254bf97a80c
content/partnership/partnership_1961-annual-巴菲特致合伙人信.md,1961 年度致合伙人信,content/partnership,source-corpus,buffett,true,false,partnership-letter,1961,zh,full-candidate,,primary-authored-translation-candidate,candidate-include-full,本人署名信件的完整底本候选。,buffett-partnership-1961-annual,9157,21652,219,2026-07-23T02:01:41.674Z,0,0,,313f04f37f26055228fd7c5ce83df9ec8f628bad0238985a4e5f7d89294bf4af,d8932d1286d08a8cee878c3f7cadbec140a4b4e8bc04fa19481c948551f5d754
content/partnership/partnership_1961-interim-巴菲特致合伙人信.md,1961 年 年中致合伙人信,content/partnership,source-corpus,buffett,true,false,partnership-letter,1961,zh,full-candidate,,primary-authored-translation-candidate,candidate-include-full,本人署名信件的完整底本候选。,buffett-partnership-1961-interim,2471,6759,66,2026-07-23T02:01:41.675Z,0,0,,38e6f01ff4dad35541532693f2f5ae038927c97e2b6cde022e2e0c43b61f98ae,471fddbc267f0653dfb145f82e1d12c3a875e6fed133f63c2a8d6a08b45fc40b
content/partnership/partnership_1962-11月-巴菲特致合伙人信.md,1962 年 11月致合伙人信,content/partnership,source-corpus,buffett,true,false,partnership-letter,1962,zh,full-candidate,,primary-authored-translation-candidate,candidate-include-full,本人署名信件的完整底本候选。,buffett-partnership-1962-month-11,2040,5522,40,2026-07-23T02:01:41.675Z,0,0,,0b03db75a63552c0f4233fe8ac585bccc57c8bd3afeeb2828fe93870cf6599f6,cb5f4c3b0e41cf46afa30216d98666a99c62f61979d7c949ed5c3ebc61d45050
content/partnership/partnership_1962-12月-巴菲特致合伙人信.md,1962 年 12月致合伙人信,content/partnership,source-corpus,buffett,true,false,partnership-letter,1962,zh,full-candidate,,primary-authored-translation-candidate,candidate-include-full,本人署名信件的完整底本候选。,buffett-partnership-1962-month-12,923,2363,40,2026-07-23T02:01:41.676Z,0,0,,c427df45796111392304bcff1ce1c04115acf02fd54a7fc60cab7da36aa314fa,152e12dad5949f220ad5bc593506ed82a65ab2163dcf3db08a8cbf92dd114f13
content/partnership/partnership_1962-annual-巴菲特致合伙人信.md,1962 年度致合伙人信,content/partnership,source-corpus,buffett,true,false,partnership-letter,1962,zh,full-candidate,,primary-authored-translation-candidate,candidate-include-full,本人署名信件的完整底本候选。,buffett-partnership-1962-annual,11837,28425,274,2026-07-23T02:01:41.676Z,0,0,,471765ac166a08d629d4d0cbd6e1a5232e1d9c5de1b8af13378a889fbff4f8d5,edcbebb03f886508e15b1709f2703c68a35d090ea0500c8bb37a0c91e97a7810
content/partnership/partnership_1962-interim-巴菲特致合伙人信.md,1962 年 年中致合伙人信,content/partnership,source-corpus,buffett,true,false,partnership-letter,1962,zh,full-candidate,,primary-authored-translation-candidate,candidate-include-full,本人署名信件的完整底本候选。,buffett-partnership-1962-interim,4804,10308,117,2026-07-23T02:01:41.677Z,0,0,,9c929fcc4ef762e23c6e2a80a1e7d4131bc818d8dac76eb7a71b59e22ab8c38e,9ea07469cc99e4286c203137180aeadc20d1961634ce25649e8684cfa42f6019
content/partnership/partnership_1963-11月-巴菲特致合伙人信.md,1963 年 11月致合伙人信,content/partnership,source-corpus,buffett,true,false,partnership-letter,1963,zh,full-candidate,,primary-authored-translation-candidate,candidate-include-full,本人署名信件的完整底本候选。,buffett-partnership-1963-month-11,1505,3882,36,2026-07-23T02:01:41.677Z,0,0,,65ba6fa58ed332ae53fc5b64c3fc1fd606833424234b7fb0d15afbae60a13eef,1184aab3dee7c8dc308d3e22dc00255e9b13268bc76da5f6b0dbd909a37f273c
content/partnership/partnership_1963-12月-巴菲特致合伙人信.md,1963 年 12月致合伙人信,content/partnership,source-corpus,buffett,true,false,partnership-letter,1963,zh,full-candidate,,primary-authored-translation-candidate,candidate-include-full,本人署名信件的完整底本候选。,buffett-partnership-1963-month-12,843,2255,40,2026-07-23T02:01:41.677Z,0,0,,4509ba404dbf8672e26728aad9f2c1461cc1dbf82d775296c073ba22b2108209,b8f114810951a76a425f69002c9b5ffa794a57878ed4815352edcd18870d4844
content/partnership/partnership_1963-annual-巴菲特致合伙人信.md,1963 年度致合伙人信,content/partnership,source-corpus,buffett,true,false,partnership-letter,1963,zh,full-candidate,,primary-authored-translation-candidate,candidate-include-full,本人署名信件的完整底本候选。,buffett-partnership-1963-annual,12817,30918,312,2026-07-23T02:01:41.678Z,0,0,,884698f4da4fa41fc54503360b95bf9a9e2fa443bdd94772922c100b789c8f95,e208e7d9b6c81cfa8a7ec7ae486b131e6c81cc867e448e271fdb716368d799aa
content/partnership/partnership_1963-interim-巴菲特致合伙人信.md,1963 年 年中致合伙人信,content/partnership,source-corpus,buffett,true,false,partnership-letter,1963,zh,full-candidate,,primary-authored-translation-candidate,candidate-include-full,本人署名信件的完整底本候选。,buffett-partnership-1963-interim,6339,13929,148,2026-07-23T02:01:41.678Z,0,0,,88d5b2f459de68bcf55cacdc7f84a7a529708ef4c95acc47ee44d25e26f5bf08,37e6e987edab269b5580ee083485a54318980ef95560e29d5b3f885142d9208d
content/partnership/partnership_1964-annual-巴菲特致合伙人信.md,1964 年度致合伙人信,content/partnership,source-corpus,buffett,true,false,partnership-letter,1964,zh,full-candidate,,primary-authored-translation-candidate,candidate-include-full,本人署名信件的完整底本候选。,buffett-partnership-1964-annual,15677,37900,296,2026-07-23T02:01:41.679Z,0,0,,a12bb8113117c785b211beb5d0772f3ae2d0e690d9b8f4c2f3543624272e054d,82fa32f61efa67ec123655693003e290fd3e8ade09aae67ce04e30d9667f7831
content/partnership/partnership_1964-interim-巴菲特致合伙人信.md,1964 年 年中致合伙人信,content/partnership,source-corpus,buffett,true,false,partnership-letter,1964,zh,full-candidate,,primary-authored-translation-candidate,candidate-include-full,本人署名信件的完整底本候选。,buffett-partnership-1964-interim,4205,9349,88,2026-07-23T02:01:41.679Z,0,0,,3b74c04c99adda17d292483cbf9f5f80eac67662403ab26785ed2a32ed577787,5d646ca43040e22e13250ea0579d5e8fa35641f27118f6575f7ecb2f4ac29e59
content/partnership/partnership_1965-11月-巴菲特致合伙人信.md,1965 年 11月致合伙人信,content/partnership,source-corpus,buffett,true,false,partnership-letter,1965,zh,full-candidate,,primary-authored-translation-candidate,candidate-include-full,本人署名信件的完整底本候选。,buffett-partnership-1965-month-11,2091,5595,62,2026-07-23T02:01:41.680Z,0,0,,90113307ea2a571ef96cc91401adddbc91eab3dbffe38304149db4c8641b5169,c3cd9db9e97362990e03d728049956631f25bf85aca47d092396d79d47d60f5b
content/partnership/partnership_1965-annual-巴菲特致合伙人信.md,1965 年度致合伙人信,content/partnership,source-corpus,buffett,true,false,partnership-letter,1965,zh,full-candidate,,primary-authored-translation-candidate,candidate-include-full,本人署名信件的完整底本候选。,buffett-partnership-1965-annual,12579,30992,214,2026-07-23T02:01:41.681Z,0,0,,def0243f7740531ba2748a9f88ca9d8a6532ab6c34c920c6c4f8026205f2f378,cf205b018fbd8858e6e73a6d9f51be1ff51a9127804fe251a293dc82af21b987
content/partnership/partnership_1965-interim-巴菲特致合伙人信.md,1965 年 年中致合伙人信,content/partnership,source-corpus,buffett,true,false,partnership-letter,1965,zh,full-candidate,,primary-authored-translation-candidate,candidate-include-full,本人署名信件的完整底本候选。,buffett-partnership-1965-interim,4369,9728,90,2026-07-23T02:01:41.681Z,0,0,,d31c9ff337a6d404c6f3f53b4b28b946f350821efd0da91b558a8c3e930f11a2,48f95043ccb6b5b3938de1c2ce5dad88429043d0e4b2ceeed9f8394a4d8ccd59
content/partnership/partnership_1966-11月-巴菲特致合伙人信.md,1966 年 11月致合伙人信,content/partnership,source-corpus,buffett,true,false,partnership-letter,1966,zh,full-candidate,,primary-authored-translation-candidate,candidate-include-full,本人署名信件的完整底本候选。,buffett-partnership-1966-month-11,2197,6187,32,2026-07-23T02:01:41.681Z,0,0,,0b78895b1bb1690e31609b8577a3061cfbc67c3cdc9471be4273c9c29ffb34c0,5af2d78ef0fafd138d5daa92ea63c61d8577b2487e68ea00c2cd5c403419a19b
content/partnership/partnership_1966-annual-巴菲特致合伙人信.md,1966 年度致合伙人信,content/partnership,source-corpus,buffett,true,false,partnership-letter,1966,zh,full-candidate,,primary-authored-translation-candidate,candidate-include-full,本人署名信件的完整底本候选。,buffett-partnership-1966-annual,9000,21092,189,2026-07-23T02:01:41.682Z,0,0,,84551bf6e316a23e906dbdcd214c779d63750f7c10c9a7ff5c9c351a292c5abc,e94606f68b7a9d3d7ce34891f0081d30396b2e3c9eb22c063bc9f1a7e74bff58
content/partnership/partnership_1966-interim-巴菲特致合伙人信.md,1966 年 年中致合伙人信,content/partnership,source-corpus,buffett,true,false,partnership-letter,1966,zh,full-candidate,,primary-authored-translation-candidate,candidate-include-full,本人署名信件的完整底本候选。,buffett-partnership-1966-interim,5679,13077,108,2026-07-23T02:01:41.682Z,0,0,,214446a0a33bc609de1a854e1332a14b8ea9db58331f2438d5ccc7fd2953e94b,42d94d2b83d22f9b485c3cd10badf81d5190f2cfe1c2f62b9d96bbef15df407f
content/partnership/partnership_1967-10月-巴菲特致合伙人信.md,1967 年 10月致合伙人信,content/partnership,source-corpus,buffett,true,false,partnership-letter,1967,zh,full-candidate,,primary-authored-translation-candidate,candidate-include-full,本人署名信件的完整底本候选。,buffett-partnership-1967-month-10,4125,11875,56,2026-07-23T02:01:41.683Z,0,0,,631b05fb84a065643971ac19dd7462857d9021c29d269dceede350d8e5f5eac6,8f9f0c0038dfca48d9383d9e537e7980dfb87ff9d9ffc8bb151843530a75e551
content/partnership/partnership_1967-11月-巴菲特致合伙人信.md,1967 年 11月致合伙人信,content/partnership,source-corpus,buffett,true,false,partnership-letter,1967,zh,full-candidate,,primary-authored-translation-candidate,candidate-include-full,本人署名信件的完整底本候选。,buffett-partnership-1967-month-11,1259,3445,22,2026-07-23T02:01:41.683Z,0,0,,46670f251e782c98c18104ea800070e4aa40378b574c15fb89fbd6386c63eef3,652766dceef0173a52cb310d4ce39fa2b75b3d1e93251a008ec54c558f33cd98
content/partnership/partnership_1967-annual-巴菲特致合伙人信.md,1967 年度致合伙人信,content/partnership,source-corpus,buffett,true,false,partnership-letter,1967,zh,full-candidate,,primary-authored-translation-candidate,candidate-include-full,本人署名信件的完整底本候选。,buffett-partnership-1967-annual,5768,12110,117,2026-07-23T02:01:41.683Z,0,0,,25bfcc0fe272ed195fc0b2202e43baed89d25158cffa86a64921bea6bcd99cb3,d8d3522f0f093115d35094749a318663f8c90e53861267239c02fbdcf4cfe141
content/partnership/partnership_1967-interim-巴菲特致合伙人信.md,1967 年 年中致合伙人信,content/partnership,source-corpus,buffett,true,false,partnership-letter,1967,zh,full-candidate,,primary-authored-translation-candidate,candidate-include-full,本人署名信件的完整底本候选。,buffett-partnership-1967-interim,3502,6773,80,2026-07-23T02:01:41.683Z,0,0,,627eb6b1f1ff686dec417cbe90bd6405294644663ade4d14b32cbddfd58e393e,bcc450231be0ab3fae9335bf88b76f651af9dc7fab91ea63437af1655a15ded4
content/partnership/partnership_1968-11月-巴菲特致合伙人信.md,1968 年 11月致合伙人信,content/partnership,source-corpus,buffett,true,false,partnership-letter,1968,zh,full-candidate,,primary-authored-translation-candidate,candidate-include-full,本人署名信件的完整底本候选。,buffett-partnership-1968-month-11,1297,3561,24,2026-07-23T02:01:41.683Z,0,0,,04053107c07431e7abc92af4ca51424a96929959fb144f3603ef5b42b1c15409,52bbd5a803bede9fcaf24e0d46448ed96681db24e080d27127db4164867f5e8c
content/partnership/partnership_1968-annual-巴菲特致合伙人信.md,1968 年度致合伙人信,content/partnership,source-corpus,buffett,true,false,partnership-letter,1968,zh,full-candidate,,primary-authored-translation-candidate,candidate-include-full,本人署名信件的完整底本候选。,buffett-partnership-1968-annual,7595,16292,177,2026-07-23T02:01:41.684Z,0,0,,c06e5ed6decc5ec2bf88cc58c93c2c60d5b6a7b5d4289ada720b197857da0f2b,c9ec73b6bbd630d843d121d00dd712a6e73ed45e4e289ea7772f41a784b2ff40
content/partnership/partnership_1968-interim-巴菲特致合伙人信.md,1968 年 年中致合伙人信,content/partnership,source-corpus,buffett,true,false,partnership-letter,1968,zh,full-candidate,,primary-authored-translation-candidate,candidate-include-full,本人署名信件的完整底本候选。,buffett-partnership-1968-interim,4081,8379,82,2026-08-10T00:40:30.300Z,0,0,,9083aec05e034e332111bbba49aa378442c24e6389745e81221930eb04fa5f48,949cb22c58594dd8f3ed11a8b895febea378de08b084cc420d72fcd99d2327bd
content/partnership/partnership_1969-10月-巴菲特致合伙人信.md,1969 年 10月致合伙人信,content/partnership,source-corpus,buffett,true,false,partnership-letter,1969,zh,full-candidate,,primary-authored-translation-candidate,candidate-include-full,本人署名信件的完整底本候选。,buffett-partnership-1969-month-10,5732,15639,68,2026-07-23T02:01:41.685Z,0,0,,9b9bdd47ae7a81b692da9513b5a9542d3ed067a0759510cb0a7391391f92085d,2f7f465ca5be0b53a34dab31074f9337f7dd70889a44a3754fdd64375133b38c
content/partnership/partnership_1969-12月-巴菲特致合伙人信.md,1969 年 12月致合伙人信,content/partnership,source-corpus,buffett,true,true,partnership-letter,1969,zh,full-candidate,,primary-authored-translation-candidate,candidate-include-full,本人署名信件的完整底本候选。,buffett-partnership-1969-month-12,4415,11686,60,2026-07-23T02:01:41.685Z,0,0,,762643e0a790eee5e75b92653f8b8fe21358ccaadf82bfb68cc357eea129cd04,405e1bdab6765b4f68dec32d7b1ee1bc465e105eb96416f27982adaa6a248183
content/partnership/partnership_1969-12月26日-巴菲特致合伙人信.md,1969 年 12月26日致合伙人信,content/partnership,source-corpus,buffett,true,false,partnership-letter,1969,zh,full-candidate,,primary-authored-translation-candidate,candidate-include-full,本人署名信件的完整底本候选。,buffett-partnership-1969-month-12,3946,11086,80,2026-07-23T02:01:41.685Z,0,0,,7885e58d3934498968f1a58ef13464b9b091545304a1199bc3b13ded61d167c2,25169642c3f7bc4b9eb4be91bfe27d3e3f7495702d89220e0b35fa4e2773ba3e
content/partnership/partnership_1969-5月-巴菲特致合伙人信.md,1969 年 5月致合伙人信,content/partnership,source-corpus,buffett,true,false,partnership-letter,1969,zh,full-candidate,,primary-authored-translation-candidate,candidate-include-full,本人署名信件的完整底本候选。,buffett-partnership-1969-month-5,2878,8180,42,2026-07-23T02:01:41.686Z,0,0,,c99c2ce76a8a5f5f6a26802e84ff3c4e9849cd9ff90129f1f62886ee41513c38,ef90610cbb9a5d2e77633d5e86b7730208d4e896fecf202d1786ba5febb4c73e
content/partnership/partnership_1969-annual-巴菲特致合伙人信.md,1969 年度致合伙人信,content/partnership,source-corpus,buffett,true,false,partnership-letter,1969,zh,full-candidate,,primary-authored-translation-candidate,candidate-include-full,本人署名信件的完整底本候选。,buffett-partnership-1969-annual,6784,18507,113,2026-07-23T02:01:41.687Z,0,0,,a9a8465a1e3e36b276b20b2f0b1450d0d0d715f0212d84641d65bfb3578b72b8,15324366a9ff8e2204dce500917595e8b53c48a7762e793a71ffd65b9474d612
content/partnership/partnership_1969-liquidation-巴菲特致合伙人信.md,1969 年 清算致合伙人信,content/partnership,source-corpus,buffett,true,false,partnership-letter,1969,zh,full-candidate,,primary-authored-translation-candidate,candidate-include-full,本人署名信件的完整底本候选。,buffett-partnership-1969-liquidation,3723,10383,98,2026-07-23T02:01:41.688Z,0,0,,92c849f0ebf6dbcda77e9ab99089844ba582d9684577dab8d9e357f27f8c28e8,bf996478100deafe7cb1ae760e4e6c7d4f4759690a4be4ba3e56fc39b0ebd7ec
content/partnership/partnership_1970-bond-巴菲特致合伙人信.md,1970 年 免税债券致合伙人信,content/partnership,source-corpus,buffett,true,false,partnership-letter,1970,zh,full-candidate,,primary-authored-translation-candidate,candidate-include-full,本人署名信件的完整底本候选。,buffett-partnership-1970-bond,9473,27177,114,2026-07-23T02:01:41.688Z,0,0,,6563e9eaba7a79ca4f1966175d6b0c3b680c8f80308376fd044bb6d772344612,0730722e01098c093fcf1cecf41383b75f85650a53990b8778198eae940a8793
content/poor-charlies-almanack/11-psychology.md,人类误判心理学,content/poor-charlies-almanack,source-corpus,munger,false,true,book-derived-section,2005,zh,unknown,,primary-transcript-translation-candidate,candidate-primary-review,内容主体可能是芒格演讲，但需与独立演讲底本和英文源比对。,,2407,4733,62,2026-07-28T13:35:27.117Z,0,0,,5efbf25485b09f1e086b8900f70b74d4db9380e2ec370864661a74a07facd615,1a1fcaa83478e2e0a7d65ff3d8244d45a15cf4865e2473f53576c76d6e15e335
content/qa/2020.05 伯克希尔股东大会文字记录.md,第一部分,content/qa,source-corpus,buffett,true,true,berkshire-annual-meeting-qa,2020,zh,unknown,source-verification-pending,primary-qa-translation-candidate,candidate-include-selection,问答选录或完整度未知，必须按完整问答单元处理。,berkshire-meeting-2020,42143,111902,1038,2026-08-07T14:43:21.303Z,196,0,https://www.yuque.com/cooo/hg40yk/qmktnm,80699cebb7c59fa27e06e2aabbf3e433b8b728da0150256ecb2902237f25f63d,fd211ed896038df75d3ab6fe8ae514110073550b089a3c0f84a59e4b4889b29d
content/qa/巴菲特：慈善中国行_2010.md,巴菲特：慈善中国行 2010,content/qa,source-corpus,buffett,true,true,qa-record,2010,zh,unknown,,primary-qa-translation-candidate,candidate-include-selection,问答选录或完整度未知，必须按完整问答单元处理。,,4894,14152,110,2026-07-28T02:03:48.849Z,10,6,,0bd0abbf8641772feb983ca1b10d05725d8be6f55cd752442d1d38d14ab6c180,82b56d1d0987b9cdfb221a4106c862b9b84e10ec57eefb7ff5f065bbab42601e
content/qa/伯克希尔股东大会发布会_2009.md,伯克希尔股东大会发布会 2009,content/qa,source-corpus,both,true,true,berkshire-annual-meeting-qa,2009,zh,unknown,,primary-qa-translation-candidate,candidate-include-selection,问答选录或完整度未知，必须按完整问答单元处理。,berkshire-meeting-2009,7915,21401,194,2026-07-28T02:03:48.661Z,27,14,,ba7f389867f35150a26067ddaa5a95037ec3339ff556e39bf88b3bbcb049108f,ad7807a6e0481b9802717d7a00b9ad63213cd8c2799f727459b9a87d51ce2696
content/qa/伯克希尔股东大会实录_1994.md,1994 年伯克希尔股东大会实录,content/qa,source-corpus,both,true,true,berkshire-annual-meeting-qa,1994,zh,incomplete-or-omitted-sections,explicit-omission-or-missing-text,primary-qa-translation-candidate,candidate-include-selection,问答选录或完整度未知，必须按完整问答单元处理。,berkshire-meeting-1994,49105,138062,2036,2026-08-09T11:06:54.303Z,142,72,,2d1e9011c03cc5c6f205d00e61510e82acc443017d66e59876295dcd65a8ec2e,5e7666821c73f85e40763bbe5fb34006cc476b49f59f0f45bf5e27c3bf45cc84
content/qa/伯克希尔股东大会实录_1995.md,1995 年伯克希尔股东大会实录,content/qa,source-corpus,both,true,true,berkshire-annual-meeting-qa,1995,zh,incomplete-or-omitted-sections,explicit-omission-or-missing-text,primary-qa-translation-candidate,candidate-include-selection,问答选录或完整度未知，必须按完整问答单元处理。,berkshire-meeting-1995,70314,198670,2852,2026-08-09T12:49:35.410Z,161,87,,237fe0c0a2722533b4eb3ea803e7c7d725bf9cbc3058c8292654b88196ee8878,5be7e0fdf587bd1dc07ab40bcfe6811bae86a2a0dd4524bde5db34d4258bebd7
content/qa/伯克希尔股东大会实录_1996.md,1996 年伯克希尔股东大会实录,content/qa,source-corpus,both,true,true,berkshire-annual-meeting-qa,1996,zh,incomplete-or-omitted-sections,explicit-omission-or-missing-text,primary-qa-translation-candidate,candidate-include-selection,问答选录或完整度未知，必须按完整问答单元处理。,berkshire-meeting-1996,79749,224208,2892,2026-08-09T12:33:18.132Z,160,68,,662314d861e35d2c761fa43add68ea18cb7579817e0062f0fd16fa0a4e366152,dd881d537c83e7da410ab74f1ba6c7d5b590cd99432bae2f148432fc5f009a7b
content/qa/伯克希尔股东大会实录_1997.md,1997 年伯克希尔股东大会实录,content/qa,source-corpus,both,true,true,berkshire-annual-meeting-qa,1997,zh,incomplete-or-omitted-sections,explicit-omission-or-missing-text,primary-qa-translation-candidate,candidate-include-selection,问答选录或完整度未知，必须按完整问答单元处理。,berkshire-meeting-1997,83386,236889,2950,2026-08-09T12:49:35.413Z,177,105,,003315a86602efabc32c693ea245c39e4ced88859f750c30509a036e2190e985,0d2bf93fb9afc694a5b35753c5115794e4b8bfbeeb9b5a886a38377208158540
content/qa/伯克希尔股东大会实录_1998.md,1998 年伯克希尔股东大会实录,content/qa,source-corpus,both,true,true,berkshire-annual-meeting-qa,1998,zh,incomplete-or-omitted-sections,explicit-omission-or-missing-text,primary-qa-translation-candidate,candidate-include-selection,问答选录或完整度未知，必须按完整问答单元处理。,berkshire-meeting-1998,86760,245102,3312,2026-07-28T02:03:48.680Z,229,137,,4d73aa9736c15b7dc28653a983dc05aa0295543e14b85a3816b01a6393e924a2,31143fd3dff130680a64d96ed149f30196ee8f23d84429411e99e8996a7d01ca
content/qa/伯克希尔股东大会实录_1999.md,1999 年伯克希尔股东大会实录,content/qa,source-corpus,both,true,true,berkshire-annual-meeting-qa,1999,zh,incomplete-or-omitted-sections,explicit-omission-or-missing-text,primary-qa-translation-candidate,candidate-include-selection,问答选录或完整度未知，必须按完整问答单元处理。,berkshire-meeting-1999,82772,233095,3138,2026-07-28T02:03:48.684Z,146,95,,d91c819cb776858a78d8430048a12af7592ab8caa3714d32a146f7c59677d42e,75d30b76edfb918e67c79fed5a44dd8ad0c89a1ef7ed20948146f1df8c7d4a58
content/qa/伯克希尔股东大会实录_2000.md,伯克希尔股东大会实录 2000,content/qa,source-corpus,both,true,true,berkshire-annual-meeting-qa,2000,zh,full-candidate,,primary-qa-translation-candidate,candidate-include-full,股东大会或公开问答完整记录候选。,berkshire-meeting-2000,76596,217044,1216,2026-07-28T02:03:48.689Z,125,73,,8d2a5160cc9d10cd330d42d313881238ea52caa478fda4504f2d7c331249a04d,273c31f223d19a516fb3b95a820c4ecd33c2b8a0092220c53db0e32b6a35ba21
content/qa/伯克希尔股东大会实录_2001.md,伯克希尔股东大会实录 2001,content/qa,source-corpus,both,true,true,berkshire-annual-meeting-qa,2001,zh,full-candidate,,primary-qa-translation-candidate,candidate-include-full,股东大会或公开问答完整记录候选。,berkshire-meeting-2001,83749,236397,1404,2026-07-28T02:03:48.695Z,151,97,,2755cf528a6906a143b27ed0d0f365b1545eec9b3afbb8352122dbf923485ca3,eb401ede5c833134b0ba665f4372eb402e06665ca650f315bbd1ddd7ed6f0ff8
content/qa/伯克希尔股东大会实录_2002.md,伯克希尔股东大会实录 2002,content/qa,source-corpus,both,true,true,berkshire-annual-meeting-qa,2002,zh,full-candidate,,primary-qa-translation-candidate,candidate-include-full,股东大会或公开问答完整记录候选。,berkshire-meeting-2002,96508,270430,1344,2026-07-28T02:03:48.704Z,133,86,,a3e4ff891ba69a19f25f354354c8e79dcb4b678e44f501a2aff4b51e365122a0,de285f99103589f7093bc0442ee79252229f1f9a09b01a64e21e3e60ca79c4ef
content/qa/伯克希尔股东大会实录_2003.md,2003 年伯克希尔股东大会实录,content/qa,source-corpus,both,true,true,berkshire-annual-meeting-qa,2003,zh,incomplete-or-omitted-sections,explicit-omission-or-missing-text,primary-qa-translation-candidate,candidate-include-selection,问答选录或完整度未知，必须按完整问答单元处理。,berkshire-meeting-2003,96874,262508,3320,2026-08-09T12:49:35.429Z,0,0,https://xueqiu.com/S/WMT?from=status_stock_match,3f4baaf3dfdd685d87f73a4c4c0346176f6694d53be6f382122787b45470b814,84c82b2c0fb639efa9762cf2976969743238fe144becf3710bfbfdf127a46afc
content/qa/伯克希尔股东大会实录_2004.md,2004 年伯克希尔股东大会实录,content/qa,source-corpus,both,true,true,berkshire-annual-meeting-qa,2004,zh,incomplete-or-omitted-sections,explicit-omission-or-missing-text,primary-qa-translation-candidate,candidate-include-selection,问答选录或完整度未知，必须按完整问答单元处理。,berkshire-meeting-2004,87451,236380,2998,2026-07-28T02:03:48.715Z,0,0,https://xueqiu.com/S/WMT?from=status_stock_match,fd77c5f71e75679dc0520090b43e7d9bd1499907db8c0a6923d1ccfc169a2f42,320a610403d9a36ee5e0d408efd9f6fb6e4a1c8f25cbf3102619498ee3c38f68
content/qa/伯克希尔股东大会实录_2005.md,2005 年伯克希尔股东大会实录,content/qa,source-corpus,both,true,true,berkshire-annual-meeting-qa,2005,zh,incomplete-or-omitted-sections,explicit-omission-or-missing-text,primary-qa-translation-candidate,candidate-include-selection,问答选录或完整度未知，必须按完整问答单元处理。,berkshire-meeting-2005,86113,228992,3006,2026-07-28T02:03:48.720Z,0,0,https://xueqiu.com/S/ATRN?from=status_stock_match,6290a3d2320613b53668dd2db8220cc54fcff5f9d4d96869b2511ef37c2f9ce0,1fd0bb33422842e508802fd461d814ff92cc48f58482686abbec2f6ea381d3e6
content/qa/伯克希尔股东大会实录_2006.md,2006 年伯克希尔股东大会实录,content/qa,source-corpus,both,true,true,berkshire-annual-meeting-qa,2006,zh,incomplete-or-omitted-sections,explicit-omission-or-missing-text,primary-qa-translation-candidate,candidate-include-selection,问答选录或完整度未知，必须按完整问答单元处理。,berkshire-meeting-2006,78527,211957,2896,2026-07-28T02:03:48.723Z,0,0,https://xueqiu.com/S/KO?from=status_stock_match,463bbe909f5c9df37cc2ca027aa25ee200641f88e2e0ffc797d1b707612088cb,39015dc319d1015c054f35194ebdc7af04d39dec7c960ca97d72158063b58072
content/qa/伯克希尔股东大会实录_2007.md,2007 年伯克希尔股东大会实录,content/qa,source-corpus,both,true,true,berkshire-annual-meeting-qa,2007,zh,incomplete-or-omitted-sections,explicit-omission-or-missing-text,primary-qa-translation-candidate,candidate-include-selection,问答选录或完整度未知，必须按完整问答单元处理。,berkshire-meeting-2007,95398,253918,3572,2026-07-28T02:03:48.729Z,0,0,https://xueqiu.com/S/NYT?from=status_stock_match,310cee8d6b8d3cba650258cc2d29cd4a5f23a8948ea7c2fa40270fa4f668785e,f08715663e637cfabafc3b635fdf156b3036bc68d79070bf5906971b556f7115
content/qa/伯克希尔股东大会实录_2008.md,2008 年伯克希尔股东大会实录,content/qa,source-corpus,both,true,true,berkshire-annual-meeting-qa,2008,zh,incomplete-or-omitted-sections,explicit-omission-or-missing-text,primary-qa-translation-candidate,candidate-include-selection,问答选录或完整度未知，必须按完整问答单元处理。,berkshire-meeting-2008,81226,221910,3012,2026-07-28T02:03:48.736Z,0,0,https://xueqiu.com/S/KO?from=status_stock_match,af1452dd7a8c41552ec7b1d5aeca6206f30885f2ead76ddd1301786d6500865d,c6f8f50f01d7b4ce440aae69b8fbdbc4fefc0e5fee5b1f9cfae0355c6f316b66
content/qa/伯克希尔股东大会实录_2009.md,2009 年伯克希尔股东大会实录,content/qa,source-corpus,both,true,true,berkshire-annual-meeting-qa,2009,zh,incomplete-or-omitted-sections,explicit-omission-or-missing-text,primary-qa-translation-candidate,candidate-include-selection,问答选录或完整度未知，必须按完整问答单元处理。,berkshire-meeting-2009,92130,244265,3260,2026-07-28T02:03:48.744Z,0,0,https://xueqiu.com/S/NYT?from=status_stock_match,d5cab5fcdb20eb3702f2d63b43d4eb30d612367b57ab95531a071002e51916da,71216144961588964a2b4f07daccd0047b220fd20de3c2dd82f31b2e08ec006d
content/qa/伯克希尔股东大会实录_2010.md,2010 年伯克希尔股东大会实录,content/qa,source-corpus,both,true,true,berkshire-annual-meeting-qa,2010,zh,incomplete-or-omitted-sections,explicit-omission-or-missing-text,primary-qa-translation-candidate,candidate-include-selection,问答选录或完整度未知，必须按完整问答单元处理。,berkshire-meeting-2010,91039,241528,3406,2026-07-28T02:03:48.749Z,0,0,https://xueqiu.com/S/NYT?from=status_stock_match,66c4f0d979494d95a097def16b4cc3d9b41afb11642e93ab4b67918ca7dc8fc0,bd86aa346f7339c710afff9d9703b3e550573d93a03ed84eddb236bd482ec2d8
content/qa/伯克希尔股东大会实录_2011.md,2011 年伯克希尔股东大会实录,content/qa,source-corpus,both,true,true,berkshire-annual-meeting-qa,2011,zh,incomplete-or-omitted-sections,explicit-omission-or-missing-text,primary-qa-translation-candidate,candidate-include-selection,问答选录或完整度未知，必须按完整问答单元处理。,berkshire-meeting-2011,86001,229033,3004,2026-07-28T02:03:48.754Z,0,0,https://xueqiu.com/S/CRI?from=status_stock_match,d3deeedea8515b56400349ee53ccd31911fde5fbb0af12f1c4a7a75d44e20e26,49fe334d54409c595d058e530eb5443343ce8ac70f35b8b0cb27379bc1903ef2
content/qa/伯克希尔股东大会实录_2012.md,2012 年伯克希尔股东大会实录,content/qa,source-corpus,buffett,true,true,berkshire-annual-meeting-qa,2012,zh,incomplete-or-omitted-sections,explicit-omission-or-missing-text,primary-qa-translation-candidate,candidate-include-selection,问答选录或完整度未知，必须按完整问答单元处理。,berkshire-meeting-2012,94067,249026,3572,2026-07-28T02:03:48.758Z,1,0,https://xueqiu.com/S/GS?from=status_stock_match,7fae2f5103144ae95de6c5916163c6faa16ad01cd3873d622f614976f075698c,2dbe320956e58654d1123910961365c7b3c86b0852d3d09af7764406f44bb460
content/qa/伯克希尔股东大会实录_2013.md,2013 年伯克希尔股东大会实录,content/qa,source-corpus,both,true,true,berkshire-annual-meeting-qa,2013,zh,incomplete-or-omitted-sections,explicit-omission-or-missing-text,primary-qa-translation-candidate,candidate-include-selection,问答选录或完整度未知，必须按完整问答单元处理。,berkshire-meeting-2013,87219,235581,3608,2026-07-28T02:03:48.762Z,0,0,https://xueqiu.com/S/CP?from=status_stock_match,feadcd244374abb89c6bed35d20568c0bd243a87c2091b8ac048ce93435babee,dbcc66a21d9f51ed99f37cb6875dbb74ee419539b264c77714876957e4a0e69e
content/qa/伯克希尔股东大会实录_2014.md,2014 年伯克希尔股东大会实录,content/qa,source-corpus,both,true,true,berkshire-annual-meeting-qa,2014,zh,selection-or-excerpt,explicit-omission-or-missing-text,primary-qa-translation-candidate,candidate-include-selection,问答选录或完整度未知，必须按完整问答单元处理。,berkshire-meeting-2014,98185,263137,3640,2026-07-28T02:03:48.768Z,0,0,https://xueqiu.com/S/PEP?from=status_stock_match,18d5dd07f6925c3a63aec3bc01f7a849eb0e3a26abe11c87e63ef919cd2c7131,c39dff3322b1a1174fbee71df27b8c6906d479d3cfc18c99a13175297a8520b3
content/qa/伯克希尔股东大会实录_2015.md,2015 年伯克希尔股东大会实录,content/qa,source-corpus,both,true,true,berkshire-annual-meeting-qa,2015,zh,incomplete-or-omitted-sections,explicit-omission-or-missing-text,primary-qa-translation-candidate,candidate-include-selection,问答选录或完整度未知，必须按完整问答单元处理。,berkshire-meeting-2015,92597,247344,3478,2026-07-28T02:03:48.773Z,0,0,https://xueqiu.com/S/M?from=status_stock_match,d7aea69bce44b92276bf780140b07cccb0a6c0112d7431d5006c501e23e588a2,abd7786792de51da354bfff61673e610278628ce3437933a34bd262737486c1b
content/qa/伯克希尔股东大会实录_2016.md,伯克希尔股东大会实录 2016,content/qa,source-corpus,both,true,true,berkshire-annual-meeting-qa,2016,zh,full-candidate,,primary-qa-translation-candidate,candidate-include-full,股东大会或公开问答完整记录候选。,berkshire-meeting-2016,90296,247628,1446,2026-07-26T14:38:15.143Z,155,96,,89a6b998997fa87b10ec42225ba2f17d8c2c1d1843266b289b0aeb8ca18d9ec4,dde6d523de98b777bfd840a98e08cbf6a0c69ccbb3f7b9d0a55841857860cd06
content/qa/伯克希尔股东大会实录_2017.md,伯克希尔股东大会实录 2017,content/qa,source-corpus,both,true,true,berkshire-annual-meeting-qa,2017,zh,full-candidate,,primary-qa-translation-candidate,candidate-include-full,股东大会或公开问答完整记录候选。,berkshire-meeting-2017,94942,262016,1458,2026-07-28T02:03:48.787Z,199,120,,84626d523b4bba8af591c7d8a5ac281a8c8e8ad39e2c3b9fd48fa8e8440bba3a,565c22e8d8faa54c7e77f5538866bbaf8b26f27c0ed9f543a93be0fa80c27850
content/qa/伯克希尔股东大会实录_2018.md,伯克希尔股东大会实录 2018,content/qa,source-corpus,both,true,true,berkshire-annual-meeting-qa,2018,zh,full-candidate,,primary-qa-translation-candidate,candidate-include-full,股东大会或公开问答完整记录候选。,berkshire-meeting-2018,84860,232683,1296,2026-07-28T02:03:48.796Z,151,95,,fa2031d090011192251a9daafe682c16eeba5579783526b1117e8eaf68671c0a,dd488a54fba4f2229a757794220cd4e07c75a5c9c906c151ac491d5265953de4
content/qa/伯克希尔股东大会实录_2019.md,伯克希尔股东大会实录 2019,content/qa,source-corpus,both,true,true,berkshire-annual-meeting-qa,2019,zh,full-candidate,,primary-qa-translation-candidate,candidate-include-full,股东大会或公开问答完整记录候选。,berkshire-meeting-2019,89635,246336,1368,2026-07-26T14:38:15.149Z,150,99,,84e2c3dd6b7a03b8fb7479f0914601b538385625361a26f5b24bd88ae1216d60,d3c1190ae3cc8aef456e7da6d9f693bf91b04fb0fb50959a3cde77f17ac18463
content/qa/伯克希尔股东大会实录_2020.md,伯克希尔股东大会实录 2020,content/qa,source-corpus,buffett,true,true,berkshire-annual-meeting-qa,2020,zh,full-candidate,,primary-qa-translation-candidate,candidate-include-full,股东大会或公开问答完整记录候选。,berkshire-meeting-2020,42132,115150,560,2026-07-26T14:38:15.151Z,41,0,,99793f7951d6568a7bdc35ef4ba8686b11c7ece9f6d55c2fa8f8a17f15ca3d56,5537e17f879d958eff1dd220f39de404fe2f9166c9c8787b2725c3ea2b36cf60
content/qa/伯克希尔股东大会实录_2021.md,伯克希尔股东大会实录 2021,content/qa,source-corpus,both,true,true,berkshire-annual-meeting-qa,2021,zh,full-candidate,,primary-qa-translation-candidate,candidate-include-full,股东大会或公开问答完整记录候选。,berkshire-meeting-2021,60937,167848,980,2026-07-26T14:38:15.154Z,95,51,,5afc89a09f1b5ed7beef0ce4c0f525d8f68a68e65abee5324031696dc7466bd1,abad8aa3658575211d1bac6c4ea0facaba24dcad5651d918abc63e4cdd08762d
content/qa/伯克希尔股东大会实录_2022.md,伯克希尔股东大会实录 2022,content/qa,source-corpus,both,true,true,berkshire-annual-meeting-qa,2022,zh,full-candidate,,primary-qa-translation-candidate,candidate-include-full,股东大会或公开问答完整记录候选。,berkshire-meeting-2022,90573,251080,1354,2026-07-26T14:38:15.159Z,111,67,,e44ba462cabca8681ce0d55609ef1710f8cac8a91c1aedbf884599dd0780bea1,9803ba8f6c2a091fb62ab42e672dacec645ebbcf508a14733ea0ce6933634328
content/qa/伯克希尔股东大会实录_2023.md,伯克希尔股东大会实录 2023,content/qa,source-corpus,both,true,true,berkshire-annual-meeting-qa,2023,zh,full-candidate,,primary-qa-translation-candidate,candidate-include-full,股东大会或公开问答完整记录候选。,berkshire-meeting-2023,78853,216123,1338,2026-07-26T14:38:15.163Z,151,107,,37635be5463d6debe97e5b37c4718f8bddb4a11f9430f1e3826fa5aeaeb92cbc,0841434d493baaa5a2050c3991ae1c5f51cae4e9833b1720fe01c2ee6ac4853f
content/qa/伯克希尔股东大会实录_2024.md,伯克希尔股东大会实录 2024,content/qa,source-corpus,both,true,true,berkshire-annual-meeting-qa,2024,zh,full-candidate,munger-speech-after-2023-check-historical-or-misdated,chronology-conflict-or-mixed-historical-material,candidate-primary-review,文件年份晚于芒格逝世时间却含有芒格答问，可能混入历史影像或历年问答，必须拆分并核对真实场次。,berkshire-meeting-2024,76386,208082,1102,2026-07-26T14:38:15.168Z,74,19,,f29bff28a03f922b6ba2e960319ce76dc92bc70904aa57ec13612379837c2c46,9f9ecc55d9c13bedd76117e4859d8d92d50d55f448b7f52a5ae6e9f0cc7d44dd
content/qa/伯克希尔股东大会实录_2025.md,伯克希尔股东大会实录 2025,content/qa,source-corpus,both,true,true,berkshire-annual-meeting-qa,2025,zh,full-candidate,munger-speech-after-2023-check-historical-or-misdated,chronology-conflict-or-mixed-historical-material,candidate-primary-review,文件年份晚于芒格逝世时间却含有芒格答问，可能混入历史影像或历年问答，必须拆分并核对真实场次。,berkshire-meeting-2025,53742,147874,3580,2026-07-26T14:38:15.171Z,88,60,,cd43fe9e2ac21b29548893aa9b7c089b9009f2ddd66199494a8e3714261df870,697c4fbb2c09f38292db0e6119c0d2e5ccbf724c6a637a0afa568fedeb513263
content/qa/伯克希尔股东大会问答_1985.md,伯克希尔股东大会问答 1985,content/qa,source-corpus,both,true,true,berkshire-annual-meeting-qa,1985,zh,selection-or-excerpt,,primary-qa-translation-candidate,candidate-include-selection,问答选录或完整度未知，必须按完整问答单元处理。,berkshire-meeting-1985,2079,5449,64,2026-07-28T02:32:23.433Z,0,0,,c5b977287f7a43762545618f244ad66f85c55371ca8b4c2ff5ec8ad8c7094009,7e9fdada77a3c325ef66b99f4afc7e9fb3d56137d78a080af73f332ab0c745eb
content/qa/伯克希尔股东大会问答_1986.md,伯克希尔股东大会问答 1986,content/qa,source-corpus,both,true,true,berkshire-annual-meeting-qa,1986,zh,selection-or-excerpt,,primary-qa-translation-candidate,candidate-include-selection,问答选录或完整度未知，必须按完整问答单元处理。,berkshire-meeting-1986,7775,20340,226,2026-07-28T02:03:48.826Z,1,1,,d9c285ad640425f69448383361a79b2e278d89bc1797ffdc953875c88d49d48f,ad300a41b245dde0c105e7bf1baf4b3467b549f9b903411935144df8dae82ab8
content/qa/伯克希尔股东大会问答_1987.md,伯克希尔股东大会问答 1987,content/qa,source-corpus,both,true,true,berkshire-annual-meeting-qa,1987,zh,selection-or-excerpt,,primary-qa-translation-candidate,candidate-include-selection,问答选录或完整度未知，必须按完整问答单元处理。,berkshire-meeting-1987,11505,30336,334,2026-07-28T02:32:23.435Z,2,1,,089bc27647ac5415b5b646403321aeb3b6ec35e6e89882e1db1eab550062575d,bcd9cca1e04689a158b8df916114011be2e767104a65859b8da95edfebaa32a4
content/qa/伯克希尔股东大会问答_1988.md,伯克希尔股东大会问答 1988,content/qa,source-corpus,both,true,true,berkshire-annual-meeting-qa,1988,zh,selection-or-excerpt,,primary-qa-translation-candidate,candidate-include-selection,问答选录或完整度未知，必须按完整问答单元处理。,berkshire-meeting-1988,15942,43397,394,2026-07-28T02:32:23.436Z,24,11,,dc819bab7e1267b896dcf17cd01889215247cc57906b085e3764712136cf191d,c5af593f04fb6466806b10a7976e12140da0eee28206f4382f4c7996ed7bde5f
content/qa/伯克希尔股东大会问答_1989.md,伯克希尔股东大会问答 1989,content/qa,source-corpus,both,true,true,berkshire-annual-meeting-qa,1989,zh,selection-or-excerpt,,primary-qa-translation-candidate,candidate-include-selection,问答选录或完整度未知，必须按完整问答单元处理。,berkshire-meeting-1989,18582,50826,412,2026-07-28T02:32:23.438Z,26,11,,0e78173467109727ba62ea61fe203a83f99e804117432db1338152c122281ecb,627a52366fe687bfd6b09ca919eb21d83628dda00da6d0403a003ea3cd324ae8
content/qa/伯克希尔股东大会问答_1990.md,伯克希尔股东大会问答 1990,content/qa,source-corpus,both,true,true,berkshire-annual-meeting-qa,1990,zh,selection-or-excerpt,,primary-qa-translation-candidate,candidate-include-selection,问答选录或完整度未知，必须按完整问答单元处理。,berkshire-meeting-1990,15522,42764,332,2026-07-28T02:32:23.439Z,32,18,,e084ee12c5af7dc4d7a1cfb2e5beb89b8fe957a1395389eb25aaef966aefcd90,b249f7d424eb2bb1a49c864e6185e66e2c73b76322db7a6c742b122297464309
content/qa/伯克希尔股东大会问答_1991.md,伯克希尔股东大会问答 1991,content/qa,source-corpus,both,true,true,berkshire-annual-meeting-qa,1991,zh,selection-or-excerpt,,primary-qa-translation-candidate,candidate-include-selection,问答选录或完整度未知，必须按完整问答单元处理。,berkshire-meeting-1991,34641,95278,672,2026-07-28T02:32:23.441Z,71,37,,a0a61d59a4bf73bda6223f0a21955b8f78ef3f4bef7d3faa0df487cf4c81f15b,dc265a66c1dccfd3ab31394d9748f9b4556d36f99f302390451ad7fa6e12bdca
content/qa/伯克希尔股东大会问答_1992.md,伯克希尔股东大会问答 1992,content/qa,source-corpus,both,true,true,berkshire-annual-meeting-qa,1992,zh,selection-or-excerpt,,primary-qa-translation-candidate,candidate-include-selection,问答选录或完整度未知，必须按完整问答单元处理。,berkshire-meeting-1992,38402,107911,654,2026-07-28T02:32:23.444Z,67,44,,278df24778379cc92daa587ba292bb4d134e160ae2588f37f5c21008ca2bfa66,230cc142c5ce4095298c953d181ff13d9cdb5da707124720ba3338687fd4452e
content/qa/伯克希尔股东大会问答_1993.md,伯克希尔股东大会问答 1993,content/qa,source-corpus,both,true,true,berkshire-annual-meeting-qa,1993,zh,selection-or-excerpt,,primary-qa-translation-candidate,candidate-include-selection,问答选录或完整度未知，必须按完整问答单元处理。,berkshire-meeting-1993,51013,137807,792,2026-07-28T02:32:23.447Z,81,47,,3b1b789ca4a4a1c2db1d9b0388f555a4430fb2501f0b8040dc113cb29989a2df,ae0443f288f9ad74d5bbf701e6ac85e0f62faa347c289801cd8b74b5e76d0991
content/qa/Wesco_股东大会_1987.md,Wesco 股东大会 1987,content/qa,source-corpus,munger,true,true,wesco-annual-meeting-qa,1987,zh,selection-or-excerpt,,primary-qa-translation-candidate,candidate-include-selection,问答选录或完整度未知，必须按完整问答单元处理。,munger-wesco-meeting-1987,6585,18319,154,2026-08-02T08:03:48.368Z,0,0,,f29ef796adc0c312ed4dd1033843515b38426b8ff238d53bf3e50d57d64a6d6c,513c67a9477160a257fc88115ecbcfdc8e619df6148c0a136a8e7dcf2df74a90
content/qa/Wesco_股东大会_1988.md,Wesco 股东大会 1988,content/qa,source-corpus,munger,true,true,wesco-annual-meeting-qa,1988,zh,selection-or-excerpt,,primary-qa-translation-candidate,candidate-include-selection,问答选录或完整度未知，必须按完整问答单元处理。,munger-wesco-meeting-1988,5040,14255,180,2026-08-02T08:03:48.370Z,0,0,,464f882059c885777bb9862d31c33d5ba1d95a7cf79513eedc3ce0c7dbc0880a,933dec449dc213976f5e862e37284fcc6e6455cd8ef414cd0e7dd64acc7257d1
content/qa/Wesco_股东大会_1989.md,Wesco 股东大会 1989,content/qa,source-corpus,munger,false,true,wesco-annual-meeting-qa,1989,zh,selection-or-excerpt,,primary-qa-translation-candidate,candidate-include-selection,问答选录或完整度未知，必须按完整问答单元处理。,munger-wesco-meeting-1989,27007,77013,619,2026-08-02T08:03:48.373Z,0,0,,e09dd6d76bd391b2e84a65db3fa196fc7122750db94d507f5c487d56a300862a,5b43dcfff7972bef994ca744e3eb7e8fa684268de50ec710c26ee0651e676ddb
content/qa/Wesco_股东大会_1990.md,Wesco 股东大会 1990,content/qa,source-corpus,munger,true,true,wesco-annual-meeting-qa,1990,zh,selection-or-excerpt,,primary-qa-translation-candidate,candidate-include-selection,问答选录或完整度未知，必须按完整问答单元处理。,munger-wesco-meeting-1990,12325,35397,278,2026-08-02T08:03:48.377Z,0,0,,f2c3ee48af6487d34794b5edf8cd0d4149bd67e2e217c59606a66c2dc99ad095,de30a0f6615027353c7ab5ec02bd413c677c715a86be2c9b1d52754264a2ca9e
content/qa/Wesco_股东大会_1991.md,Wesco 股东大会 1991,content/qa,source-corpus,munger,true,true,wesco-annual-meeting-qa,1991,zh,selection-or-excerpt,,primary-qa-translation-candidate,candidate-include-selection,问答选录或完整度未知，必须按完整问答单元处理。,munger-wesco-meeting-1991,5982,17026,160,2026-08-02T08:03:48.378Z,0,0,,441b9749b7cfe32b3a161c5e73687a40c9ec73ac16c82cb403638e25f2f514f6,d27f6490a5891eaddef370e757c3a8339f13cf88102c17f3b79edbd057007717
content/qa/Wesco_股东大会_1992.md,Wesco 股东大会 1992,content/qa,source-corpus,munger,false,true,wesco-annual-meeting-qa,1992,zh,selection-or-excerpt,,primary-qa-translation-candidate,candidate-include-selection,问答选录或完整度未知，必须按完整问答单元处理。,munger-wesco-meeting-1992,7156,20536,190,2026-08-02T08:03:48.379Z,0,0,,6d2fe230fef4e768856b109623b1dcafea9364f1027da20a9b4b262d83eda95b,17a3470558aec685b19d4ef04428b5443e05459f1e6027a8cf00876f792ec212
content/qa/Wesco_股东大会_1993.md,Wesco 股东大会 1993,content/qa,source-corpus,munger,true,true,wesco-annual-meeting-qa,1993,zh,selection-or-excerpt,,primary-qa-translation-candidate,candidate-include-selection,问答选录或完整度未知，必须按完整问答单元处理。,munger-wesco-meeting-1993,13368,38189,336,2026-08-02T08:03:48.381Z,0,0,,c772e0b72412a03a81816647295e447ece60f60bcfce66a760f2d70479aef88a,3b5c08db947f7da89667b4303e2803c75c5424ca1c630ce6dc478fd7c7df40a1
content/qa/Wesco_股东大会_1994.md,Wesco 股东大会 1994,content/qa,source-corpus,munger,true,true,wesco-annual-meeting-qa,1994,zh,selection-or-excerpt,,primary-qa-translation-candidate,candidate-include-selection,问答选录或完整度未知，必须按完整问答单元处理。,munger-wesco-meeting-1994,10778,30832,292,2026-08-02T08:03:48.383Z,0,0,,625284acfb1ae8a0214fd1aebb660f479886b8a12278afd2d117d9195445dcc5,feb91262baea41ff66525383c2b931391cce4b48f47ebdd095d83c5e1cb677dc
content/qa/Wesco_股东大会_1995.md,Wesco 股东大会 1995,content/qa,source-corpus,munger,false,true,wesco-annual-meeting-qa,1995,zh,selection-or-excerpt,,primary-qa-translation-candidate,candidate-include-selection,问答选录或完整度未知，必须按完整问答单元处理。,munger-wesco-meeting-1995,7894,22324,234,2026-08-02T08:03:48.385Z,0,0,,befe63b4a90139574fcb0d1c376cb95c0e9d728c4f673bf530bff5b81cf33e8e,1b8403135711789dc70b17bd7676467e61f591f0063b3eb5b364032be1041d92
content/qa/Wesco_股东大会_1996.md,Wesco 股东大会 1996,content/qa,source-corpus,munger,true,true,wesco-annual-meeting-qa,1996,zh,selection-or-excerpt,,primary-qa-translation-candidate,candidate-include-selection,问答选录或完整度未知，必须按完整问答单元处理。,munger-wesco-meeting-1996,9274,26266,188,2026-07-28T02:03:48.649Z,0,26,,fe62a82272973ec2941d6119ff8b3c77f3529d4d7ebb329fbd4a884f229e04e6,25d846073e57736821bb326d47d419ac07f8c0cd69baf575fe170ec4addc1974
content/qa/Wesco_股东大会_1997.md,Wesco 股东大会 1997,content/qa,source-corpus,munger,true,true,wesco-annual-meeting-qa,1997,zh,selection-or-excerpt,,primary-qa-translation-candidate,candidate-include-selection,问答选录或完整度未知，必须按完整问答单元处理。,munger-wesco-meeting-1997,9757,28004,270,2026-08-02T08:03:48.386Z,0,0,,a9d88573d16a93629c1b156c2981f62063e845bb35069cac0d541689bd395c11,ee647c5be97481dee3d2493d4914ac5268d0bb9ed2f041403b2ec27334961446
content/qa/Wesco_股东大会_1998.md,Wesco 股东大会 1998,content/qa,source-corpus,munger,true,true,wesco-annual-meeting-qa,1998,zh,selection-or-excerpt,,primary-qa-translation-candidate,candidate-include-selection,问答选录或完整度未知，必须按完整问答单元处理。,munger-wesco-meeting-1998,17425,49874,470,2026-08-02T08:03:48.388Z,0,0,,e5035221263b78ad20b8a3ef1275f2017f5202f6f206e6c137853d2c99575ea8,aafa6c7c375b2630103bb0c5937e42417580781d988d2bd444ba7d4d6c375a7d
content/qa/Wesco_股东大会_1999.md,Wesco 股东大会 1999,content/qa,source-corpus,munger,true,true,wesco-annual-meeting-qa,1999,zh,unknown,,primary-qa-translation-candidate,candidate-include-selection,问答选录或完整度未知，必须按完整问答单元处理。,munger-wesco-meeting-1999,33512,96196,721,2026-08-02T08:14:27.892Z,0,0,,cc5cc4b2b237395d08092f19cdcbf6d65088a2d58cc7c5a1addbc3503d69fa36,c4c5553507fa30e1393a859c3586512e62b5f06e80ac7e21a7a09fd2304c32c7
content/qa/Wesco_股东大会_2000.md,Wesco 股东大会 2000,content/qa,source-corpus,munger,true,true,wesco-annual-meeting-qa,2000,zh,unknown,,primary-qa-translation-candidate,candidate-include-selection,问答选录或完整度未知，必须按完整问答单元处理。,munger-wesco-meeting-2000,22392,63780,519,2026-08-02T08:14:27.911Z,0,0,,9a2711a7fe0a6d3d8c3b62e1539a9285ce27aed3594ce1eb4a1c347eb60fc79a,50b04e6fae3793d07d609349b0d52bf54db2a67d0aa6a9b6c70f54cb8276724f
content/qa/Wesco_股东大会_2001.md,Wesco 股东大会 2001,content/qa,source-corpus,munger,true,true,wesco-annual-meeting-qa,2001,zh,selection-or-excerpt,,primary-qa-translation-candidate,candidate-include-selection,问答选录或完整度未知，必须按完整问答单元处理。,munger-wesco-meeting-2001,11101,29700,208,2026-07-28T02:32:23.283Z,0,1,,7a7d4d578ed43129e3f4a4285f77cb66bb730d8a05604d86bac32c3436d6be80,440f840bdef4a860e414908bb7fa3a2ce1bdc5fbc4aa197705952cc653aec195
content/qa/Wesco_股东大会_2002.md,Wesco 股东大会 2002,content/qa,source-corpus,munger,true,true,wesco-annual-meeting-qa,2002,zh,selection-or-excerpt,,primary-qa-translation-candidate,candidate-include-selection,问答选录或完整度未知，必须按完整问答单元处理。,munger-wesco-meeting-2002,22764,65636,374,2026-07-28T02:03:48.653Z,0,41,,d79d1aa2e2d56a07f20389b0bd2c179c5f2fe46b6aa90f26a851c2e07514e0a4,9fb1d98423a79a18c4c493f8dc15fa071aef275e35e2e0e588fbae12a26565ed
content/qa/Wesco_股东大会_2003.md,Wesco 股东大会 2003,content/qa,source-corpus,munger,true,true,wesco-annual-meeting-qa,2003,zh,unknown,,primary-qa-translation-candidate,candidate-include-selection,问答选录或完整度未知，必须按完整问答单元处理。,munger-wesco-meeting-2003,25020,71771,627,2026-08-02T08:14:27.934Z,0,0,,87bb4530d293c244f9398b2814d7fdb8903ae9269442fdf786b9c618a6ff2151,5af2d6a183a6f34f1d1fa98db6f59755128b893c75bd782e139ea45a76dc39ea
content/qa/Wesco_股东大会_2004.md,Wesco 股东大会 2004,content/qa,source-corpus,munger,true,true,wesco-annual-meeting-qa,2004,zh,selection-or-excerpt,,primary-qa-translation-candidate,candidate-include-selection,问答选录或完整度未知，必须按完整问答单元处理。,munger-wesco-meeting-2004,22027,61773,306,2026-07-28T02:03:48.655Z,0,13,,eb72c8b6ed01f674c15517d30701fa7f99cdf94bd19a42c7da85b1693679eb29,c9fc1a0dac754f9a363bb11efc084e6371a30cfa9f9efb8e19cdead118970e33
content/qa/Wesco_股东大会_2005.md,Wesco 股东大会 2005,content/qa,source-corpus,munger,true,true,wesco-annual-meeting-qa,2005,zh,selection-or-excerpt,,primary-qa-translation-candidate,candidate-include-selection,问答选录或完整度未知，必须按完整问答单元处理。,munger-wesco-meeting-2005,17896,49407,280,2026-07-28T02:03:48.656Z,0,0,,e3d4d39b67f0ed4dab1d01900b95642ee71d0ff25b997d2ae73c6c1ebaf71b5a,85d0e5a77d5e11ce792f947e75e432796a4cea975904ea39748bbfc7c426f30b
content/qa/Wesco_股东大会_2006.md,Wesco 股东大会 2006,content/qa,source-corpus,munger,true,true,wesco-annual-meeting-qa,2006,zh,selection-or-excerpt,,primary-qa-translation-candidate,candidate-include-selection,问答选录或完整度未知，必须按完整问答单元处理。,munger-wesco-meeting-2006,17231,48028,400,2026-07-28T02:03:48.657Z,0,46,,4bae5bcdf4cc2c830823e00ee34300a2c1bbbb4c0880d392869ea51633538f02,d577a1f70c319658e72f2cc596f596cd4a521650a43da5d29663d8be134316f2
content/qa/Wesco_股东大会_2007.md,Wesco 股东大会 2007,content/qa,source-corpus,munger,true,true,wesco-annual-meeting-qa,2007,zh,unknown,,primary-qa-translation-candidate,candidate-include-selection,问答选录或完整度未知，必须按完整问答单元处理。,munger-wesco-meeting-2007,31299,90063,661,2026-08-02T08:14:27.940Z,0,0,,8301936f4f45e58f312b5c73a762f35742a3670d0f9fca15954119568ec72a85,165f131afedd90face41806315d33e17644081ab7ea04df05468f656d1a63348
content/qa/Wesco_股东大会_2008.md,Wesco 股东大会 2008,content/qa,source-corpus,munger,true,true,wesco-annual-meeting-qa,2008,zh,selection-or-excerpt,,primary-qa-translation-candidate,candidate-include-selection,问答选录或完整度未知，必须按完整问答单元处理。,munger-wesco-meeting-2008,16315,46383,434,2026-07-28T02:03:48.658Z,0,53,,8886d43bc4f5bcc5f64a20f10a63690ab2ce1f0e61ae8b46ba3ce9d7de5d8baf,d22e908dee08d56f303db2de01ba04ecba6298ad8cf0df6820df32b93fa40ad0
content/qa/Wesco_股东大会_2009.md,Wesco 股东大会 2009,content/qa,source-corpus,munger,false,true,wesco-annual-meeting-qa,2009,zh,selection-or-excerpt,,primary-qa-translation-candidate,candidate-include-selection,问答选录或完整度未知，必须按完整问答单元处理。,munger-wesco-meeting-2009,14122,39578,338,2026-07-28T02:03:48.659Z,0,0,,ea92b1c96737ba5cf73be1a845868b015cf06a2fffbb29120d4e92723a45869a,0e2303830684fd41c4b4d8fd17524f1ff645d12207fa6e1c61ad6e7b1898f02d
content/qa/Wesco_股东大会_2010.md,Wesco 股东大会 2010,content/qa,source-corpus,munger,true,true,wesco-annual-meeting-qa,2010,zh,unknown,,primary-qa-translation-candidate,candidate-include-selection,问答选录或完整度未知，必须按完整问答单元处理。,munger-wesco-meeting-2010,35763,103287,709,2026-08-02T08:14:27.947Z,0,0,,0acfb79b53050889fa1c60cb6b99567a4658af07bc76a1c14ea0b19fe335e910,713eac851420273df02dfc9fa1938b0ff30878b7e69dd6418d86c27b046d6717
content/qa/Wesco_股东大会_2011.md,Wesco 股东大会 2011,content/qa,source-corpus,munger,true,true,wesco-annual-meeting-qa,2011,zh,unknown,,primary-qa-translation-candidate,candidate-include-selection,问答选录或完整度未知，必须按完整问答单元处理。,munger-wesco-meeting-2011,17606,49307,294,2026-07-28T02:03:48.660Z,0,39,,23d72e02d97a5bbacc9391e9b0bcab97ba8758c29034cb2f32006aee36d4319c,7668c4dfc92bbc163ef876b376ba9cebc2ec919d4da693b9d3195135b0164b3b
content/talks/1999.12 巴菲特在太阳谷的演讲.md,1999.12 巴菲特在太阳谷的演讲,content/talks,source-corpus,buffett,true,false,speech-or-talk,1999,zh,unknown,source-verification-pending,primary-transcript-translation-candidate,candidate-primary-review,目标人物演讲或谈话候选，但文件未证明自身为全文。,buffett-speech-or-talk-1999-94633891,3994,10426,156,2026-08-07T14:43:21.302Z,0,0,https://www.yuque.com/cooo/hg40yk/fs8fgw,c28a3b760195ab3d963c2d86bb8bbd37896e443625d9138e17ee1f10e8972f51,26bfaf48ce4b6a08abaaed5011927b2d64ca03479155b10f253091e28355ccd0
content/talks/2013.11 巴菲特在马里兰大学的演讲.md,2013.11 巴菲特在马里兰大学的演讲,content/talks,source-corpus,buffett,true,false,speech-or-talk,2013,zh,unknown,source-verification-pending,primary-transcript-translation-candidate,candidate-primary-review,目标人物演讲或谈话候选，但文件未证明自身为全文。,buffett-speech-or-talk-2013-26cc2f1f,8229,22178,255,2026-08-07T14:43:21.300Z,14,0,https://www.yuque.com/cooo/hg40yk/szcv4s,934eaaa5f81d93589b3465562100f0c83d582b0a2b20f6c8aeccbcf1f437d66c,42a874debc28032422704b05e07140c1ee7720a97f810c0fc22d26736e844c98
content/talks/2018.02 北京大学光华管理学院.md,2018.02 北京大学光华管理学院,content/talks,source-corpus,buffett,true,true,speech-or-talk,2018,zh,unknown,source-verification-pending,primary-transcript-translation-candidate,candidate-primary-review,目标人物演讲或谈话候选，但文件未证明自身为全文。,buffett-speech-or-talk-2018-ee33015d,7135,18993,256,2026-08-07T14:43:21.301Z,12,0,https://www.yuque.com/cooo/hg40yk/sggb33,7c156f4ebfe007669e5082e3681a6ef52028ebced33e3e79ffbf41caf6310fab,bbf56660e6dc5bb0fae7ddb18e9ec6668b35d0d5b6be71079652893e514006f3
content/talks/巴菲特：佛罗里达大学演讲_1998.md,巴菲特：佛罗里达大学演讲 1998,content/talks,source-corpus,buffett,true,false,speech-or-talk,1998,zh,unknown,,primary-transcript-translation-candidate,candidate-primary-review,目标人物演讲或谈话候选，但文件未证明自身为全文。,buffett-speech-or-talk-1998-799d8dd5,26603,75892,370,2026-07-23T00:47:19.620Z,21,0,,88bd4963f97c2460078e9f57b6d17aa12c1b95e305e014d129d6dd9fb5e884b7,0287e062ebf43f44f6d2b35aac11f3b862e1f32085256e180098e88a89901e06
content/talks/巴菲特：哥大商学院演讲_1984.md,巴菲特：哥大商学院演讲 1984,content/talks,source-corpus,buffett,true,true,speech-or-talk,1984,zh,unknown,,primary-transcript-translation-candidate,candidate-primary-review,目标人物演讲或谈话候选，但文件未证明自身为全文。,buffett-speech-or-talk-1984-a4b5a515,17991,37853,342,2026-07-23T02:41:04.650Z,0,1,,1cf75ae3c666e3a1fcfca8d1af65974fc5bd643f4d2b732c2af88e0a1228aaa0,c7d313aef821f04aac9b071202c56cbd03fbf8fd1038b0e77bd98e9feda3dc2a
content/talks/巴菲特：哥大商学院演讲_2002.md,巴菲特：哥大商学院演讲 2002,content/talks,source-corpus,buffett,true,false,speech-or-talk,2002,zh,unknown,,primary-transcript-translation-candidate,candidate-primary-review,目标人物演讲或谈话候选，但文件未证明自身为全文。,buffett-speech-or-talk-2002-6fa91995,8538,23046,148,2026-07-23T00:47:19.616Z,0,0,,afbeba829557d429aaad646695d9fef6e337d28e13d86cd6854eaba07b94e187,1910dd15ccd6561bb80e32a9aee3f0c92d5e1c06ea16b87924ff06fb91ee2ee9
content/talks/巴菲特：华盛顿大学谈话_1998.md,巴菲特：华盛顿大学谈话 1998,content/talks,source-corpus,buffett,true,true,speech-or-talk,1998,zh,unknown,,primary-transcript-translation-candidate,candidate-primary-review,目标人物演讲或谈话候选，但文件未证明自身为全文。,buffett-speech-or-talk-1998-f2cc767b,5443,15759,88,2026-07-23T00:47:19.631Z,12,0,,3e2de3f89c85655ba7c1a2e78652cff28c0ea645ed70d71fc01c7227681a8b5b,aa0dc38c71483429e573addb54a3c197c652ac6a2a01981a00746ef165ff4cbc
content/talks/巴菲特：内布拉斯加大学演讲_1994.md,巴菲特：内布拉斯加大学演讲 1994,content/talks,source-corpus,buffett,true,true,speech-or-talk,1994,zh,unknown,,primary-transcript-translation-candidate,candidate-primary-review,目标人物演讲或谈话候选，但文件未证明自身为全文。,buffett-speech-or-talk-1994-91bd0270,28850,81342,376,2026-07-23T00:47:19.612Z,43,0,,cee38964f3b81f1c8738964d996ae3c98ed897894f80521ce91631ee20ed6b64,22593d317d850aac18bca15ef4d85c634c7af553df1aaa34cec15e905cc366fa
content/talks/巴菲特：内布拉斯加教育论坛演讲_1999.md,巴菲特：内布拉斯加教育论坛演讲 1999,content/talks,source-corpus,buffett,true,false,speech-or-talk,1999,zh,unknown,,primary-transcript-translation-candidate,candidate-primary-review,目标人物演讲或谈话候选，但文件未证明自身为全文。,buffett-speech-or-talk-1999-61cab6c2,9792,28148,180,2026-07-23T00:47:19.597Z,12,0,,58db9d8139ffdec3ee6d8bcf2291ffbc610d9ebf9416363dcb9909db6ba8e956,ae5bedeccce61e2f16d23d96a82388f0014fe4536512f34abee5bfcb686aa68f
content/talks/巴菲特：圣母大学演讲_1991.md,巴菲特：圣母大学演讲 1991,content/talks,source-corpus,buffett,true,true,speech-or-talk,1991,zh,full-candidate,,primary-transcript-translation-candidate,candidate-include-full,目标人物演讲或谈话实录候选。,buffett-speech-or-talk-1991-0b05ce25,47829,131876,478,2026-07-23T00:47:19.613Z,2,0,,06e33342d9a143c232d3cf89365e235ba86cc12ba282cc50a453a13b0c5a4689,93d5e177dda604ca0fcb6dc7ebeb57035d540fce0dcbb318bf7274d4a19b1754
content/talks/巴菲特：斯坦福法学院演讲_1990.md,巴菲特：斯坦福法学院演讲 1990,content/talks,source-corpus,buffett,true,true,speech-or-talk,1990,zh,selection-or-excerpt,,primary-transcript-translation-candidate,candidate-include-selection,目标人物演讲或谈话实录候选。,buffett-speech-or-talk-1990-82ee3b6e,10533,29735,104,2026-07-23T00:47:19.634Z,0,0,,89f21208b1e18dbe9ed3d3a60eb5361edb2f1d654b8d33806d822b514c0b8de6,aed2d447e84fec11eae20a2b4107b8eb8bc7e5837552059d6202398a8e65fa09
content/talks/巴菲特：佐治亚大学演讲_2001.md,巴菲特：佐治亚大学演讲 2001,content/talks,source-corpus,buffett,true,false,speech-or-talk,2001,zh,unknown,,primary-transcript-translation-candidate,candidate-primary-review,目标人物演讲或谈话候选，但文件未证明自身为全文。,buffett-speech-or-talk-2001-03aa21bd,24044,67484,280,2026-07-23T00:47:19.628Z,14,0,,f889349f7c66df37174b702fe7063e5f5b9d984c4e3f9d31023bf6520a208c08,0d4b81613c419f9014e099e7aaf7352e1b6be41617cb488914a6ee82b9779a76
content/talks/巴菲特奥马哈新闻俱乐部_1992.md,巴菲特奥马哈新闻俱乐部 1992,content/talks,source-corpus,buffett,true,false,speech-or-talk,1992,zh,unknown,,primary-transcript-translation-candidate,candidate-primary-review,目标人物演讲或谈话候选，但文件未证明自身为全文。,buffett-speech-or-talk-1992-3e2ad9ba,14009,39493,148,2026-07-23T00:47:19.610Z,15,0,,d7b22ca0e1131044bb5a6f4df9e736bd09222b578dbf11aa91547cfd29d4db31,c618b19be2afab98a2a85ccb9c83ad1d51430d8335f1a0058620e539887f6926
content/talks/巴菲特太阳谷演讲_1999.md,巴菲特太阳谷演讲 1999,content/talks,source-corpus,buffett,true,false,speech-or-talk,1999,zh,selection-or-excerpt,,primary-transcript-translation-candidate,candidate-include-selection,目标人物演讲或谈话实录候选。,buffett-speech-or-talk-1999-1c05fa51,5745,16016,86,2026-07-23T00:47:19.630Z,0,0,,7d71de675cfa492c1a158c82d442770c3168b68d149e4747db8eaafd1951511f,6a2a424177d78dfa74243812bd1377faee9b082806d8e7fcaec9f31e43b1111c
content/talks/芒格：财务总监联合会演讲_1998.md,芒格：财务总监联合会演讲 1998,content/talks,source-corpus,munger,true,true,speech-or-talk,1998,zh,unknown,,primary-transcript-translation-candidate,candidate-primary-review,目标人物演讲或谈话候选，但文件未证明自身为全文。,munger-speech-or-talk-1998-12bdfe1a,6974,20057,80,2026-07-23T00:47:19.629Z,0,0,,c4ac759ab3853ecdb764bc7030957302835c8e065fe23b4c45c68fb61ba3c5ef,768b424316977d6ab5bda9d3d6510c90b329d33d18f0fe17b8a856781b2f6be3
content/talks/芒格：慈善圆桌会议讲话_2000.md,芒格：慈善圆桌会议讲话 2000,content/talks,source-corpus,munger,false,true,speech-or-talk,2000,zh,selection-or-excerpt,,primary-transcript-translation-candidate,candidate-include-selection,目标人物演讲或谈话实录候选。,munger-speech-or-talk-2000-9c16b8eb,6575,18808,76,2026-07-23T00:47:19.615Z,0,0,,e129e7c06f7d1d604b195303822386ec985fdfef8ad05cf470db4a20dd782594,79d8bbc564362dcaebd82fca1c0e25ab0ba62691f8a855000352dc9740ad6058
content/talks/芒格：关于实践思维的现实思考_1996.md,芒格：关于实践思维的现实思考 1996,content/talks,source-corpus,munger,true,true,speech-or-talk,1996,zh,unknown,,primary-transcript-translation-candidate,candidate-primary-review,目标人物演讲或谈话候选，但文件未证明自身为全文。,munger-speech-or-talk-1996-1e24282f,8569,24159,128,2026-07-23T00:47:19.617Z,0,0,,b16adf7f27d73dc1d5ebab1307d70a858f6144693e42833800a753fcb91cc76c,34b91ab0cb7c52cf5da19d78395c6e1dd738c9addc3cf48e33dfd1ada7ec5fb9
content/talks/芒格：哈佛法学院演讲_1998.md,芒格：哈佛法学院演讲 1998,content/talks,source-corpus,munger,false,true,speech-or-talk,1998,zh,unknown,,primary-transcript-translation-candidate,candidate-primary-review,目标人物演讲或谈话候选，但文件未证明自身为全文。,munger-speech-or-talk-1998-9aca1a0b,7418,21226,116,2026-07-23T00:47:19.621Z,0,0,,15b79e782559b310f03dccb9796dd6380cbede4ad444d523bb21da359a46f182,3ceb2d4c5c95d63fcdc50a3a2a4f22fddf9830fb7d33e6e49ffc84fe347d38a6
content/talks/芒格：哈佛中学演讲_1986.md,芒格：哈佛中学演讲 1986,content/talks,source-corpus,munger,false,true,speech-or-talk,1986,zh,unknown,,primary-transcript-translation-candidate,candidate-primary-review,目标人物演讲或谈话候选，但文件未证明自身为全文。,munger-speech-or-talk-1986-2780f504,4391,12861,52,2026-07-23T00:47:19.632Z,0,0,,f49cdf1625a5919ac8ff483254bf10bf1bb700e0402aeda8995996ac7764bd97,2ed3015858404d6ecbea9e54b63db0b5f84cab6a533b973b1990e8033de78595
content/talks/芒格：论学院派经济学_2003.md,芒格：论学院派经济学 2003,content/talks,source-corpus,munger,true,true,speech-or-talk,2003,zh,unknown,,primary-transcript-translation-candidate,candidate-primary-review,目标人物演讲或谈话候选，但文件未证明自身为全文。,munger-speech-or-talk-2003-747c8927,29685,84773,332,2026-07-23T00:47:19.624Z,0,3,,c1d761f0cdfd84b28668547c9ec34fab2c4e19f3eb5e4badf32e7ef5a57ce2f0,d72ac8cc1b30aaaa463920b0bef9cd36ff166b88017b4e822ba397458ce9813b
content/talks/芒格：南加大法学院演讲_2007.md,芒格：南加大法学院演讲 2007,content/talks,source-corpus,munger,true,true,speech-or-talk,2007,zh,unknown,,primary-transcript-translation-candidate,candidate-primary-review,目标人物演讲或谈话候选，但文件未证明自身为全文。,munger-speech-or-talk-2007-f10afde6,13104,37463,305,2026-07-23T00:47:19.618Z,0,0,,737967bfbb6d461d67ba872d9737eb31d5d8209d2ffb336fe4b0cd864bca1125,72e0ba1dd0902339684da73b0a3cd57e6dfaf08ea2f6e98c00beddff356904b3
content/talks/芒格：南加大商学院演讲_1994.md,芒格：南加大商学院演讲 1994,content/talks,source-corpus,munger,true,true,speech-or-talk,1994,zh,unknown,,primary-transcript-translation-candidate,candidate-primary-review,目标人物演讲或谈话候选，但文件未证明自身为全文。,munger-speech-or-talk-1994-c3268126,25317,73341,366,2026-07-23T00:47:19.625Z,0,0,,ad871ef72dbe343b92e3a0fbd196532bab04abbfea2cd4a05d7990ba47d9bb0c,af638ff704d3b73d466175b0856027e01603d11c3e49fbfc8634e41f2dcffd49
content/talks/芒格：斯坦福法学院演讲_1996.md,芒格：斯坦福法学院演讲 1996,content/talks,source-corpus,munger,true,true,speech-or-talk,1996,zh,unknown,,primary-transcript-translation-candidate,candidate-primary-review,目标人物演讲或谈话候选，但文件未证明自身为全文。,munger-speech-or-talk-1996-0c6da6c8,28593,83205,416,2026-07-23T00:47:19.626Z,0,31,,cce441f46984e4e455a6abf68b2ba8dabd979571d142011cb663bf0d837e0348,fadca3da79f5c8d693dcb7843f10ad6084cd97753cbd9d8ded5638212d4c0943
content/talks/芒格：DJ_年会_2013.md,芒格：DJ 年会 2013,content/talks,source-corpus,munger,false,true,speech-or-talk,2013,zh,incomplete-or-omitted-sections,explicit-omission-or-missing-text,primary-transcript-translation-candidate,candidate-primary-review,目标人物演讲材料存在明确缺段，需核验完整底本。,munger-speech-or-talk-2013-4ce23323,26703,75882,374,2026-07-23T00:47:19.638Z,0,35,,cea126661a45041775b9d3f3684ad86c7451c601ea3d8ba6c4766858eedf6048,1bd3d621076132cc5b55425696ebb8e85f6f7f00a9f1ccaa5b8187b796890b4a
poor-charlies-almanack/_english-source/poor-charlies-almanack-talk-eight.md,Poor Charlie's Almanack — Talk Eight: The Great Financial Scandal of 2003,poor-charlies-almanack,source-corpus,munger,false,false,speech-original-language,2003,en,unknown,,primary-transcript-original-language-candidate,candidate-source-version,芒格演讲英文对照底本，用于核校中文版本。,munger-poor-charlie-talk-eight,6559,6605,71,2026-07-28T19:20:27.393Z,0,0,https://www.stripe.press/poor-charlies-almanack/talk-eight,e15a6f34d749f89f4ece2368931d93479a9af86c925d508e06f2ed1483e69e5e,556864d7b66133d1324eeec1d8e76fbc78e0c1b613c11dc12ac86ef82603855d
poor-charlies-almanack/_english-source/poor-charlies-almanack-talk-eleven.md,Talk Eleven: The Psychology of Human Misjudgment,poor-charlies-almanack,source-corpus,munger,false,false,speech-original-language,2005,en,selection-or-excerpt,local-source-is-summary-or-incomplete-capture,primary-transcript-original-language-fragment,candidate-primary-review,英文文件自身说明为删节、摘要或未完整抓取，只能作网页定位线索，不能充当全文校核底本。,munger-poor-charlie-talk-eleven,29924,30114,221,2026-07-28T19:20:27.394Z,0,0,https://www.stripe.press/poor-charlies-almanack/talk-eleven,7cf9da5b26b46ba8fc2e1b994906b71d4a784545a0d7f6c08eb5da5186b62ecb,ab507f4d4e4418a0262047a2f67c6f597beb08cc97c853f7c51960dbe63a1c01
poor-charlies-almanack/_english-source/poor-charlies-almanack-talk-five.md,Poor Charlie's Almanack — Talk Five: The Need for More Multidisciplinary Skills from Professionals: Educational Implications,poor-charlies-almanack,source-corpus,munger,false,false,speech-original-language,1998,en,selection-or-excerpt,local-source-is-summary-or-incomplete-capture,primary-transcript-original-language-fragment,candidate-primary-review,英文文件自身说明为删节、摘要或未完整抓取，只能作网页定位线索，不能充当全文校核底本。,munger-poor-charlie-talk-five,5837,6077,72,2026-07-28T19:20:27.394Z,0,0,https://www.stripe.press/poor-charlies-almanack/talk-five,92f0ab222b172603f01e804f87200fbc9eb96af8c82f42695603b902382fcd28,9c205a6ce72b555c4cbf5692e894b220cc5b4557760310c91b3f5041c38e4d55
poor-charlies-almanack/_english-source/poor-charlies-almanack-talk-four.md,Talk Four: Practical Thought about Practical Thought?,poor-charlies-almanack,source-corpus,munger,false,false,speech-original-language,,en,unknown,,primary-transcript-original-language-candidate,candidate-source-version,芒格演讲英文对照底本，用于核校中文版本。,munger-poor-charlie-talk-four,7522,7531,54,2026-07-28T19:20:27.394Z,0,0,https://www.stripe.press/poor-charlies-almanack/talk-four,a1712c4d7693bd84015c1e72f4bb230d4e37d37758c237c3021b3ba45de6fe53,e1b99873421f3eed0e72dae9649b82a23a69d94464454b172d4ec30584f11573
poor-charlies-almanack/_english-source/poor-charlies-almanack-talk-nine.md,Poor Charlie's Almanack — Talk Nine: Academic Economics: Strengths and Faults After Considering Interdisciplinary Needs,poor-charlies-almanack,source-corpus,munger,true,true,speech-original-language,2003,en,unknown,local-source-is-summary-or-incomplete-capture,primary-transcript-original-language-fragment,candidate-primary-review,英文文件自身说明为删节、摘要或未完整抓取，只能作网页定位线索，不能充当全文校核底本。,munger-poor-charlie-talk-nine,5657,5893,74,2026-07-28T19:20:27.395Z,0,0,https://www.stripe.press/poor-charlies-almanack/talk-nine,b04fb7a7e24b5447ab529fd13446cb0b0b0344719046e550bff7f67f848f571b,c516eba176eb1b560fb3ff805b66d0a84ca4531c17cbddc5471ec6314d29e207
poor-charlies-almanack/_english-source/poor-charlies-almanack-talk-one.md,Poor Charlie's Almanack — Talk One: Harvard School Commencement Speech,poor-charlies-almanack,source-corpus,munger,false,false,speech-original-language,1986,en,unknown,,primary-transcript-original-language-candidate,candidate-source-version,芒格演讲英文对照底本，用于核校中文版本。,munger-poor-charlie-talk-one,13783,13793,84,2026-07-28T19:20:27.395Z,0,0,https://www.stripe.press/poor-charlies-almanack/talk-one,1206e7347d9f9a3b8562ad7f35e49253cbf705984027662084c0a4f5ddf0f025,f87e3144e17a56680aca1d9cf5a61018e3e74431c1f03bd54219b3fcd5a40e68
poor-charlies-almanack/_english-source/poor-charlies-almanack-talk-seven.md,Poor Charlie's Almanack — Talk Seven: Breakfast Meeting of the Philanthropy Roundtable,poor-charlies-almanack,source-corpus,munger,false,false,speech-original-language,2000,en,unknown,,primary-transcript-original-language-candidate,candidate-source-version,芒格演讲英文对照底本，用于核校中文版本。,munger-poor-charlie-talk-seven,6773,6825,66,2026-07-28T19:20:27.396Z,0,0,https://www.stripe.press/poor-charlies-almanack/talk-seven,9971179e3b182439595486a6f7331d136b16d86b169e9bdee4d394be08a49bb1,f01bc906a75b8b41b78a34c34f28554a0689f7af16576777ad85de99378a8c8b
poor-charlies-almanack/_english-source/poor-charlies-almanack-talk-six.md,Poor Charlie's Almanack — Talk Six: Investment Practices of Leading Charitable Foundations,poor-charlies-almanack,source-corpus,munger,true,false,speech-original-language,1998,en,unknown,,primary-transcript-original-language-candidate,candidate-source-version,芒格演讲英文对照底本，用于核校中文版本。,munger-poor-charlie-talk-six,8432,8468,78,2026-07-28T19:20:27.396Z,0,0,https://www.stripe.press/poor-charlies-almanack/talk-six,7417f98bf1aeb3858dc9d65ae18af33364d73f59be7b48af3b6d6ef44952821f,fcd6f0815fe48dec0120eacbcd5775e841190d6e68bb9acc6e6d61bdccf01d3d
poor-charlies-almanack/_english-source/poor-charlies-almanack-talk-ten.md,Talk Ten: USC Gould School of Law Commencement Address,poor-charlies-almanack,source-corpus,munger,true,false,speech-original-language,2007,en,unknown,,primary-transcript-original-language-candidate,candidate-source-version,芒格演讲英文对照底本，用于核校中文版本。,munger-poor-charlie-talk-ten,29895,29901,134,2026-07-28T19:20:27.396Z,0,0,https://www.stripe.press/poor-charlies-almanack/talk-ten,d1529508484267cbebe77f4d565f14f4995e38599d1fc08e367d12059840301f,e69835fb682d2ab9e7c4161dc6bfe687e92d4c57ed84c5218e511f4cb0d8e65f
poor-charlies-almanack/_english-source/poor-charlies-almanack-talk-three.md,"Poor Charlie's Almanack — Talk Three: A Lesson on Elementary, Worldly Wisdom as It Relates to Investment Management and Business",poor-charlies-almanack,source-corpus,munger,true,false,speech-original-language,1996,en,selection-or-excerpt,,primary-transcript-original-language-fragment,candidate-primary-review,英文文件自身说明为删节、摘要或未完整抓取，只能作网页定位线索，不能充当全文校核底本。,munger-poor-charlie-talk-three,31943,32021,192,2026-07-28T19:20:27.397Z,0,0,https://www.stripe.press/poor-charlies-almanack/talk-three,ba800d860cd52d961d49511d7d86dfcf3cc5121dc2d6eebe6fee63179d07df7c,05779ec8d33b0800e005faa7772cc7c481d265ec9dc571eb9f3175b47e5ca636
poor-charlies-almanack/_english-source/poor-charlies-almanack-talk-two.md,"Poor Charlie's Almanack — Talk Two: A Lesson on Elementary, Worldly Wisdom as It Relates to Investment Management and Business",poor-charlies-almanack,source-corpus,munger,false,false,speech-original-language,1994,en,unknown,,primary-transcript-original-language-candidate,candidate-source-version,芒格演讲英文对照底本，用于核校中文版本。,munger-poor-charlie-talk-two,27361,27685,298,2026-07-28T19:20:27.397Z,0,0,https://www.stripe.press/poor-charlies-almanack/talk-two,d49d391c154dea89313c74fc873d1f21984e7f9eae7a2f53d0d86d216f0b3bb2,9145528946fb3ad9fdda91bd2ef78c864d1bc5cbb27bb6b652675903ee99d2d6
poor-charlies-almanack/poor-charlies-almanack-talk-eight.md,芒格：2003 年的金融大丑闻,poor-charlies-almanack,source-corpus,munger,false,true,speech-translation,2003,zh,unknown,,primary-transcript-translation-candidate,candidate-primary-review,芒格演讲中文译文候选，但文件未证明自身为全文，需与英文底本逐篇比对。,munger-poor-charlie-talk-eight,9610,27111,104,2026-07-31T01:33:06.655Z,0,0,,faa3a2a67d49d76937797b16d4c22af9f6cd263467741c5c430e8679e75881b5,1a6e82a4350f11f1a903c016f39c8e2053bb1abf4d0fbc435fc7a0c45d3d77f2
poor-charlies-almanack/poor-charlies-almanack-talk-eleven.md,第十一讲：人类误判心理学,poor-charlies-almanack,source-corpus,munger,true,true,speech-translation,2005,zh,selection-or-excerpt,,primary-transcript-translation-candidate,candidate-include-selection,芒格演讲中文节选候选，需用英文对照底本核验删节边界。,munger-poor-charlie-talk-eleven,9227,26255,221,2026-07-31T01:33:06.655Z,0,0,https://www.stripe.press/poor-charlies-almanack/talk-eleven,04b41906bf392f2f031a8ac477175e5ce1cc18e2e89cc844796e45c16b318b71,0067787ed1870cbdb5608967dc2442ee522f10db355d337dfa32b413ee9a8214
poor-charlies-almanack/poor-charlies-almanack-talk-five.md,芒格：哈佛法学院演讲 1998,poor-charlies-almanack,source-corpus,munger,false,true,speech-translation,1998,zh,unknown,,primary-transcript-translation-candidate,candidate-primary-review,芒格演讲中文译文候选，但文件未证明自身为全文，需与英文底本逐篇比对。,munger-poor-charlie-talk-five,7420,21231,120,2026-07-31T01:33:06.655Z,0,0,,9c70a0159b276ddf48cfd3b74641a48b0bd34751555deca65bf57314388d05c6,14caf6fadb70c0f431a6685872a192f1984ce8cfe22162c94c29ca2cdf6bfdce
poor-charlies-almanack/poor-charlies-almanack-talk-four.md,芒格：关于实践思维的现实思考 1996,poor-charlies-almanack,source-corpus,munger,true,true,speech-translation,1996,zh,unknown,,primary-transcript-translation-candidate,candidate-primary-review,芒格演讲中文译文候选，但文件未证明自身为全文，需与英文底本逐篇比对。,munger-poor-charlie-talk-four,8547,24113,128,2026-07-31T01:33:06.656Z,0,0,,40c3afd2294532b836aee4c8184e19909816d940a6cdbe8639373f9f9b0497c8,766e559edee645e0751f553a4c32a19223e1b1d931a1c9a35e6567e287ee7867
poor-charlies-almanack/poor-charlies-almanack-talk-nine.md,芒格：论学院派经济学 2003,poor-charlies-almanack,source-corpus,munger,true,true,speech-translation,2003,zh,unknown,,primary-transcript-translation-candidate,candidate-primary-review,芒格演讲中文译文候选，但文件未证明自身为全文，需与英文底本逐篇比对。,munger-poor-charlie-talk-nine,29634,84635,332,2026-07-31T01:33:06.656Z,0,3,,f8597fe7029b26f39bae9d8f4dae8c0b9eca55c83a89b39e1f3ce983f3f7e729,25b794d381d3d9976f37888cbf41fdeabc3b1fe76300e9cdbf8b5f5d9dbaffca
poor-charlies-almanack/poor-charlies-almanack-talk-one.md,芒格：哈佛中学演讲 1986,poor-charlies-almanack,source-corpus,munger,false,true,speech-translation,1986,zh,unknown,,primary-transcript-translation-candidate,candidate-primary-review,芒格演讲中文译文候选，但文件未证明自身为全文，需与英文底本逐篇比对。,munger-poor-charlie-talk-one,4380,12837,52,2026-07-31T01:33:06.656Z,0,0,,0fffe56f1bc536202dcc3b59c15dd572cf4a626b752972d60101897c36f43e47,39e877374ac673b945e2ef75e1243ae1c280d48d2b05290734af21cda207da7a
poor-charlies-almanack/poor-charlies-almanack-talk-seven.md,芒格：慈善圆桌会议讲话 2000,poor-charlies-almanack,source-corpus,munger,false,true,speech-translation,2000,zh,selection-or-excerpt,,primary-transcript-translation-candidate,candidate-include-selection,芒格演讲中文节选候选，需用英文对照底本核验删节边界。,munger-poor-charlie-talk-seven,6559,18768,76,2026-07-31T01:33:06.656Z,0,0,,b72f5a87ab7254847f8651b53cd90691ed2ed975c39fdd6756bac4519d9736c8,01ed3d979cedf409b98fef73a2565f7a62e99779806cea5982f6d0c7d3ee9435
poor-charlies-almanack/poor-charlies-almanack-talk-six.md,芒格：财务总监联合会演讲 1998,poor-charlies-almanack,source-corpus,munger,true,true,speech-translation,1998,zh,unknown,,primary-transcript-translation-candidate,candidate-primary-review,芒格演讲中文译文候选，但文件未证明自身为全文，需与英文底本逐篇比对。,munger-poor-charlie-talk-six,6952,19992,80,2026-07-31T01:33:06.657Z,0,0,,2cae3161da61c43e02b5668720d76250c3a27122a433c4b2ceea6eda01fe0e21,c6f71f01d933c4820c21f5c78f2f7e265f3954d6f1d027c608155f40066aec7a
poor-charlies-almanack/poor-charlies-almanack-talk-ten.md,芒格：南加大法学院演讲 2007,poor-charlies-almanack,source-corpus,munger,true,true,speech-translation,2007,zh,unknown,,primary-transcript-translation-candidate,candidate-primary-review,芒格演讲中文译文候选，但文件未证明自身为全文，需与英文底本逐篇比对。,munger-poor-charlie-talk-ten,12957,37274,166,2026-08-02T02:41:14.698Z,0,0,,3d9884512f65e2f5015d48978d1c06f89449846c21307fc25382c4f73cbfbb14,f0d6a9b36655f4f00af70da0444cb752bcbb61daa4098988a61a62d8df1e9d05
poor-charlies-almanack/poor-charlies-almanack-talk-three.md,芒格：斯坦福法学院演讲 1996,poor-charlies-almanack,source-corpus,munger,true,true,speech-translation,1996,zh,unknown,,primary-transcript-translation-candidate,candidate-primary-review,芒格演讲中文译文候选，但文件未证明自身为全文，需与英文底本逐篇比对。,munger-poor-charlie-talk-three,28570,83118,420,2026-07-31T01:33:06.657Z,0,31,,c532cd572964277a6a9a76bff6e80224e228355b62d718007a577fa1bf2b7536,fbf1c36b3b2e636a3ccb0ba2ab1add3d1039a8ccd339f9ab6f3671d9c99185e9
poor-charlies-almanack/poor-charlies-almanack-talk-two.md,芒格：南加大商学院演讲 1994,poor-charlies-almanack,source-corpus,munger,true,true,speech-translation,1994,zh,unknown,,primary-transcript-translation-candidate,candidate-primary-review,芒格演讲中文译文候选，但文件未证明自身为全文，需与英文底本逐篇比对。,munger-poor-charlie-talk-two,25330,73366,370,2026-07-31T01:33:06.657Z,0,0,,3f9a215c41e5a6aee90f95c3f17c4616d458e12045c07e7d253096e58ff17538,23b5c6e4bf1be622ecb0cf0763dded7465fdb2bef4155b782e7b10f50c6824d3
